0.00458333333333333,-0.0257492065429688
0.01125,-0.026702880859375
0.0179166666666667,-0.0281333923339844
0.0245833333333333,-0.0286102294921875
0.03125,-0.0286102294921875
0.0379166666666667,-0.0286102294921875
0.0445833333333333,-0.0286102294921875
0.05125,-0.0276565551757813
0.0579166666666667,-0.0262260437011719
0.0645833333333333,-0.0262260437011719
0.07125,-0.0276565551757813
0.0779166666666667,-0.0290870666503906
0.0845833333333333,-0.0300407409667969
0.09125,-0.0309944152832031
0.0979166666666667,-0.0319480895996094
0.104583333333333,-0.0324249267578125
0.11125,-0.0314712524414063
0.117916666666667,-0.0295639038085938
0.124583333333333,-0.0281333923339844
0.13125,-0.0276565551757813
0.137916666666667,-0.0271797180175781
0.144583333333333,-0.0271797180175781
0.15125,-0.0276565551757813
0.157916666666667,-0.0281333923339844
0.164583333333333,-0.0281333923339844
0.17125,-0.0276565551757813
0.177916666666667,-0.026702880859375
0.184583333333333,-0.0247955322265625
0.19125,-0.02288818359375
0.197916666666667,-0.0219345092773438
0.204583333333333,-0.0224113464355469
0.21125,-0.0233650207519531
0.217916666666667,-0.0247955322265625
0.224583333333333,-0.0262260437011719
0.23125,-0.0276565551757813
0.237916666666667,-0.0286102294921875
0.244583333333333,-0.0281333923339844
0.25125,-0.0290870666503906
0.257916666666667,-0.0300407409667969
0.264583333333333,-0.0314712524414063
0.27125,-0.0329017639160156
0.277916666666667,-0.0338554382324219
0.284583333333333,-0.034332275390625
0.29125,-0.034332275390625
0.297916666666667,-0.0338554382324219
0.304583333333333,-0.0329017639160156
0.31125,-0.0314712524414063
0.317916666666667,-0.030517578125
0.324583333333333,-0.0295639038085938
0.33125,-0.0290870666503906
0.337916666666667,-0.0286102294921875
0.344583333333333,-0.0286102294921875
0.35125,-0.0300407409667969
0.357916666666667,-0.0319480895996094
0.364583333333333,-0.0338554382324219
0.37125,-0.0348091125488281
0.377916666666667,-0.0352859497070313
0.384583333333333,-0.0348091125488281
0.39125,-0.0338554382324219
0.397916666666667,-0.0324249267578125
0.404583333333333,-0.030517578125
0.41125,-0.0295639038085938
0.417916666666667,-0.030517578125
0.424583333333333,-0.0319480895996094
0.43125,-0.0324249267578125
0.437916666666667,-0.0338554382324219
0.444583333333333,-0.0357627868652344
0.45125,-0.0376701354980469
0.457916666666667,-0.0386238098144531
0.464583333333333,-0.0391006469726563
0.47125,-0.0391006469726563
0.477916666666667,-0.03814697265625
0.484583333333333,-0.0376701354980469
0.49125,-0.0367164611816406
0.497916666666667,-0.0352859497070313
0.504583333333333,-0.0333786010742188
0.51125,-0.0314712524414063
0.517916666666667,-0.0309944152832031
0.524583333333333,-0.0300407409667969
0.53125,-0.0290870666503906
0.537916666666667,-0.0290870666503906
0.544583333333333,-0.030517578125
0.55125,-0.0333786010742188
0.557916666666667,-0.0362396240234375
0.564583333333333,-0.0386238098144531
0.57125,-0.0400543212890625
0.577916666666667,-0.0400543212890625
0.584583333333333,-0.03814697265625
0.59125,-0.0352859497070313
0.597916666666667,-0.0324249267578125
0.604583333333333,-0.0300407409667969
0.61125,-0.0286102294921875
0.617916666666667,-0.0281333923339844
0.624583333333333,-0.0286102294921875
0.63125,-0.0300407409667969
0.637916666666667,-0.0314712524414063
0.644583333333333,-0.0314712524414063
0.65125,-0.0314712524414063
0.657916666666667,-0.0309944152832031
0.664583333333333,-0.0300407409667969
0.67125,-0.0290870666503906
0.677916666666667,-0.0286102294921875
0.684583333333333,-0.0281333923339844
0.69125,-0.0281333923339844
0.697916666666667,-0.0290870666503906
0.704583333333333,-0.0290870666503906
0.71125,-0.0290870666503906
0.717916666666667,-0.0290870666503906
0.724583333333333,-0.0295639038085938
0.73125,-0.030517578125
0.737916666666667,-0.0309944152832031
0.744583333333333,-0.030517578125
0.75125,-0.0300407409667969
0.757916666666667,-0.0290870666503906
0.764583333333333,-0.0281333923339844
0.77125,-0.0276565551757813
0.777916666666667,-0.0271797180175781
0.784583333333333,-0.0276565551757813
0.79125,-0.0281333923339844
0.797916666666667,-0.0290870666503906
0.804583333333333,-0.0286102294921875
0.81125,-0.0271797180175781
0.817916666666667,-0.0247955322265625
0.824583333333333,-0.02288818359375
0.83125,-0.0214576721191406
0.837916666666667,-0.0205039978027344
0.844583333333333,-0.0200271606445313
0.85125,-0.0205039978027344
0.857916666666667,-0.0219345092773438
0.864583333333333,-0.02288818359375
0.87125,-0.0233650207519531
0.877916666666667,-0.0238418579101563
0.884583333333333,-0.0238418579101563
0.89125,-0.0243186950683594
0.897916666666667,-0.0243186950683594
0.904583333333333,-0.0247955322265625
0.91125,-0.0262260437011719
0.917916666666667,-0.0276565551757813
0.924583333333333,-0.0281333923339844
0.93125,-0.0281333923339844
0.937916666666667,-0.0271797180175781
0.944583333333333,-0.0247955322265625
0.95125,-0.0214576721191406
0.957916666666667,-0.019073486328125
0.964583333333333,-0.0181198120117188
0.97125,-0.0176429748535156
0.977916666666667,-0.0181198120117188
0.984583333333333,-0.0195503234863281
0.99125,-0.0214576721191406
0.997916666666667,-0.02288818359375
1.00458333333333,-0.0224113464355469
1.01125,-0.0219345092773438
1.01791666666667,-0.0214576721191406
1.02458333333333,-0.0214576721191406
1.03125,-0.0214576721191406
1.03791666666667,-0.0219345092773438
1.04458333333333,-0.02288818359375
1.05125,-0.0233650207519531
1.05791666666667,-0.0233650207519531
1.06458333333333,-0.0233650207519531
1.07125,-0.0233650207519531
1.07791666666667,-0.0219345092773438
1.08458333333333,-0.0205039978027344
1.09125,-0.0200271606445313
1.09791666666667,-0.0195503234863281
1.10458333333333,-0.019073486328125
1.11125,-0.019073486328125
1.11791666666667,-0.0209808349609375
1.12458333333333,-0.02288818359375
1.13125,-0.0238418579101563
1.13791666666667,-0.0238418579101563
1.14458333333333,-0.02288818359375
1.15125,-0.0219345092773438
1.15791666666667,-0.0205039978027344
1.16458333333333,-0.019073486328125
1.17125,-0.0185966491699219
1.17791666666667,-0.019073486328125
1.18458333333333,-0.0209808349609375
1.19125,-0.02288818359375
1.19791666666667,-0.0233650207519531
1.20458333333333,-0.0233650207519531
1.21125,-0.02288818359375
1.21791666666667,-0.02288818359375
1.22458333333333,-0.0224113464355469
1.23125,-0.0209808349609375
1.23791666666667,-0.0195503234863281
1.24458333333333,-0.019073486328125
1.25125,-0.0181198120117188
1.25791666666667,-0.0176429748535156
1.26458333333333,-0.0166893005371094
1.27125,-0.0157356262207031
1.27791666666667,-0.0147819519042969
1.28458333333333,-0.0143051147460938
1.29125,-0.0133514404296875
1.29791666666667,-0.0119209289550781
1.30458333333333,-0.0109672546386719
1.31125,-0.0100135803222656
1.31791666666667,-0.00905990600585938
1.32458333333333,-0.00905990600585938
1.33125,-0.0095367431640625
1.33791666666667,-0.0100135803222656
1.34458333333333,-0.0109672546386719
1.35125,-0.0123977661132813
1.35791666666667,-0.0138282775878906
1.36458333333333,-0.0152587890625
1.37125,-0.0157356262207031
1.37791666666667,-0.0152587890625
1.38458333333333,-0.0133514404296875
1.39125,-0.0119209289550781
1.39791666666667,-0.0095367431640625
1.40458333333333,-0.00762939453125
1.41125,-0.00667572021484375
1.41791666666667,-0.0057220458984375
1.42458333333333,-0.00429153442382813
1.43125,-0.00286102294921875
1.43791666666667,-0.00238418579101563
1.44458333333333,-0.00286102294921875
1.45125,-0.00286102294921875
1.45791666666667,-0.00238418579101563
1.46458333333333,-0.00238418579101563
1.47125,-0.00238418579101563
1.47791666666667,-0.00143051147460938
1.48458333333333,0.000476837158203125
1.49125,0.0019073486328125
1.49791666666667,0.00286102294921875
1.50458333333333,0.00238418579101563
1.51125,0.0019073486328125
1.51791666666667,0.00238418579101563
1.52458333333333,0.00286102294921875
1.53125,0.00333786010742188
1.53791666666667,0.003814697265625
1.54458333333333,0.00619888305664063
1.55125,0.0095367431640625
1.55791666666667,0.0143051147460938
1.56458333333333,0.0243186950683594
1.57125,0.0476837158203125
1.57791666666667,0.102996826171875
1.58458333333333,0.215530395507813
1.59125,0.407695770263672
1.59791666666667,0.67901611328125
1.60458333333333,0.998020172119141
1.61125,1.31416320800781
1.61791666666667,1.57356262207031
1.62458333333333,1.73187255859375
1.63125,1.76715850830078
1.63791666666667,1.68561935424805
1.64458333333333,1.52349472045898
1.65125,1.33085250854492
1.65791666666667,1.14679336547852
1.66458333333333,0.992298126220703
1.67125,0.871658325195313
1.67791666666667,0.779628753662109
1.68458333333333,0.710010528564453
1.69125,0.657558441162109
1.69791666666667,0.618457794189453
1.70458333333333,0.590324401855469
1.71125,0.570297241210938
1.71791666666667,0.555515289306641
1.72458333333333,0.546455383300781
1.73125,0.540256500244141
1.73791666666667,0.537395477294922
1.74458333333333,0.535011291503906
1.75125,0.534534454345703
1.75791666666667,0.536441802978516
1.76458333333333,0.540256500244141
1.77125,0.545978546142578
1.77791666666667,0.553131103515625
1.78458333333333,0.562191009521484
1.79125,0.573158264160156
1.79791666666667,0.584602355957031
1.80458333333333,0.595569610595703
1.81125,0.607967376708984
1.81791666666667,0.619888305664063
1.82458333333333,0.631809234619141
1.83125,0.643253326416016
1.83791666666667,0.655174255371094
1.84458333333333,0.667095184326172
1.85125,0.67901611328125
1.85791666666667,0.691413879394531
1.86458333333333,0.705242156982422
1.87125,0.720500946044922
1.87791666666667,0.737667083740234
1.88458333333333,0.755786895751953
1.89125,0.777244567871094
1.89791666666667,0.801563262939453
1.90458333333333,0.828266143798828
1.91125,0.856876373291016
1.91791666666667,0.885963439941406
1.92458333333333,0.91552734375
1.93125,0.943660736083984
1.93791666666667,0.971794128417969
1.94458333333333,0.999927520751953
1.95125,1.02996826171875
1.95791666666667,1.06096267700195
1.96458333333333,1.09100341796875
1.97125,1.11961364746094
1.97791666666667,1.1444091796875
1.98458333333333,1.16252899169922
1.99125,1.17397308349609
1.99791666666667,1.17969512939453
2.00458333333333,1.18255615234375
2.01125,1.18303298950195
2.01791666666667,1.18398666381836
2.02458333333333,1.18875503540039
2.03125,1.20019912719727
2.03791666666667,1.2211799621582
2.04458333333333,1.25455856323242
2.05125,1.30319595336914
2.05791666666667,1.37186050415039
2.06458333333333,1.46627426147461
2.07125,1.59311294555664
2.07791666666667,1.7542839050293
2.08458333333333,1.93548202514648
2.09125,2.11381912231445
2.09791666666667,2.27117538452148
2.10458333333333,2.39896774291992
2.11125,2.49052047729492
2.11791666666667,2.54249572753906
2.12458333333333,2.56490707397461
2.13125,2.5782585144043
2.13791666666667,2.59637832641602
2.14458333333333,2.62212753295898
2.15125,2.6545524597168
2.15791666666667,2.69412994384766
2.16458333333333,2.74276733398438
2.17125,2.79951095581055
2.17791666666667,2.86149978637695
2.18458333333333,2.92301177978516
2.19125,2.97832489013672
2.19791666666667,3.02219390869141
2.20458333333333,3.05271148681641
2.21125,3.06987762451172
2.21791666666667,3.07846069335938
2.22458333333333,3.08561325073242
2.23125,3.10182571411133
2.23791666666667,3.13901901245117
2.24458333333333,3.20577621459961
2.25125,3.30686569213867
2.25791666666667,3.44657897949219
2.26458333333333,3.62873077392578
2.27125,3.85856628417969
2.27791666666667,4.13799285888672
2.28458333333333,4.46605682373047
2.29125,4.83512878417969
2.29791666666667,5.22899627685547
2.30458333333333,5.62810897827148
2.31125,6.01291656494141
2.31791666666667,6.37483596801758
2.32458333333333,6.72149658203125
2.33125,7.08103179931641
2.33791666666667,7.48777389526367
2.34458333333333,7.93886184692383
2.35125,8.38327407836914
2.35791666666667,8.76140594482422
2.36458333333333,9.01603698730469
2.37125,9.10043716430664
2.37791666666667,8.98122787475586
2.38458333333333,8.69417190551758
2.39125,8.33892822265625
2.39791666666667,7.99417495727539
2.40458333333333,7.63368606567383
2.41125,7.1558952331543
2.41791666666667,6.42633438110352
2.42458333333333,5.39398193359375
2.43125,4.1356086730957
2.43791666666667,2.84528732299805
2.44458333333333,1.83820724487305
2.45125,1.38616561889648
2.45791666666667,1.63555145263672
2.46458333333333,2.47573852539063
2.47125,3.58104705810547
2.47791666666667,4.59814071655273
2.48458333333333,5.2800178527832
2.49125,5.57899475097656
2.49791666666667,5.57661056518555
2.50458333333333,5.43403625488281
2.51125,5.32913208007813
2.51791666666667,5.34296035766602
2.52458333333333,5.4173469543457
2.53125,5.42354583740234
2.53791666666667,5.28573989868164
2.54458333333333,4.99534606933594
2.55125,4.57906723022461
2.55791666666667,4.11415100097656
2.56458333333333,3.67832183837891
2.57125,3.31687927246094
2.57791666666667,3.06034088134766
2.58458333333333,2.93922424316406
2.59125,2.93445587158203
2.59791666666667,2.95734405517578
2.60458333333333,2.94065475463867
2.61125,2.88629531860352
2.61791666666667,2.79092788696289
2.62458333333333,2.63833999633789
2.63125,2.4571418762207
2.63791666666667,2.3193359375
2.64458333333333,2.27451324462891
2.65125,2.31075286865234
2.65791666666667,2.39419937133789
2.66458333333333,2.50577926635742
2.67125,2.64692306518555
2.67791666666667,2.83336639404297
2.68458333333333,3.07989120483398
2.69125,3.37553024291992
2.69791666666667,3.66926193237305
2.70458333333333,3.89766693115234
2.71125,4.01735305786133
2.71791666666667,4.0125846862793
2.72458333333333,3.88383865356445
2.73125,3.65304946899414
2.73791666666667,3.37362289428711
2.74458333333333,3.10850143432617
2.75125,2.89392471313477
2.75791666666667,2.72989273071289
2.76458333333333,2.59971618652344
2.77125,2.49099731445313
2.77791666666667,2.39706039428711
2.78458333333333,2.31790542602539
2.79125,2.25591659545898
2.79791666666667,2.21395492553711
2.80458333333333,2.19011306762695
2.81125,2.18343734741211
2.81791666666667,2.19058990478516
2.82458333333333,2.21014022827148
2.83125,2.23731994628906
2.83791666666667,2.26736068725586
2.84458333333333,2.29835510253906
2.85125,2.33030319213867
2.85791666666667,2.36272811889648
2.86458333333333,2.39467620849609
2.87125,2.42519378662109
2.87791666666667,2.45523452758789
2.88458333333333,2.4871826171875
2.89125,2.52246856689453
2.89791666666667,2.56252288818359
2.90458333333333,2.60686874389648
2.91125,2.655029296875
2.91791666666667,2.70557403564453
2.92458333333333,2.75611877441406
2.93125,2.80427932739258
2.93791666666667,2.84719467163086
2.94458333333333,2.88677215576172
2.95125,2.92396545410156
2.95791666666667,2.96163558959961
2.96458333333333,3.00121307373047
2.97125,3.04603576660156
2.97791666666667,3.0975341796875
2.98458333333333,3.15523147583008
2.99125,3.21865081787109
2.99791666666667,3.28874588012695
3.00458333333333,3.36694717407227
3.01125,3.45230102539063
3.01791666666667,3.5395622253418
3.02458333333333,3.62491607666016
3.03125,3.70264053344727
3.03791666666667,3.7693977355957
3.04458333333333,3.82328033447266
3.05125,3.87287139892578
3.05791666666667,3.94535064697266
3.06458333333333,4.09555435180664
3.07125,4.42695617675781
3.07791666666667,5.21469116210938
3.08458333333333,7.19690322875977
3.09125,11.5909576416016
3.09791666666667,19.7257995605469
3.10458333333333,32.7916145324707
3.11125,51.6757965087891
3.11791666666667,75.9696960449219
3.12458333333333,102.462768554688
3.13125,125.364780426025
3.13791666666667,139.041423797607
3.14458333333333,140.722751617432
3.15125,130.681037902832
3.15791666666667,111.381530761719
3.16458333333333,87.0556831359863
3.17125,63.1370544433594
3.17791666666667,44.2719459533691
3.18458333333333,32.1483612060547
3.19125,25.5608558654785
3.19791666666667,22.1767425537109
3.20458333333333,20.2102661132813
3.21125,18.770694732666
3.21791666666667,17.484188079834
3.22458333333333,16.2038803100586
3.23125,14.8968696594238
3.23791666666667,13.5922431945801
3.24458333333333,12.3400688171387
3.25125,11.1846923828125
3.25791666666667,10.1494789123535
3.26458333333333,9.23871994018555
3.27125,8.44097137451172
3.27791666666667,7.73811340332031
3.28458333333333,7.11297988891602
3.29125,6.54840469360352
3.29791666666667,6.03437423706055
3.30458333333333,5.56564331054688
3.31125,5.14030456542969
3.31791666666667,4.75692749023438
3.32458333333333,4.41551208496094
3.33125,4.11319732666016
3.33791666666667,3.84712219238281
3.34458333333333,3.61347198486328
3.35125,3.40700149536133
3.35791666666667,3.22294235229492
3.36458333333333,3.05700302124023
3.37125,2.90584564208984
3.37791666666667,2.76803970336914
3.38458333333333,2.64120101928711
3.39125,2.52294540405273
3.39791666666667,2.410888671875
3.40458333333333,2.30550765991211
3.41125,2.20632553100586
3.41791666666667,2.11286544799805
3.42458333333333,2.02608108520508
3.43125,1.94406509399414
3.43791666666667,1.86824798583984
3.44458333333333,1.79815292358398
3.45125,1.73377990722656
3.45791666666667,1.67417526245117
3.46458333333333,1.617431640625
3.47125,1.56402587890625
3.47791666666667,1.51395797729492
3.48458333333333,1.46627426147461
3.49125,1.42145156860352
3.49791666666667,1.37901306152344
3.50458333333333,1.33895874023438
3.51125,1.30033493041992
3.51791666666667,1.26266479492188
3.52458333333333,1.22642517089844
3.53125,1.1897087097168
3.53791666666667,1.15299224853516
3.54458333333333,1.11675262451172
3.55125,1.08242034912109
3.55791666666667,1.05094909667969
3.56458333333333,1.0218620300293
3.57125,0.996112823486328
3.57791666666667,0.973701477050781
3.58458333333333,0.95367431640625
3.59125,0.936985015869141
3.59791666666667,0.92315673828125
3.60458333333333,0.911712646484375
3.61125,0.901699066162109
3.61791666666667,0.893592834472656
3.62458333333333,0.887870788574219
3.63125,0.885963439941406
3.63791666666667,0.885009765625
3.64458333333333,0.885486602783203
3.65125,0.887393951416016
3.65791666666667,0.891685485839844
3.66458333333333,0.897407531738281
3.67125,0.903606414794922
3.67791666666667,0.909328460693359
3.68458333333333,0.91552734375
3.69125,0.922203063964844
3.69791666666667,0.929355621337891
3.70458333333333,0.935554504394531
3.71125,0.941276550292969
3.71791666666667,0.946998596191406
3.72458333333333,0.953197479248047
3.73125,0.959873199462891
3.73791666666667,0.967502593994141
3.74458333333333,0.9765625
3.75125,0.986099243164063
3.75791666666667,0.996112823486328
3.76458333333333,1.00564956665039
3.77125,1.01518630981445
3.77791666666667,1.02376937866211
3.78458333333333,1.03139877319336
3.79125,1.03855133056641
3.79791666666667,1.04522705078125
3.80458333333333,1.0523796081543
3.81125,1.05953216552734
3.81791666666667,1.06573104858398
3.82458333333333,1.07097625732422
3.83125,1.07669830322266
3.83791666666667,1.0828971862793
3.84458333333333,1.08861923217773
3.85125,1.09338760375977
3.85791666666667,1.0986328125
3.86458333333333,1.10530853271484
3.87125,1.1134147644043
3.87791666666667,1.12104415893555
3.88458333333333,1.12771987915039
3.89125,1.13344192504883
3.89791666666667,1.13964080810547
3.90458333333333,1.14583969116211
3.91125,1.15203857421875
3.91791666666667,1.15823745727539
3.92458333333333,1.16491317749023
3.93125,1.17206573486328
3.93791666666667,1.17874145507813
3.94458333333333,1.18494033813477
3.95125,1.190185546875
3.95791666666667,1.19590759277344
3.96458333333333,1.20162963867188
3.97125,1.20830535888672
3.97791666666667,1.21498107910156
3.98458333333333,1.220703125
3.99125,1.22594833374023
3.99791666666667,1.23119354248047
4.00458333333333,1.2364387512207
4.01125,1.24168395996094
4.01791666666667,1.24692916870117
4.02458333333333,1.251220703125
4.03125,1.25646591186523
4.03791666666667,1.26171112060547
4.04458333333333,1.26743316650391
4.05125,1.27220153808594
4.05791666666667,1.27744674682617
4.06458333333333,1.28316879272461
4.07125,1.28936767578125
4.07791666666667,1.29604339599609
4.08458333333333,1.30367279052734
4.09125,1.312255859375
4.09791666666667,1.32179260253906
4.10458333333333,1.33180618286133
4.11125,1.34181976318359
4.11791666666667,1.35183334350586
4.12458333333333,1.36184692382813
4.13125,1.3728141784668
4.13791666666667,1.38378143310547
4.14458333333333,1.39522552490234
4.15125,1.40714645385742
4.15791666666667,1.4185905456543
4.16458333333333,1.42908096313477
4.17125,1.44004821777344
4.17791666666667,1.4500617980957
4.18458333333333,1.46007537841797
4.19125,1.47056579589844
4.19791666666667,1.48200988769531
4.20458333333333,1.49440765380859
4.21125,1.50728225708008
4.21791666666667,1.52063369750977
4.22458333333333,1.53350830078125
4.23125,1.54638290405273
4.23791666666667,1.55878067016602
4.24458333333333,1.57022476196289
4.25125,1.58071517944336
4.25791666666667,1.59215927124023
4.26458333333333,1.60455703735352
4.27125,1.61600112915039
4.27791666666667,1.62696838378906
4.28458333333333,1.63841247558594
4.29125,1.65033340454102
4.29791666666667,1.66225433349609
4.30458333333333,1.67274475097656
4.31125,1.68323516845703
4.31791666666667,1.6942024230957
4.32458333333333,1.70612335205078
4.33125,1.71804428100586
4.33791666666667,1.72853469848633
4.34458333333333,1.7390251159668
4.35125,1.74999237060547
4.35791666666667,1.76095962524414
4.36458333333333,1.77097320556641
4.37125,1.77907943725586
4.37791666666667,1.78670883178711
4.38458333333333,1.79386138916016
4.39125,1.8000602722168
4.39791666666667,1.80482864379883
4.40458333333333,1.80816650390625
4.41125,1.81102752685547
4.41791666666667,1.81341171264648
4.42458333333333,1.8157958984375
4.43125,1.81722640991211
4.43791666666667,1.81961059570313
4.44458333333333,1.82342529296875
4.45125,1.82723999023438
4.45791666666667,1.83200836181641
4.46458333333333,1.83582305908203
4.47125,1.83963775634766
4.47791666666667,1.84297561645508
4.48458333333333,1.8463134765625
4.49125,1.84965133666992
4.49791666666667,1.85298919677734
4.50458333333333,1.85632705688477
4.51125,1.85966491699219
4.51791666666667,1.8620491027832
4.52458333333333,1.86300277709961
4.53125,1.86347961425781
4.53791666666667,1.86395645141602
4.54458333333333,1.86491012573242
4.55125,1.86681747436523
4.55791666666667,1.86872482299805
4.56458333333333,1.87158584594727
4.57125,1.87492370605469
4.57791666666667,1.87873840332031
4.58458333333333,1.88302993774414
4.59125,1.88732147216797
4.59791666666667,1.8925666809082
4.60458333333333,1.89876556396484
4.61125,1.90544128417969
4.61791666666667,1.91164016723633
4.62458333333333,1.91783905029297
4.63125,1.92403793334961
4.63791666666667,1.92928314208984
4.64458333333333,1.93452835083008
4.65125,1.93929672241211
4.65791666666667,1.94454193115234
4.66458333333333,1.94978713989258
4.67125,1.953125
4.67791666666667,1.95550918579102
4.68458333333333,1.95741653442383
4.69125,1.95837020874023
4.69791666666667,1.95741653442383
4.70458333333333,1.95503234863281
4.71125,1.953125
4.71791666666667,1.95217132568359
4.72458333333333,1.95217132568359
4.73125,1.953125
4.73791666666667,1.95550918579102
4.74458333333333,1.96075439453125
4.75125,1.9683837890625
4.75791666666667,1.97696685791016
4.76458333333333,1.98650360107422
4.77125,1.99794769287109
4.77791666666667,2.01129913330078
4.78458333333333,2.02655792236328
4.79125,2.0442008972168
4.79791666666667,2.06422805786133
4.80458333333333,2.08711624145508
4.81125,2.11286544799805
4.81791666666667,2.14099884033203
4.82458333333333,2.17151641845703
4.83125,2.20537185668945
4.83791666666667,2.2430419921875
4.84458333333333,2.28452682495117
4.85125,2.32887268066406
4.85791666666667,2.37703323364258
4.86458333333333,2.42805480957031
4.87125,2.48098373413086
4.87791666666667,2.53582000732422
4.88458333333333,2.59304046630859
4.89125,2.65312194824219
4.89791666666667,2.7165412902832
4.90458333333333,2.78186798095703
4.91125,2.85005569458008
4.91791666666667,2.92158126831055
4.92458333333333,2.99644470214844
4.93125,3.07321548461914
4.93791666666667,3.15141677856445
4.94458333333333,3.23200225830078
4.95125,3.31449508666992
4.95791666666667,3.39794158935547
4.96458333333333,3.48329544067383
4.97125,3.57151031494141
4.97791666666667,3.6625862121582
4.98458333333333,3.75461578369141
4.99125,3.84759902954102
4.99791666666667,3.94058227539063
5.00458333333333,4.03404235839844
5.01125,4.12750244140625
5.01791666666667,4.22143936157227
5.02458333333333,4.31728363037109
5.03125,4.41455841064453
5.03791666666667,4.51231002807617
5.04458333333333,4.60958480834961
5.05125,4.70542907714844
5.05791666666667,4.79745864868164
5.06458333333333,4.88662719726563
5.07125,4.97293472290039
5.07791666666667,5.05590438842773
5.08458333333333,5.13553619384766
5.09125,5.21230697631836
5.09791666666667,5.28669357299805
5.10458333333333,5.35869598388672
5.11125,5.42736053466797
5.11791666666667,5.4931640625
5.12458333333333,5.55753707885742
5.13125,5.62143325805664
5.13791666666667,5.68389892578125
5.14458333333333,5.74636459350586
5.15125,5.80883026123047
5.15791666666667,5.87177276611328
5.16458333333333,5.93471527099609
5.17125,5.99908828735352
5.17791666666667,6.06393814086914
5.18458333333333,6.13021850585938
5.19125,6.19792938232422
5.19791666666667,6.26754760742188
5.20458333333333,6.33955001831055
5.21125,6.41393661499023
5.21791666666667,6.49070739746094
5.22458333333333,6.57033920288086
5.23125,6.65283203125
5.23791666666667,6.73866271972656
5.24458333333333,6.82735443115234
5.25125,6.91795349121094
5.25791666666667,7.01189041137695
5.26458333333333,7.10773468017578
5.27125,7.20643997192383
5.27791666666667,7.30657577514648
5.28458333333333,7.40814208984375
5.29125,7.50970840454102
5.29791666666667,7.61175155639648
5.30458333333333,7.71284103393555
5.31125,7.81393051147461
5.31791666666667,7.91358947753906
5.32458333333333,8.01181793212891
5.33125,8.10623168945313
5.33791666666667,8.19540023803711
5.34458333333333,8.27741622924805
5.35125,8.35037231445313
5.35791666666667,8.41283798217773
5.36458333333333,8.46481323242188
5.37125,8.50439071655273
5.37791666666667,8.53204727172852
5.38458333333333,8.54635238647461
5.39125,8.54587554931641
5.39791666666667,8.52870941162109
5.40458333333333,8.49390029907227
5.41125,8.44240188598633
5.41791666666667,8.37516784667969
5.42458333333333,8.29124450683594
5.43125,8.19206237792969
5.43791666666667,8.07762145996094
5.44458333333333,7.9498291015625
5.45125,7.80773162841797
5.45791666666667,7.65323638916016
5.46458333333333,7.48825073242188
5.47125,7.31515884399414
5.47791666666667,7.13634490966797
5.48458333333333,6.95323944091797
5.49125,6.76679611206055
5.49791666666667,6.57892227172852
5.50458333333333,6.39104843139648
5.51125,6.20460510253906
5.51791666666667,6.02102279663086
5.52458333333333,5.84125518798828
5.53125,5.66720962524414
5.53791666666667,5.50127029418945
5.54458333333333,5.34439086914063
5.55125,5.19609451293945
5.55791666666667,5.05733489990234
5.56458333333333,4.9281120300293
5.57125,4.80985641479492
5.57791666666667,4.70161437988281
5.58458333333333,4.60433959960938
5.59125,4.51803207397461
5.59791666666667,4.44269180297852
5.60458333333333,4.37784194946289
5.61125,4.32252883911133
5.61791666666667,4.27579879760742
5.62458333333333,4.23574447631836
5.63125,4.20093536376953
5.63791666666667,4.16898727416992
5.64458333333333,4.13894653320313
5.65125,4.11128997802734
5.65791666666667,4.08267974853516
5.66458333333333,4.05311584472656
5.67125,4.02164459228516
5.67791666666667,3.98778915405273
5.68458333333333,3.9515495300293
5.69125,3.91292572021484
5.69791666666667,3.87096405029297
5.70458333333333,3.82804870605469
5.71125,3.78561019897461
5.71791666666667,3.74603271484375
5.72458333333333,3.71122360229492
5.73125,3.68165969848633
5.73791666666667,3.66020202636719
5.74458333333333,3.64828109741211
5.75125,3.64780426025391
5.75791666666667,3.66067886352539
5.76458333333333,3.69024276733398
5.77125,3.7384033203125
5.77791666666667,3.80659103393555
5.78458333333333,3.89623641967773
5.79125,4.00829315185547
5.79791666666667,4.14371490478516
5.80458333333333,4.3034553527832
5.81125,4.4865608215332
5.81791666666667,4.69493865966797
5.82458333333333,4.9281120300293
5.83125,5.18512725830078
5.83791666666667,5.46550750732422
5.84458333333333,5.76639175415039
5.85125,6.08587265014648
5.85791666666667,6.41918182373047
5.86458333333333,6.76345825195313
5.87125,7.11488723754883
5.87791666666667,7.46726989746094
5.88458333333333,7.81726837158203
5.89125,8.15963745117188
5.89791666666667,8.49151611328125
5.90458333333333,8.80765914916992
5.91125,9.10377502441406
5.91791666666667,9.37747955322266
5.92458333333333,9.62591171264648
5.93125,9.84764099121094
5.93791666666667,10.0407600402832
5.94458333333333,10.2062225341797
5.95125,10.3459358215332
5.95791666666667,10.4637145996094
5.96458333333333,10.5657577514648
5.97125,10.6592178344727
5.97791666666667,10.7526779174805
5.98458333333333,10.8551979064941
5.99125,10.9763145446777
5.99791666666667,11.1279487609863
6.00458333333333,11.3191604614258
6.01125,11.561393737793
6.01791666666667,11.8632316589355
6.02458333333333,12.2346878051758
6.03125,12.6819610595703
6.03791666666667,13.2079124450684
6.04458333333333,13.8139724731445
6.05125,14.4953727722168
6.05791666666667,15.2468681335449
6.06458333333333,16.0565376281738
6.07125,16.9100761413574
6.07791666666667,17.7912712097168
6.08458333333333,18.679141998291
6.09125,19.5522308349609
6.09791666666667,20.3852653503418
6.10458333333333,21.1539268493652
6.11125,21.8324661254883
6.11791666666667,22.3965644836426
6.12458333333333,22.824764251709
6.13125,23.0984687805176
6.13791666666667,23.2057571411133
6.14458333333333,23.1389999389648
6.15125,22.8972434997559
6.15791666666667,22.4871635437012
6.16458333333333,21.9221115112305
6.17125,21.2211608886719
6.17791666666667,20.4076766967773
6.18458333333333,19.5093154907227
6.19125,18.5546875
6.19791666666667,17.5738334655762
6.20458333333333,16.5948867797852
6.21125,15.6426429748535
6.21791666666667,14.7414207458496
6.22458333333333,13.911247253418
6.23125,13.1697654724121
6.23791666666667,12.5293731689453
6.24458333333333,12.0010375976563
6.25125,11.5933418273926
6.25791666666667,11.3124847412109
6.26458333333333,11.1656188964844
6.27125,11.1594200134277
6.27791666666667,11.3029479980469
6.28458333333333,11.6086006164551
6.29125,12.0892524719238
6.29791666666667,12.761116027832
6.30458333333333,13.6418342590332
6.31125,14.7519111633301
6.31791666666667,16.1123275756836
6.32458333333333,17.7412033081055
6.33125,19.6542739868164
6.33791666666667,21.8653678894043
6.34458333333333,24.3797302246094
6.35125,27.1954536437988
6.35791666666667,30.2977561950684
6.36458333333333,33.658504486084
6.37125,37.236213684082
6.37791666666667,40.9774780273438
6.38458333333333,44.8141098022461
6.39125,48.6688613891602
6.39791666666667,52.4554252624512
6.40458333333333,56.0860633850098
6.41125,59.4754219055176
6.41791666666667,62.5433921813965
6.42458333333333,65.220832824707
6.43125,67.4500465393066
6.43791666666667,69.1900253295898
6.44458333333333,70.4174041748047
6.45125,71.1231231689453
6.45791666666667,71.3129043579102
6.46458333333333,71.0048675537109
6.47125,70.2304840087891
6.47791666666667,69.028377532959
6.48458333333333,67.4433708190918
6.49125,65.5226707458496
6.49791666666667,63.3172988891602
6.50458333333333,60.8773231506348
6.51125,58.2518577575684
6.51791666666667,55.4890632629395
6.52458333333333,52.6337623596191
6.53125,49.7283935546875
6.53791666666667,46.8111038208008
6.54458333333333,43.9152717590332
6.55125,41.0714149475098
6.55791666666667,38.3033752441406
6.56458333333333,35.6335639953613
6.57125,33.0801010131836
6.57791666666667,30.6582450866699
6.58458333333333,28.3780097961426
6.59125,26.2460708618164
6.59791666666667,24.2657661437988
6.60458333333333,22.4385261535645
6.61125,20.7648277282715
6.61791666666667,19.2418098449707
6.62458333333333,17.8656578063965
6.63125,16.6339874267578
6.63791666666667,15.5425071716309
6.64458333333333,14.5864486694336
6.65125,13.7581825256348
6.65791666666667,13.0519866943359
6.66458333333333,12.4611854553223
6.67125,11.9786262512207
6.67791666666667,11.5966796875
6.68458333333333,11.3081932067871
6.69125,11.1055374145508
6.69791666666667,10.9806060791016
6.70458333333333,10.9248161315918
6.71125,10.9319686889648
6.71791666666667,10.9972953796387
6.72458333333333,11.1150741577148
6.73125,11.2824440002441
6.73791666666667,11.4994049072266
6.74458333333333,11.7683410644531
6.75125,12.0925903320313
6.75791666666667,12.4764442443848
6.76458333333333,12.9289627075195
6.77125,13.4625434875488
6.77791666666667,14.0914916992188
6.78458333333333,14.8296356201172
6.79125,15.6922340393066
6.79791666666667,16.6926383972168
6.80458333333333,17.8403854370117
6.81125,19.1397666931152
6.81791666666667,20.5855369567871
6.82458333333333,22.1648216247559
6.83125,23.8571166992188
6.83791666666667,25.6342887878418
6.84458333333333,27.461051940918
6.85125,29.2940139770508
6.85791666666667,31.0888290405273
6.86458333333333,32.8006744384766
6.87125,34.3875885009766
6.87791666666667,35.8133316040039
6.88458333333333,37.0502471923828
6.89125,38.0806922912598
6.89791666666667,38.9013290405273
6.90458333333333,39.520263671875
6.91125,39.9537086486816
6.91791666666667,40.2283668518066
6.92458333333333,40.3757095336914
6.93125,40.4300689697266
6.93791666666667,40.4233932495117
6.94458333333333,40.3838157653809
6.95125,40.3356552124023
6.95791666666667,40.2984619140625
6.96458333333333,40.283203125
6.97125,40.2970314025879
6.97791666666667,40.3432846069336
6.98458333333333,40.4195785522461
6.99125,40.5178070068359
6.99791666666667,40.6279563903809
7.00458333333333,40.7347679138184
7.01125,40.8215522766113
7.01791666666667,40.867805480957
7.02458333333333,40.8515930175781
7.03125,40.7500267028809
7.03791666666667,40.5397415161133
7.04458333333333,40.1978492736816
7.05125,39.7038459777832
7.05791666666667,39.0448570251465
7.06458333333333,38.2132530212402
7.07125,37.2104644775391
7.07791666666667,36.0441207885742
7.08458333333333,34.7323417663574
7.09125,33.2984924316406
7.09791666666667,31.7721366882324
7.10458333333333,30.1852226257324
7.11125,28.5701751708984
7.11791666666667,26.9594192504883
7.12458333333333,25.3839492797852
7.13125,23.8690376281738
7.13791666666667,22.4332809448242
7.14458333333333,21.0919380187988
7.15125,19.8550224304199
7.15791666666667,18.7296867370605
7.16458333333333,17.7178382873535
7.17125,16.819953918457
7.17791666666667,16.0350799560547
7.18458333333333,15.3632164001465
7.19125,14.8029327392578
7.19791666666667,14.3523216247559
7.20458333333333,14.0094757080078
7.21125,13.7729644775391
7.21791666666667,13.6384963989258
7.22458333333333,13.6008262634277
7.23125,13.6528015136719
7.23791666666667,13.7844085693359
7.24458333333333,13.9827728271484
7.25125,14.2312049865723
7.25791666666667,14.5115852355957
7.26458333333333,14.8038864135742
7.27125,15.0861740112305
7.27791666666667,15.3365135192871
7.28458333333333,15.5353546142578
7.29125,15.6674385070801
7.29791666666667,15.7203674316406
7.30458333333333,15.68603515625
7.31125,15.5620574951172
7.31791666666667,15.3517723083496
7.32458333333333,15.0632858276367
7.33125,14.7085189819336
7.33791666666667,14.3022537231445
7.34458333333333,13.8626098632813
7.35125,13.4077072143555
7.35791666666667,12.9575729370117
7.36458333333333,12.5293731689453
7.37125,12.1364593505859
7.37791666666667,11.7917060852051
7.38458333333333,11.5032196044922
7.39125,11.2786293029785
7.39791666666667,11.1193656921387
7.40458333333333,11.0263824462891
7.41125,10.9992027282715
7.41791666666667,11.0344886779785
7.42458333333333,11.1279487609863
7.43125,11.2752914428711
7.43791666666667,11.4707946777344
7.44458333333333,11.7087364196777
7.45125,11.9843482971191
7.45791666666667,12.2957229614258
7.46458333333333,12.6438140869141
7.47125,13.0319595336914
7.47791666666667,13.4716033935547
7.48458333333333,13.9822959899902
7.49125,14.5916938781738
7.49791666666667,15.3388977050781
7.50458333333333,16.273021697998
7.51125,17.4517631530762
7.51791666666667,18.9404487609863
7.52458333333333,20.8053588867188
7.53125,23.1103897094727
7.53791666666667,25.9051322937012
7.54458333333333,29.2167663574219
7.55125,33.0410003662109
7.55791666666667,37.3368263244629
7.56458333333333,42.0207977294922
7.57125,46.9679832458496
7.57791666666667,52.0172119140625
7.58458333333333,56.9844245910645
7.59125,61.6803169250488
7.59791666666667,65.9236907958984
7.60458333333333,69.5581436157227
7.61125,72.4630355834961
7.61791666666667,74.5649337768555
7.62458333333333,75.836181640625
7.63125,76.2910842895508
7.63791666666667,75.9792327880859
7.64458333333333,74.9764442443848
7.65125,73.3804702758789
7.65791666666667,71.2995529174805
7.66458333333333,68.8471794128418
7.67125,66.1382675170898
7.67791666666667,63.2905960083008
7.68458333333333,60.4257583618164
7.69125,57.6672554016113
7.69791666666667,55.1462173461914
7.70458333333333,53.0052185058594
7.71125,51.4016151428223
7.71791666666667,50.5080223083496
7.72458333333333,50.5061149597168
7.73125,51.577091217041
7.73791666666667,53.8849830627441
7.74458333333333,57.5447082519531
7.75125,62.5872611999512
7.75791666666667,68.9263343811035
7.76458333333333,76.3430595397949
7.77125,84.4826698303223
7.77791666666667,92.8821563720703
7.78458333333333,101.019382476807
7.79125,108.378410339355
7.79791666666667,114.516735076904
7.80458333333333,119.110107421875
7.81125,121.980667114258
7.81791666666667,123.095035552979
7.82458333333333,122.546195983887
7.83125,120.5153465271
7.83791666666667,117.231845855713
7.84458333333333,112.943172454834
7.85125,107.892513275146
7.85791666666667,102.306365966797
7.86458333333333,96.3845252990723
7.87125,90.2957916259766
7.87791666666667,84.1827392578125
7.88458333333333,78.1660079956055
7.89125,72.3428726196289
7.89791666666667,66.7905807495117
7.90458333333333,61.5634918212891
7.91125,56.7011833190918
7.91791666666667,52.2270202636719
7.92458333333333,48.149585723877
7.93125,44.4626808166504
7.93791666666667,41.1491394042969
7.94458333333333,38.1827354431152
7.95125,35.5310440063477
7.95791666666667,33.1568717956543
7.96458333333333,31.0220718383789
7.97125,29.085636138916
7.97791666666667,27.3118019104004
7.98458333333333,25.6690979003906
7.99125,24.1327285766602
7.99791666666667,22.6869583129883
8.00458333333333,21.3222503662109
8.01125,20.0333595275879
8.01791666666667,18.8226699829102
8.02458333333333,17.6963806152344
8.03125,16.6630744934082
8.03791666666667,15.7318115234375
8.04458333333333,14.9106979370117
8.05125,14.2078399658203
8.05791666666667,13.6299133300781
8.06458333333333,13.1797790527344
8.07125,12.8564834594727
8.07791666666667,12.6552581787109
8.08458333333333,12.568473815918
8.09125,12.5842094421387
8.09791666666667,12.6862525939941
8.10458333333333,12.8574371337891
8.11125,13.0796432495117
8.11791666666667,13.3342742919922
8.12458333333333,13.603687286377
8.13125,13.8726234436035
8.13791666666667,14.1263008117676
8.14458333333333,14.3556594848633
8.15125,14.5549774169922
8.15791666666667,14.7204399108887
8.16458333333333,14.8525238037109
8.17125,14.9545669555664
8.17791666666667,15.0322914123535
8.18458333333333,15.0899887084961
8.19125,15.1333808898926
8.19791666666667,15.164852142334
8.20458333333333,15.1863098144531
8.21125,15.1968002319336
8.21791666666667,15.1910781860352
8.22458333333333,15.1619911193848
8.23125,15.1023864746094
8.23791666666667,15.0070190429688
8.24458333333333,14.8735046386719
8.25125,14.7037506103516
8.25791666666667,14.5049095153809
8.26458333333333,14.289379119873
8.27125,14.0762329101563
8.27791666666667,13.887882232666
8.28458333333333,13.7529373168945
8.29125,13.7033462524414
8.29791666666667,13.7748718261719
8.30458333333333,14.0070915222168
8.31125,14.4472122192383
8.31791666666667,15.1586532592773
8.32458333333333,16.2386894226074
8.33125,17.8642272949219
8.33791666666667,20.3981399536133
8.34458333333333,24.5671272277832
8.35125,31.6743850708008
8.35791666666667,43.7760353088379
8.36458333333333,63.7974739074707
8.37125,95.5018997192383
8.37791666666667,143.117427825928
8.38458333333333,210.324764251709
8.39125,298.376083374023
8.39791666666667,404.000282287598
8.40458333333333,519.010543823242
8.41125,632.373809814453
8.41791666666667,733.363151550293
8.42458333333333,813.783645629883
8.43125,869.228363037109
8.43791666666667,900.071144104004
8.44458333333333,911.125183105469
8.45125,909.296035766602
8.45791666666667,900.593757629395
8.46458333333333,888.698101043701
8.47125,875.360488891602
8.47791666666667,861.316204071045
8.48458333333333,846.881866455078
8.49125,832.210540771484
8.49791666666667,817.390918731689
8.50458333333333,802.488803863525
8.51125,787.556171417236
8.51791666666667,772.629737854004
8.52458333333333,757.734298706055
8.53125,742.879867553711
8.53791666666667,728.067874908447
8.54458333333333,713.292121887207
8.55125,698.543071746826
8.55791666666667,683.803558349609
8.56458333333333,669.045925140381
8.57125,654.241561889648
8.57791666666667,639.369010925293
8.58458333333333,624.409675598145
8.59125,609.34591293335
8.59791666666667,594.160556793213
8.60458333333333,578.844547271729
8.61125,563.405513763428
8.61791666666667,547.861576080322
8.62458333333333,532.23991394043
8.63125,516.572952270508
8.63791666666667,500.900268554688
8.64458333333333,485.26668548584
8.65125,469.720363616943
8.65791666666667,454.306125640869
8.66458333333333,439.059257507324
8.67125,424.00598526001
8.67791666666667,409.163951873779
8.68458333333333,394.545555114746
8.69125,380.15079498291
8.69791666666667,365.965843200684
8.70458333333333,351.96590423584
8.71125,338.123798370361
8.71791666666667,324.416160583496
8.72458333333333,310.822486877441
8.73125,297.327041625977
8.73791666666667,283.914089202881
8.74458333333333,270.57933807373
8.75125,257.333755493164
8.75791666666667,244.20166015625
8.76458333333333,231.210708618164
8.77125,218.389987945557
8.77791666666667,205.777168273926
8.78458333333333,193.414211273193
8.79125,181.345462799072
8.79791666666667,169.608116149902
8.80458333333333,158.2350730896
8.81125,147.257804870605
8.81791666666667,136.70539855957
8.82458333333333,126.60551071167
8.83125,116.981029510498
8.83791666666667,107.848644256592
8.84458333333333,99.2193222045898
8.85125,91.1026000976563
8.85791666666667,83.5080146789551
8.86458333333333,76.439380645752
8.87125,69.8933601379395
8.87791666666667,63.8608932495117
8.88458333333333,58.3300590515137
8.89125,53.2846450805664
8.89791666666667,48.7046241760254
8.90458333333333,44.5647239685059
8.91125,40.8382415771484
8.91791666666667,37.4941825866699
8.92458333333333,34.5044136047363
8.93125,31.8398475646973
8.93791666666667,29.4704437255859
8.94458333333333,27.3666381835938
8.95125,25.4998207092285
8.95791666666667,23.8451957702637
8.96458333333333,22.3813056945801
8.97125,21.087646484375
8.97791666666667,19.9456214904785
8.98458333333333,18.9394950866699
8.99125,18.0563926696777
8.99791666666667,17.2853469848633
9.00458333333333,16.6158676147461
9.01125,16.0379409790039
9.01791666666667,15.5434608459473
9.02458333333333,15.1252746582031
9.03125,14.7795677185059
9.03791666666667,14.500617980957
9.04458333333333,14.2850875854492
9.05125,14.1305923461914
9.05791666666667,14.0371322631836
9.06458333333333,14.002799987793
9.07125,14.0271186828613
9.07791666666667,14.1086578369141
9.08458333333333,14.2464637756348
9.09125,14.4400596618652
9.09791666666667,14.686107635498
9.10458333333333,14.9803161621094
9.11125,15.3183937072754
9.11791666666667,15.693187713623
9.12458333333333,16.0970687866211
9.13125,16.5195465087891
9.13791666666667,16.9472694396973
9.14458333333334,17.366886138916
9.15125,17.7631378173828
9.15791666666667,18.120288848877
9.16458333333333,18.4245109558105
9.17125,18.6624526977539
9.17791666666667,18.824577331543
9.18458333333333,18.9032554626465
9.19125,18.8937187194824
9.19791666666667,18.7950134277344
9.20458333333333,18.608570098877
9.21125,18.3401107788086
9.21791666666667,17.9967880249023
9.22458333333333,17.5886154174805
9.23125,17.1246528625488
9.23791666666667,16.6149139404297
9.24458333333333,16.0708427429199
9.25125,15.5024528503418
9.25791666666667,14.9192810058594
9.26458333333333,14.3294334411621
9.27125,13.7410163879395
9.27791666666667,13.1621360778809
9.28458333333333,12.5994682312012
9.29125,12.059211730957
9.29791666666667,11.5480422973633
9.30458333333333,11.0702514648438
9.31125,10.6325149536133
9.31791666666667,10.2386474609375
9.32458333333333,9.89103317260742
9.33125,9.59014892578125
9.33791666666667,9.33647155761719
9.34458333333333,9.12666320800781
9.35125,8.9573860168457
9.35791666666667,8.82291793823242
9.36458333333333,8.71753692626953
9.37125,8.63552093505859
9.37791666666667,8.56971740722656
9.38458333333333,8.51583480834961
9.39125,8.46958160400391
9.39791666666667,8.42761993408203
9.40458333333333,8.38756561279297
9.41125,8.3470344543457
9.41791666666667,8.30698013305664
9.42458333333333,8.26835632324219
9.43125,8.23068618774414
9.43791666666667,8.19635391235352
9.44458333333333,8.16631317138672
9.45125,8.14151763916016
9.45791666666667,8.12339782714844
9.46458333333333,8.11147689819336
9.47125,8.10670852661133
9.47791666666667,8.11004638671875
9.48458333333333,8.12387466430664
9.49125,8.14962387084961
9.49791666666667,8.18777084350586
9.50458333333333,8.2402229309082
9.51125,8.30888748168945
9.51791666666667,8.39662551879883
9.52458333333333,8.50629806518555
9.53125,8.64028930664063
9.53791666666667,8.80098342895508
9.54458333333333,8.98933410644531
9.55125,9.20581817626953
9.55791666666667,9.44805145263672
9.56458333333333,9.71174240112305
9.57125,9.99116897583008
9.57791666666667,10.2791786193848
9.58458333333333,10.5671882629395
9.59125,10.8447074890137
9.59791666666667,11.0988616943359
9.60458333333333,11.3162994384766
9.61125,11.4865303039551
9.61791666666667,11.6000175476074
9.62458333333333,11.6510391235352
9.63125,11.6353034973145
9.63791666666667,11.5551948547363
9.64458333333334,11.4150047302246
9.65125,11.2228393554688
9.65791666666667,10.9877586364746
9.66458333333333,10.7216835021973
9.67125,10.4365348815918
9.67791666666667,10.1451873779297
9.68458333333333,9.86099243164063
9.69125,9.59396362304688
9.69791666666667,9.3541145324707
9.70458333333333,9.14955139160156
9.71125,8.9874267578125
9.71791666666667,8.87393951416016
9.72458333333333,8.81338119506836
9.73125,8.81099700927734
9.73791666666667,8.87060165405273
9.74458333333333,8.99410247802734
9.75125,9.18149948120117
9.75791666666667,9.43231582641602
9.76458333333333,9.74559783935547
9.77125,10.1165771484375
9.77791666666667,10.5371475219727
9.78458333333333,10.9953880310059
9.79125,11.476993560791
9.79791666666667,11.9643211364746
9.80458333333333,12.4354362487793
9.81125,12.8684043884277
9.81791666666667,13.2417678833008
9.82458333333333,13.5374069213867
9.83125,13.7410163879395
9.83791666666667,13.8411521911621
9.84458333333333,13.8330459594727
9.85125,13.7171745300293
9.85791666666667,13.5002136230469
9.86458333333333,13.1936073303223
9.87125,12.8130912780762
9.87791666666667,12.3801231384277
9.88458333333333,11.9156837463379
9.89125,11.4431381225586
9.89791666666667,10.981559753418
9.90458333333333,10.5490684509277
9.91125,10.1604461669922
9.91791666666667,9.82522964477539
9.92458333333333,9.54866409301758
9.93125,9.33218002319336
9.93791666666667,9.17387008666992
9.94458333333333,9.06896591186523
9.95125,9.00983810424805
9.95791666666667,8.98551940917969
9.96458333333333,8.98599624633789
9.97125,9.00077819824219
9.97791666666667,9.01889801025391
9.98458333333333,9.03177261352539
9.99125,9.03081893920898
9.99791666666667,9.01079177856445
10.0045833333333,8.96644592285156
10.01125,8.89730453491211
10.0179166666667,8.8038444519043
10.0245833333333,8.68606567382813
10.03125,8.54682922363281
10.0379166666667,8.38994979858398
10.0445833333333,8.22162628173828
10.05125,8.04710388183594
10.0579166666667,7.87067413330078
10.0645833333333,7.69805908203125
10.07125,7.53402709960938
10.0779166666667,7.38191604614258
10.0845833333333,7.24220275878906
10.09125,7.11631774902344
10.0979166666667,7.00473785400391
10.1045833333333,6.90889358520508
10.11125,6.82926177978516
10.1179166666667,6.76631927490234
10.1245833333333,6.72006607055664
10.13125,6.69002532958984
10.1379166666667,6.67381286621094
10.1445833333333,6.66904449462891
10.15125,6.67476654052734
10.1579166666667,6.68954849243164
10.1645833333333,6.71100616455078
10.17125,6.73913955688477
10.1779166666667,6.77251815795898
10.1845833333333,6.80971145629883
10.19125,6.84928894042969
10.1979166666667,6.88982009887695
10.2045833333333,6.93082809448242
10.21125,6.97040557861328
10.2179166666667,7.00759887695313
10.2245833333333,7.04193115234375
10.23125,7.07340240478516
10.2379166666667,7.09962844848633
10.2445833333333,7.11965560913086
10.25125,7.13157653808594
10.2579166666667,7.13491439819336
10.2645833333333,7.13014602661133
10.27125,7.11584091186523
10.2779166666667,7.09295272827148
10.2845833333333,7.06052780151367
10.29125,7.02047348022461
10.2979166666667,6.9737434387207
10.3045833333333,6.92081451416016
10.31125,6.86311721801758
10.3179166666667,6.80351257324219
10.3245833333333,6.7439079284668
10.33125,6.68859481811523
10.3379166666667,6.63995742797852
10.3445833333333,6.60181045532227
10.35125,6.57749176025391
10.3579166666667,6.56890869140625
10.3645833333333,6.57939910888672
10.37125,6.60991668701172
10.3779166666667,6.66379928588867
10.3845833333333,6.74104690551758
10.39125,6.84309005737305
10.3979166666667,6.96945190429688
10.4045833333333,7.11965560913086
10.41125,7.29227066040039
10.4179166666667,7.48538970947266
10.4245833333333,7.69567489624023
10.43125,7.91788101196289
10.4379166666667,8.1477165222168
10.4445833333333,8.37993621826172
10.45125,8.61120223999023
10.4579166666667,8.8348388671875
10.4645833333333,9.04703140258789
10.47125,9.2463493347168
10.4779166666667,9.43088531494141
10.4845833333333,9.60016250610352
10.49125,9.75370407104492
10.4979166666667,9.89341735839844
10.5045833333333,10.0240707397461
10.51125,10.1504325866699
10.5179166666667,10.2801322937012
10.5245833333333,10.4203224182129
10.53125,10.5800628662109
10.5379166666667,10.7684135437012
10.5445833333333,10.9925270080566
10.55125,11.2571716308594
10.5579166666667,11.5656852722168
10.5645833333333,11.9171142578125
10.57125,12.3066902160645
10.5779166666667,12.7267837524414
10.5845833333333,13.1669044494629
10.59125,13.6137008666992
10.5979166666667,14.0523910522461
10.6045833333333,14.467716217041
10.61125,14.8458480834961
10.6179166666667,15.174388885498
10.6245833333333,15.4433250427246
10.63125,15.6464576721191
10.6379166666667,15.7809257507324
10.6445833333333,15.8486366271973
10.65125,15.8538818359375
10.6579166666667,15.805721282959
10.6645833333333,15.7160758972168
10.67125,15.5973434448242
10.6779166666667,15.4628753662109
10.6845833333333,15.3236389160156
10.69125,15.1891708374023
10.6979166666667,15.0647163391113
10.7045833333333,14.9526596069336
10.71125,14.8510932922363
10.7179166666667,14.7542953491211
10.7245833333333,14.655590057373
10.73125,14.5449638366699
10.7379166666667,14.411449432373
10.7445833333333,14.2431259155273
10.75125,14.0299797058105
10.7579166666667,13.765811920166
10.7645833333333,13.4458541870117
10.77125,13.0715370178223
10.7779166666667,12.6461982727051
10.7845833333333,12.1774673461914
10.79125,11.6763114929199
10.7979166666667,11.1527442932129
10.8045833333333,10.6205940246582
10.81125,10.0922584533691
10.8179166666667,9.57965850830078
10.8245833333333,9.09233093261719
10.83125,8.6369514465332
10.8379166666667,8.22067260742188
10.8445833333333,7.84444808959961
10.85125,7.50923156738281
10.8579166666667,7.21454620361328
10.8645833333333,6.95943832397461
10.87125,6.74057006835938
10.8779166666667,6.55555725097656
10.8845833333333,6.40010833740234
10.89125,6.27231597900391
10.8979166666667,6.16788864135742
10.9045833333333,6.08539581298828
10.91125,6.02388381958008
10.9179166666667,5.9819221496582
10.9245833333333,5.95998764038086
10.93125,5.95712661743164
10.9379166666667,5.97524642944336
10.9445833333333,6.01863861083984
10.95125,6.09111785888672
10.9579166666667,6.19983673095703
10.9645833333333,6.35480880737305
10.97125,6.56938552856445
10.9779166666667,6.85882568359375
10.9845833333333,7.24267959594727
10.99125,7.74574279785156
10.9979166666667,8.39948654174805
11.0045833333333,9.24253463745117
11.01125,10.322093963623
11.0179166666667,11.6968154907227
11.0245833333333,13.4396553039551
11.03125,15.6412124633789
11.0379166666667,18.4121131896973
11.0445833333333,21.8873023986816
11.05125,26.2322425842285
11.0579166666667,31.6553115844727
11.0645833333333,38.4187698364258
11.07125,46.8497276306152
11.0779166666667,57.3539733886719
11.0845833333333,70.4474449157715
11.09125,86.7938995361328
11.0979166666667,107.247829437256
11.1045833333333,132.891654968262
11.11125,165.077209472656
11.1179166666667,205.474376678467
11.1245833333333,256.117343902588
11.13125,319.427967071533
11.1379166666667,398.179531097412
11.1445833333333,495.363235473633
11.15125,613.986015319824
11.1579166666667,756.78014755249
11.1645833333333,925.784587860107
11.17125,1121.75464630127
11.1779166666667,1343.31274032593
11.1845833333333,1586.11297607422
11.19125,1842.31662750244
11.1979166666667,2101.00269317627
11.2045833333333,2349.43914413452
11.21125,2575.24251937866
11.2179166666667,2768.71061325073
11.2245833333333,2923.94256591797
11.23125,3039.57271575928
11.2379166666667,3117.98095703125
11.2445833333333,3163.88034820557
11.25125,3182.24573135376
11.2579166666667,3175.92477798462
11.2645833333333,3145.69330215454
11.27125,3089.51950073242
11.2779166666667,3004.18615341187
11.2845833333333,2886.73114776611
11.29125,2736.0668182373
11.2979166666667,2554.31699752808
11.3045833333333,2346.34447097778
11.31125,2120.10860443115
11.3179166666667,1885.09511947632
11.3245833333333,1650.94757080078
11.33125,1425.91524124146
11.3379166666667,1216.07494354248
11.3445833333333,1025.32768249512
11.35125,855.626106262207
11.3579166666667,707.474231719971
11.3645833333333,580.296039581299
11.37125,472.736358642578
11.3779166666667,382.98511505127
11.3845833333333,309.028625488281
11.39125,248.793125152588
11.3979166666667,200.23775100708
11.4045833333333,161.421775817871
11.41125,130.593776702881
11.4179166666667,106.23836517334
11.4245833333333,87.0747566223145
11.43125,72.0329284667969
11.4379166666667,60.2259635925293
11.4445833333333,50.9381294250488
11.45125,43.6062812805176
11.4579166666667,37.7964973449707
11.4645833333333,33.170223236084
11.47125,29.4618606567383
11.4779166666667,26.4639854431152
11.4845833333333,24.0192413330078
11.49125,22.0060348510742
11.4979166666667,20.3309059143066
11.5045833333333,18.9204216003418
11.51125,17.7187919616699
11.5179166666667,16.6821479797363
11.5245833333333,15.7780647277832
11.53125,14.9812698364258
11.5379166666667,14.2726898193359
11.5445833333333,13.638973236084
11.55125,13.0710601806641
11.5579166666667,12.5627517700195
11.5645833333333,12.1088027954102
11.57125,11.7082595825195
11.5779166666667,11.3606452941895
11.5845833333333,11.0635757446289
11.59125,10.8132362365723
11.5979166666667,10.6091499328613
11.6045833333333,10.4508399963379
11.61125,10.3363990783691
11.6179166666667,10.2624893188477
11.6245833333333,10.2286338806152
11.63125,10.2353096008301
11.6379166666667,10.2806091308594
11.6445833333333,10.3631019592285
11.65125,10.4832649230957
11.6579166666667,10.6449127197266
11.6645833333333,10.8504295349121
11.67125,11.1055374145508
11.6779166666667,11.4178657531738
11.6845833333333,11.803150177002
11.69125,12.2785568237305
11.6979166666667,12.8693580627441
11.7045833333333,13.6055946350098
11.71125,14.5277976989746
11.7179166666667,15.681266784668
11.7245833333333,17.1170234680176
11.73125,18.887996673584
11.7379166666667,21.0471153259277
11.7445833333333,23.6353874206543
11.75125,26.679515838623
11.7579166666667,30.1837921142578
11.7645833333333,34.1224670410156
11.77125,38.4345054626465
11.7779166666667,43.0202484130859
11.7845833333333,47.7409362792969
11.79125,52.4296760559082
11.7979166666667,56.8952560424805
11.8045833333333,60.9374046325684
11.81125,64.3587112426758
11.8179166666667,66.983699798584
11.8245833333333,68.6769485473633
11.83125,69.3511962890625
11.8379166666667,68.9735412597656
11.8445833333333,67.573070526123
11.85125,65.2384757995605
11.8579166666667,62.1099472045898
11.8645833333333,58.3624839782715
11.87125,54.194450378418
11.8779166666667,49.8137474060059
11.8845833333333,45.4235076904297
11.89125,41.2106513977051
11.8979166666667,37.3368263244629
11.9045833333333,33.9393615722656
11.91125,31.1298370361328
11.9179166666667,28.9969444274902
11.9245833333333,27.6145935058594
11.93125,27.0504951477051
11.9379166666667,27.3780822753906
11.9445833333333,28.6784172058105
11.95125,31.0530662536621
11.9579166666667,34.6307754516602
11.9645833333333,39.5717620849609
11.97125,46.0672378540039
11.9779166666667,54.3298721313477
11.9845833333333,64.582347869873
11.99125,77.0425796508789
11.9979166666667,91.9041633605957
12.0045833333333,109.309196472168
12.01125,129.307746887207
12.0179166666667,151.829719543457
12.0245833333333,176.653385162354
12.03125,203.392028808594
12.0379166666667,231.484889984131
12.0445833333333,260.192394256592
12.05125,288.620471954346
12.0579166666667,315.764427185059
12.0645833333333,340.572834014893
12.07125,362.007141113281
12.0779166666667,379.11319732666
12.0845833333333,391.098022460938
12.09125,397.393703460693
12.0979166666667,397.707462310791
12.1045833333333,392.036914825439
12.11125,380.664348602295
12.1179166666667,364.137649536133
12.1245833333333,343.227386474609
12.13125,318.868160247803
12.1379166666667,292.075634002686
12.1445833333333,263.876438140869
12.15125,235.254287719727
12.1579166666667,207.096576690674
12.1645833333333,180.150508880615
12.17125,154.989719390869
12.1779166666667,132.017135620117
12.1845833333333,111.478805541992
12.19125,93.4748649597168
12.1979166666667,77.9776573181152
12.2045833333333,64.8584365844727
12.21125,53.9207458496094
12.2179166666667,44.9314117431641
12.2245833333333,37.6396179199219
12.23125,31.7916870117188
12.2379166666667,27.1420478820801
12.2445833333333,23.4661102294922
12.25125,20.5698013305664
12.2579166666667,18.287181854248
12.2645833333333,16.4813995361328
12.27125,15.0408744812012
12.2779166666667,13.8769149780273
12.2845833333333,12.9199028015137
12.29125,12.1188163757324
12.2979166666667,11.4364624023438
12.3045833333333,10.8451843261719
12.31125,10.3263854980469
12.3179166666667,9.86719131469727
12.3245833333333,9.4599723815918
12.33125,9.09996032714844
12.3379166666667,8.78429412841797
12.3445833333333,8.51249694824219
12.35125,8.28361511230469
12.3579166666667,8.09812545776367
12.3645833333333,7.95698165893555
12.37125,7.86018371582031
12.3779166666667,7.80773162841797
12.3845833333333,7.79962539672852
12.39125,7.83443450927734
12.3979166666667,7.91025161743164
12.4045833333333,8.02183151245117
12.41125,8.1639289855957
12.4179166666667,8.32843780517578
12.4245833333333,8.50772857666016
12.43125,8.69178771972656
12.4379166666667,8.87393951416016
12.4445833333333,9.0484619140625
12.45125,9.21297073364258
12.4579166666667,9.36698913574219
12.4645833333333,9.51242446899414
12.47125,9.65499877929688
12.4779166666667,9.80186462402344
12.4845833333333,9.9644660949707
12.49125,10.157585144043
12.4979166666667,10.3969573974609
12.5045833333333,10.7016563415527
12.51125,11.0931396484375
12.5179166666667,11.5971565246582
12.5245833333333,12.2404098510742
12.53125,13.0515098571777
12.5379166666667,14.0585899353027
12.5445833333333,15.2907371520996
12.55125,16.7756080627441
12.5579166666667,18.5370445251465
12.5645833333333,20.5907821655273
12.57125,22.9415893554688
12.5779166666667,25.580883026123
12.5845833333333,28.4829139709473
12.59125,31.6042900085449
12.5979166666667,34.8806381225586
12.6045833333333,38.2289886474609
12.61125,41.5511131286621
12.6179166666667,44.7382926940918
12.6245833333333,47.6784706115723
12.63125,50.264835357666
12.6379166666667,52.403450012207
12.6445833333333,54.0242195129395
12.65125,55.0875663757324
12.6579166666667,55.5901527404785
12.6645833333333,55.5648803710938
12.67125,55.0799369812012
12.6779166666667,54.2354583740234
12.6845833333333,53.1530380249023
12.69125,51.9676208496094
12.6979166666667,50.8151054382324
12.7045833333333,49.8213768005371
12.71125,49.0894317626953
12.7179166666667,48.6898422241211
12.7245833333333,48.6545562744141
12.73125,48.9749908447266
12.7379166666667,49.598217010498
12.7445833333333,50.4364967346191
12.75125,51.3715744018555
12.7579166666667,52.2680282592773
12.7645833333333,52.9828071594238
12.77125,53.3838272094727
12.7779166666667,53.3571243286133
12.7845833333333,52.8197288513184
12.79125,51.7244338989258
12.7979166666667,50.0650405883789
12.8045833333333,47.8730201721191
12.81125,45.2146530151367
12.8179166666667,42.1838760375977
12.8245833333333,38.8936996459961
12.83125,35.4652404785156
12.8379166666667,32.0186614990234
12.8445833333333,28.6664962768555
12.85125,25.5036354064941
12.8579166666667,22.606372833252
12.8645833333333,20.0285911560059
12.87125,17.8036689758301
12.8779166666667,15.9459114074707
12.8845833333333,14.4538879394531
12.89125,13.3166313171387
12.8979166666667,12.5136375427246
12.9045833333333,12.0234489440918
12.91125,11.8255615234375
12.9179166666667,11.9023323059082
12.9245833333333,12.2427940368652
12.93125,12.8421783447266
12.9379166666667,13.7052536010742
12.9445833333333,14.8434638977051
12.95125,16.273021697998
12.9579166666667,18.0149078369141
12.9645833333333,20.0896263122559
12.97125,22.5143432617188
12.9779166666667,25.299072265625
12.9845833333333,28.4395217895508
12.99125,31.9113731384277
12.9979166666667,35.6698036193848
13.0045833333333,39.6461486816406
13.01125,43.7474250793457
13.0179166666667,47.8577613830566
13.0245833333333,51.8407821655273
13.03125,55.5520057678223
13.0379166666667,58.8431358337402
13.0445833333333,61.5763664245605
13.05125,63.631534576416
13.0579166666667,64.9204254150391
13.0645833333333,65.3915405273438
13.07125,65.0391578674316
13.0779166666667,63.9023780822754
13.0845833333333,62.0646476745605
13.09125,59.6494674682617
13.0979166666667,56.8146705627441
13.1045833333333,53.7428855895996
13.11125,50.6319999694824
13.1179166666667,47.6803779602051
13.1245833333333,45.0820922851563
13.13125,43.0130958557129
13.1379166666667,41.623592376709
13.1445833333333,41.0304069519043
13.15125,41.3150787353516
13.1579166666667,42.5195693969727
13.1645833333333,44.6434020996094
13.17125,47.6431846618652
13.1779166666667,51.4378547668457
13.1845833333333,55.9134483337402
13.19125,60.9269142150879
13.1979166666667,66.3127899169922
13.2045833333333,71.8994140625
13.21125,77.5279998779297
13.2179166666667,83.066463470459
13.2245833333333,88.4222984313965
13.23125,93.562126159668
13.2379166666667,98.5336303710938
13.2445833333333,103.47843170166
13.25125,108.645439147949
13.2579166666667,114.391326904297
13.2645833333333,121.186256408691
13.27125,129.613399505615
13.2779166666667,140.356540679932
13.2845833333333,154.186725616455
13.29125,171.924591064453
13.2979166666667,194.388866424561
13.3045833333333,222.340106964111
13.31125,256.415367126465
13.3179166666667,297.053813934326
13.3245833333333,344.409942626953
13.33125,398.253917694092
13.3379166666667,457.901477813721
13.3445833333333,522.180557250977
13.35125,589.442729949951
13.3579166666667,657.600879669189
13.3645833333333,724.205493927002
13.37125,786.598205566406
13.3779166666667,842.106819152832
13.3845833333333,888.244152069092
13.39125,922.879219055176
13.3979166666667,944.396495819092
13.4045833333333,951.832294464111
13.41125,944.944381713867
13.4179166666667,924.196243286133
13.4245833333333,890.679836273193
13.43125,846.009731292725
13.4379166666667,792.206764221191
13.4445833333333,731.544017791748
13.45125,666.382789611816
13.4579166666667,599.010467529297
13.4645833333333,531.538009643555
13.47125,465.819358825684
13.4779166666667,403.384685516357
13.4845833333333,345.390319824219
13.49125,292.613983154297
13.4979166666667,245.49674987793
13.5045833333333,204.192161560059
13.51125,168.605804443359
13.5179166666667,138.435840606689
13.5245833333333,113.234996795654
13.53125,92.4749374389648
13.5379166666667,75.5972862243652
13.5445833333333,62.044620513916
13.55125,51.2819290161133
13.5579166666667,42.811393737793
13.5645833333333,36.1957550048828
13.57125,31.062126159668
13.5779166666667,27.1000862121582
13.5845833333333,24.0540504455566
13.59125,21.7165946960449
13.5979166666667,19.9241638183594
13.6045833333333,18.5489654541016
13.61125,17.4922943115234
13.6179166666667,16.6778564453125
13.6245833333333,16.0479545593262
13.63125,15.5572891235352
13.6379166666667,15.1691436767578
13.6445833333333,14.8558616638184
13.65125,14.594554901123
13.6579166666667,14.3685340881348
13.6645833333333,14.1630172729492
13.67125,13.9651298522949
13.6779166666667,13.768196105957
13.6845833333333,13.5664939880371
13.69125,13.3562088012695
13.6979166666667,13.1344795227051
13.7045833333333,12.901782989502
13.71125,12.6595497131348
13.7179166666667,12.4101638793945
13.7245833333333,12.1569633483887
13.73125,11.9047164916992
13.7379166666667,11.6586685180664
13.7445833333333,11.4221572875977
13.75125,11.1985206604004
13.7579166666667,10.9920501708984
13.7645833333333,10.805606842041
13.77125,10.6415748596191
13.7779166666667,10.5013847351074
13.7845833333333,10.3874206542969
13.79125,10.2992057800293
13.7979166666667,10.2353096008301
13.8045833333333,10.1947784423828
13.81125,10.1757049560547
13.8179166666667,10.1771354675293
13.8245833333333,10.197639465332
13.83125,10.2353096008301
13.8379166666667,10.2901458740234
13.8445833333333,10.3621482849121
13.85125,10.4522705078125
13.8579166666667,10.5605125427246
13.8645833333333,10.6887817382813
13.87125,10.8389854431152
13.8779166666667,11.0135078430176
13.8845833333333,11.2123489379883
13.89125,11.4383697509766
13.8979166666667,11.6920471191406
13.9045833333333,11.9748115539551
13.91125,12.2866630554199
13.9179166666667,12.629508972168
13.9245833333333,13.0062103271484
13.93125,13.4210586547852
13.9379166666667,13.8788223266602
13.9445833333333,14.3876075744629
13.95125,14.9612426757813
13.9579166666667,15.6164169311523
13.9645833333333,16.3717269897461
13.97125,17.2533988952637
13.9779166666667,18.2914733886719
13.9845833333333,19.5183753967285
13.99125,20.9641456604004
13.9979166666667,22.6564407348633
14.0045833333333,24.6181488037109
14.01125,26.8607139587402
14.0179166666667,29.381275177002
14.0245833333333,32.1593284606934
14.03125,35.153865814209
14.0379166666667,38.3014678955078
14.0445833333333,41.5182113647461
14.05125,44.7030067443848
14.0579166666667,47.7433204650879
14.0645833333333,50.5166053771973
14.07125,52.9022216796875
14.0779166666667,54.7924041748047
14.0845833333333,56.0946464538574
14.09125,56.7402839660645
14.0979166666667,56.6911697387695
14.1045833333333,55.943489074707
14.11125,54.5287132263184
14.1179166666667,52.5069236755371
14.1245833333333,49.962043762207
14.13125,46.9970703125
14.1379166666667,43.7278747558594
14.1445833333333,40.2712821960449
14.15125,36.7398262023926
14.1579166666667,33.2355499267578
14.1645833333333,29.8466682434082
14.17125,26.644229888916
14.1779166666667,23.6802101135254
14.1845833333333,20.9865570068359
14.19125,18.5790061950684
14.1979166666667,16.4580345153809
14.2045833333333,14.6145820617676
14.21125,13.0305290222168
14.2179166666667,11.6820335388184
14.2245833333333,10.5443000793457
14.23125,9.58919525146484
14.2379166666667,8.79192352294922
14.2445833333333,8.12911987304688
14.25125,7.57932662963867
14.2579166666667,7.12299346923828
14.2645833333333,6.74343109130859
14.27125,6.42633438110352
14.2779166666667,6.16073608398438
14.2845833333333,5.93662261962891
14.29125,5.74493408203125
14.2979166666667,5.57947158813477
14.3045833333333,5.43546676635742
14.31125,5.3095817565918
14.3179166666667,5.19752502441406
14.3245833333333,5.09786605834961
14.33125,5.01060485839844
14.3379166666667,4.93574142456055
14.3445833333333,4.87184524536133
14.35125,4.81986999511719
14.3579166666667,4.78172302246094
14.3645833333333,4.75788116455078
14.37125,4.74786758422852
14.3779166666667,4.75168228149414
14.3845833333333,4.77075576782227
14.39125,4.80270385742188
14.3979166666667,4.84609603881836
14.4045833333333,4.89997863769531
14.41125,4.96244430541992
14.4179166666667,5.03158569335938
14.4245833333333,5.10406494140625
14.43125,5.17940521240234
14.4379166666667,5.25474548339844
14.4445833333333,5.32770156860352
14.45125,5.39684295654297
14.4579166666667,5.46026229858398
14.4645833333333,5.51748275756836
14.47125,5.56755065917969
14.4779166666667,5.61046600341797
14.4845833333333,5.645751953125
14.49125,5.67197799682617
14.4979166666667,5.68962097167969
14.5045833333333,5.69868087768555
14.51125,5.70011138916016
14.5179166666667,5.69581985473633
14.5245833333333,5.68580627441406
14.53125,5.67150115966797
14.5379166666667,5.65433502197266
14.5445833333333,5.63478469848633
14.55125,5.61332702636719
14.5579166666667,5.59091567993164
14.5645833333333,5.57136535644531
14.57125,5.55610656738281
14.5779166666667,5.54990768432617
14.5845833333333,5.55706024169922
14.59125,5.58280944824219
14.5979166666667,5.63383102416992
14.6045833333333,5.71584701538086
14.61125,5.83744049072266
14.6179166666667,6.00624084472656
14.6245833333333,6.23273849487305
14.63125,6.52837753295898
14.6379166666667,6.90793991088867
14.6445833333333,7.38906860351563
14.65125,7.99131393432617
14.6579166666667,8.73708724975586
14.6645833333333,9.65452194213867
14.67125,10.7760429382324
14.6779166666667,12.1383666992188
14.6845833333333,13.7825012207031
14.69125,15.7551765441895
14.6979166666667,18.1088447570801
14.7045833333333,20.8969116210938
14.71125,24.177074432373
14.7179166666667,28.0055999755859
14.7245833333333,32.4325561523438
14.73125,37.4984741210938
14.7379166666667,43.2300567626953
14.7445833333333,49.6368408203125
14.75125,56.699275970459
14.7579166666667,64.3672943115234
14.7645833333333,72.5536346435547
14.77125,81.1347961425781
14.7779166666667,89.9529457092285
14.7845833333333,98.8125801086426
14.79125,107.48815536499
14.7979166666667,115.73600769043
14.8045833333333,123.301982879639
14.81125,129.939079284668
14.8179166666667,135.414600372314
14.8245833333333,139.528274536133
14.83125,142.126083374023
14.8379166666667,143.10884475708
14.8445833333333,142.438411712646
14.85125,140.137672424316
14.8579166666667,136.290073394775
14.8645833333333,131.037712097168
14.87125,124.569416046143
14.8779166666667,117.108821868896
14.8845833333333,108.898639678955
14.89125,100.191116333008
14.8979166666667,91.2380218505859
14.9045833333333,82.2734832763672
14.91125,73.5034942626953
14.9179166666667,65.0997161865234
14.9245833333333,57.2018623352051
14.93125,49.9129295349121
14.9379166666667,43.302059173584
14.9445833333333,37.4016761779785
14.95125,32.2160720825195
14.9579166666667,27.7290344238281
14.9645833333333,23.9048004150391
14.97125,20.6947326660156
14.9779166666667,18.0416107177734
14.9845833333333,15.8834457397461
14.99125,14.1606330871582
14.9979166666667,12.8145217895508
15.0045833333333,11.7907524108887
15.01125,11.0406875610352
15.0179166666667,10.5171203613281
15.0245833333333,10.1809501647949
15.03125,9.99784469604492
15.0379166666667,9.93776321411133
15.0445833333333,9.97447967529297
15.05125,10.0831985473633
15.0579166666667,10.2429389953613
15.0645833333333,10.4336738586426
15.07125,10.6382369995117
15.0779166666667,10.8394622802734
15.0845833333333,11.0230445861816
15.09125,11.1775398254395
15.0979166666667,11.2929344177246
15.1045833333333,11.3601684570313
15.11125,11.3735198974609
15.1179166666667,11.329174041748
15.1245833333333,11.225700378418
15.13125,11.0640525817871
15.1379166666667,10.8466148376465
15.1445833333333,10.5786323547363
15.15125,10.2672576904297
15.1579166666667,9.92155075073242
15.1645833333333,9.55104827880859
15.17125,9.16528701782227
15.1779166666667,8.77189636230469
15.1845833333333,8.37945938110352
15.19125,7.99369812011719
15.1979166666667,7.62128829956055
15.2045833333333,7.26604461669922
15.21125,6.93368911743164
15.2179166666667,6.62851333618164
15.2245833333333,6.35147094726563
15.23125,6.10446929931641
15.2379166666667,5.88750839233398
15.2445833333333,5.70106506347656
15.25125,5.54323196411133
15.2579166666667,5.41305541992188
15.2645833333333,5.30815124511719
15.27125,5.22708892822266
15.2779166666667,5.16891479492188
15.2845833333333,5.13172149658203
15.29125,5.11360168457031
15.2979166666667,5.11264801025391
15.3045833333333,5.1274299621582
15.31125,5.157470703125
15.3179166666667,5.20086288452148
15.3245833333333,5.25426864624023
15.33125,5.31673431396484
15.3379166666667,5.3863525390625
15.3445833333333,5.4621696472168
15.35125,5.54132461547852
15.3579166666667,5.62143325805664
15.3645833333333,5.70201873779297
15.37125,5.78069686889648
15.3779166666667,5.85508346557617
15.3845833333333,5.92327117919922
15.39125,5.98573684692383
15.3979166666667,6.0420036315918
15.4045833333333,6.09111785888672
15.41125,6.13307952880859
15.4179166666667,6.16836547851563
15.4245833333333,6.19840621948242
15.43125,6.22177124023438
15.4379166666667,6.23846054077148
15.4445833333333,6.24895095825195
15.45125,6.25371932983398
15.4579166666667,6.25228881835938
15.4645833333333,6.24656677246094
15.47125,6.23512268066406
15.4779166666667,6.21843338012695
15.4845833333333,6.19602203369141
15.49125,6.16788864135742
15.4979166666667,6.13498687744141
15.5045833333333,6.09540939331055
15.51125,6.05010986328125
15.5179166666667,6.00051879882813
15.5245833333333,5.94806671142578
15.53125,5.89323043823242
15.5379166666667,5.83744049072266
15.5445833333333,5.7835578918457
15.55125,5.73587417602539
15.5579166666667,5.69581985473633
15.5645833333333,5.66530227661133
15.57125,5.64718246459961
15.5779166666667,5.64479827880859
15.5845833333333,5.66005706787109
15.59125,5.69534301757813
15.5979166666667,5.7530403137207
15.6045833333333,5.83696365356445
15.61125,5.9504508972168
15.6179166666667,6.09636306762695
15.6245833333333,6.27946853637695
15.63125,6.50453567504883
15.6379166666667,6.77728652954102
15.6445833333333,7.10344314575195
15.65125,7.48872756958008
15.6579166666667,7.93886184692383
15.6645833333333,8.46099853515625
15.67125,9.06181335449219
15.6779166666667,9.74559783935547
15.6845833333333,10.5156898498535
15.69125,11.3739967346191
15.6979166666667,12.3195648193359
15.7045833333333,13.3490562438965
15.71125,14.4553184509277
15.7179166666667,15.6288146972656
15.7245833333333,16.8542861938477
15.73125,18.1145668029785
15.7379166666667,19.3872451782227
15.7445833333333,20.6465721130371
15.75125,21.8663215637207
15.7579166666667,23.0159759521484
15.7645833333333,24.0645408630371
15.77125,24.9843597412109
15.7779166666667,25.7487297058105
15.7845833333333,26.334285736084
15.79125,26.7200469970703
15.7979166666667,26.8950462341309
15.8045833333333,26.8521308898926
15.81125,26.5903472900391
15.8179166666667,26.1173248291016
15.8245833333333,25.4459381103516
15.83125,24.5952606201172
15.8379166666667,23.5881805419922
15.8445833333333,22.4523544311523
15.85125,21.2197303771973
15.8579166666667,19.9203491210938
15.8645833333333,18.5856819152832
15.87125,17.2433853149414
15.8779166666667,15.9206390380859
15.8845833333333,14.6422386169434
15.89125,13.4272575378418
15.8979166666667,12.2904777526855
15.9045833333333,11.2433433532715
15.91125,10.2939605712891
15.9179166666667,9.44614410400391
15.9245833333333,8.70037078857422
15.93125,8.05377960205078
15.9379166666667,7.50303268432617
15.9445833333333,7.04336166381836
15.95125,6.66713714599609
15.9579166666667,6.36672973632813
15.9645833333333,6.1335563659668
15.97125,5.95951080322266
15.9779166666667,5.83696365356445
15.9845833333333,5.75780868530273
15.99125,5.71632385253906
15.9979166666667,5.7063102722168
16.0045833333333,5.7220458984375
16.01125,5.75780868530273
16.0179166666667,5.80835342407227
16.0245833333333,5.86891174316406
16.03125,5.93376159667969
16.0379166666667,5.99956512451172
16.0445833333333,6.06250762939453
16.05125,6.12020492553711
16.0579166666667,6.17027282714844
16.0645833333333,6.2103271484375
16.07125,6.2408447265625
16.0779166666667,6.26039505004883
16.0845833333333,6.27040863037109
16.09125,6.2708854675293
16.0979166666667,6.26373291015625
16.1045833333333,6.24990463256836
16.11125,6.23130798339844
16.1179166666667,6.2108039855957
16.1245833333333,6.18982315063477
16.13125,6.17074966430664
16.1379166666667,6.15596771240234
16.1445833333333,6.14738464355469
16.15125,6.14452362060547
16.1579166666667,6.15072250366211
16.1645833333333,6.16693496704102
16.17125,6.195068359375
16.1779166666667,6.23416900634766
16.1845833333333,6.28566741943359
16.19125,6.35099411010742
16.1979166666667,6.42967224121094
16.2045833333333,6.52027130126953
16.21125,6.6227912902832
16.2179166666667,6.73580169677734
16.2245833333333,6.85787200927734
16.23125,6.98566436767578
16.2379166666667,7.11679458618164
16.2445833333333,7.25030899047852
16.25125,7.38525390625
16.2579166666667,7.52115249633789
16.2645833333333,7.65705108642578
16.27125,7.79199600219727
16.2779166666667,7.92503356933594
16.2845833333333,8.05330276489258
16.29125,8.17346572875977
16.2979166666667,8.28456878662109
16.3045833333333,8.38470458984375
16.31125,8.47387313842773
16.3179166666667,8.55064392089844
16.3245833333333,8.61454010009766
16.33125,8.66460800170898
16.3379166666667,8.69941711425781
16.3445833333333,8.71801376342773
16.35125,8.71801376342773
16.3579166666667,8.69941711425781
16.3645833333333,8.66174697875977
16.37125,8.60452651977539
16.3779166666667,8.52727890014648
16.3845833333333,8.42761993408203
16.39125,8.30602645874023
16.3979166666667,8.1639289855957
16.4045833333333,7.99989700317383
16.41125,7.81488418579102
16.4179166666667,7.61079788208008
16.4245833333333,7.39145278930664
16.43125,7.16018676757813
16.4379166666667,6.91938400268555
16.4445833333333,6.67285919189453
16.45125,6.42490386962891
16.4579166666667,6.1798095703125
16.4645833333333,5.94043731689453
16.47125,5.70917129516602
16.4779166666667,5.48839569091797
16.4845833333333,5.28240203857422
16.49125,5.09357452392578
16.4979166666667,4.92525100708008
16.5045833333333,4.7760009765625
16.51125,4.64677810668945
16.5179166666667,4.53710556030273
16.5245833333333,4.44746017456055
16.53125,4.37545776367188
16.5379166666667,4.32014465332031
16.5445833333333,4.28056716918945
16.55125,4.25577163696289
16.5579166666667,4.24528121948242
16.5645833333333,4.24575805664063
16.57125,4.25386428833008
16.5779166666667,4.26769256591797
16.5845833333333,4.28485870361328
16.59125,4.30393218994141
16.5979166666667,4.32252883911133
16.6045833333333,4.34017181396484
16.61125,4.35638427734375
16.6179166666667,4.36973571777344
16.6245833333333,4.3797492980957
16.63125,4.38642501831055
16.6379166666667,4.38928604125977
16.6445833333333,4.38737869262695
16.65125,4.38070297241211
16.6579166666667,4.36925888061523
16.6645833333333,4.35304641723633
16.67125,4.3330192565918
16.6779166666667,4.30870056152344
16.6845833333333,4.28104400634766
16.69125,4.24957275390625
16.6979166666667,4.21524047851563
16.7045833333333,4.17947769165039
16.71125,4.14180755615234
16.7179166666667,4.10223007202148
16.7245833333333,4.06122207641602
16.73125,4.01973724365234
16.7379166666667,3.97872924804688
16.7445833333333,3.93772125244141
16.75125,3.89671325683594
16.7579166666667,3.85713577270508
16.7645833333333,3.81851196289063
16.77125,3.77941131591797
16.7779166666667,3.74078750610352
16.7845833333333,3.70168685913086
16.79125,3.66353988647461
16.7979166666667,3.62634658813477
16.8045833333333,3.59010696411133
16.81125,3.55625152587891
16.8179166666667,3.52621078491211
16.8245833333333,3.49998474121094
16.83125,3.47661972045898
16.8379166666667,3.45659255981445
16.8445833333333,3.43990325927734
16.85125,3.42655181884766
16.8579166666667,3.41510772705078
16.8645833333333,3.40557098388672
16.87125,3.39937210083008
16.8779166666667,3.39651107788086
16.8845833333333,3.39746475219727
16.89125,3.40032577514648
16.8979166666667,3.40652465820313
16.9045833333333,3.41558456420898
16.91125,3.42607498168945
16.9179166666667,3.43751907348633
16.9245833333333,3.44944000244141
16.93125,3.4642219543457
16.9379166666667,3.48138809204102
16.9445833333333,3.50093841552734
16.95125,3.52287292480469
16.9579166666667,3.54766845703125
16.9645833333333,3.57580184936523
16.97125,3.60584259033203
16.9779166666667,3.63779067993164
16.9845833333333,3.67164611816406
16.99125,3.70883941650391
16.9979166666667,3.74984741210938
17.0045833333333,3.79467010498047
17.01125,3.8447380065918
17.0179166666667,3.90005111694336
17.0245833333333,3.96060943603516
17.03125,4.02736663818359
17.0379166666667,4.09984588623047
17.0445833333333,4.17852401733398
17.05125,4.26578521728516
17.0579166666667,4.36258316040039
17.0645833333333,4.4708251953125
17.07125,4.5928955078125
17.0779166666667,4.73213195800781
17.0845833333333,4.89139556884766
17.09125,5.07354736328125
17.0979166666667,5.28049468994141
17.1045833333333,5.51795959472656
17.11125,5.78832626342773
17.1179166666667,6.09397888183594
17.1245833333333,6.44063949584961
17.13125,6.8354606628418
17.1379166666667,7.28559494018555
17.1445833333333,7.7972412109375
17.15125,8.37802886962891
17.1579166666667,9.03797149658203
17.1645833333333,9.78755950927734
17.17125,10.6387138366699
17.1779166666667,11.6043090820313
17.1845833333333,12.7005577087402
17.19125,13.9451026916504
17.1979166666667,15.3594017028809
17.2045833333333,16.9668197631836
17.21125,18.7926292419434
17.2179166666667,20.8644866943359
17.2245833333333,23.2119560241699
17.23125,25.8669853210449
17.2379166666667,28.8658142089844
17.2445833333333,32.2465896606445
17.25125,36.046028137207
17.2579166666667,40.3013229370117
17.2645833333333,45.048713684082
17.27125,50.321102142334
17.2779166666667,56.1456680297852
17.2845833333333,62.5448226928711
17.29125,69.5304870605469
17.2979166666667,77.1059989929199
17.3045833333333,85.2618217468262
17.31125,93.9741134643555
17.3179166666667,103.204250335693
17.3245833333333,112.891674041748
17.33125,122.956275939941
17.3379166666667,133.298873901367
17.3445833333333,143.802642822266
17.35125,154.332160949707
17.3579166666667,164.734840393066
17.3645833333333,174.843788146973
17.37125,184.484958648682
17.3779166666667,193.479537963867
17.3845833333333,201.650142669678
17.39125,208.826065063477
17.3979166666667,214.848041534424
17.4045833333333,219.574928283691
17.41125,222.890853881836
17.4179166666667,224.708557128906
17.4245833333333,224.972248077393
17.43125,223.659038543701
17.4379166666667,220.785140991211
17.4445833333333,216.403484344482
17.45125,210.599422454834
17.4579166666667,203.488826751709
17.4645833333333,195.216655731201
17.47125,185.949325561523
17.4779166666667,175.869941711426
17.4845833333333,165.16637802124
17.49125,154.030323028564
17.4979166666667,142.655372619629
17.5045833333333,131.224632263184
17.51125,119.908809661865
17.5179166666667,108.858108520508
17.5245833333333,98.2050895690918
17.53125,88.0599021911621
17.5379166666667,78.5117149353027
17.5445833333333,69.6258544921875
17.55125,61.4428520202637
17.5579166666667,53.983211517334
17.5645833333333,47.2493171691895
17.57125,41.2311553955078
17.5779166666667,35.9029769897461
17.5845833333333,31.226634979248
17.59125,27.1568298339844
17.5979166666667,23.6454010009766
17.6045833333333,20.6422805786133
17.61125,18.0954933166504
17.6179166666667,15.9521102905273
17.6245833333333,14.1606330871582
17.63125,12.6733779907227
17.6379166666667,11.4450454711914
17.6445833333333,10.4355812072754
17.65125,9.60874557495117
17.6579166666667,8.93306732177734
17.6645833333333,8.38232040405273
17.67125,7.93266296386719
17.6779166666667,7.56454467773438
17.6845833333333,7.26175308227539
17.69125,7.01045989990234
17.6979166666667,6.79874420166016
17.7045833333333,6.61802291870117
17.71125,6.46162033081055
17.7179166666667,6.32762908935547
17.7245833333333,6.21271133422852
17.73125,6.11495971679688
17.7379166666667,6.03246688842773
17.7445833333333,5.9657096862793
17.75125,5.91421127319336
17.7579166666667,5.87749481201172
17.7645833333333,5.85556030273438
17.77125,5.84936141967773
17.7779166666667,5.86175918579102
17.7845833333333,5.89275360107422
17.79125,5.94425201416016
17.7979166666667,6.01768493652344
17.8045833333333,6.11543655395508
17.81125,6.23846054077148
17.8179166666667,6.38771057128906
17.8245833333333,6.56414031982422
17.83125,6.76965713500977
17.8379166666667,7.00712203979492
17.8445833333333,7.2779655456543
17.85125,7.5840950012207
17.8579166666667,7.92932510375977
17.8645833333333,8.31842422485352
17.87125,8.75711441040039
17.8779166666667,9.25064086914063
17.8845833333333,9.80663299560547
17.89125,10.434627532959
17.8979166666667,11.1465454101563
17.9045833333333,11.9547843933105
17.91125,12.8741264343262
17.9179166666667,13.9212608337402
17.9245833333333,15.1152610778809
17.93125,16.4785385131836
17.9379166666667,18.0373191833496
17.9445833333333,19.8173522949219
17.95125,21.8491554260254
17.9579166666667,24.1637229919434
17.9645833333333,26.7949104309082
17.97125,29.7784805297852
17.9779166666667,33.1497192382813
17.9845833333333,36.9448661804199
17.99125,41.1982536315918
17.9979166666667,45.9437370300293
18.0045833333333,51.213264465332
18.01125,57.032585144043
18.0179166666667,63.4174346923828
18.0245833333333,70.3773498535156
18.03125,77.9109001159668
18.0379166666667,86.0061645507813
18.0445833333333,94.6388244628906
18.05125,103.767395019531
18.0579166666667,113.335609436035
18.0645833333333,123.269557952881
18.07125,133.480072021484
18.0779166666667,143.862724304199
18.0845833333333,154.295921325684
18.09125,164.644241333008
18.0979166666667,174.76224899292
18.1045833333333,184.497833251953
18.11125,193.697452545166
18.1179166666667,202.204704284668
18.1245833333333,209.86795425415
18.13125,216.544628143311
18.1379166666667,222.10693359375
18.1445833333333,226.444244384766
18.15125,229.467391967773
18.1579166666667,231.109619140625
18.1645833333333,231.332778930664
18.17125,230.129241943359
18.1779166666667,227.517604827881
18.1845833333333,223.545551300049
18.19125,218.285083770752
18.1979166666667,211.835861206055
18.2045833333333,204.316139221191
18.21125,195.860862731934
18.2179166666667,186.61642074585
18.2245833333333,176.740169525146
18.23125,166.395664215088
18.2379166666667,155.746936798096
18.2445833333333,144.950866699219
18.25125,134.155750274658
18.2579166666667,123.501300811768
18.2645833333333,113.113880157471
18.27125,103.104114532471
18.2779166666667,93.5616493225098
18.2845833333333,84.5589637756348
18.29125,76.1547088623047
18.2979166666667,68.3908462524414
18.3045833333333,61.2950325012207
18.31125,54.8791885375977
18.3179166666667,49.1428375244141
18.3245833333333,44.0769195556641
18.33125,39.6647453308105
18.3379166666667,35.883903503418
18.3445833333333,32.7072143554688
18.35125,30.1017761230469
18.3579166666667,28.0370712280273
18.3645833333333,26.4825820922852
18.37125,25.4096984863281
18.3779166666667,24.7926712036133
18.3845833333333,24.6081352233887
18.39125,24.838924407959
18.3979166666667,25.4716873168945
18.4045833333333,26.4983177185059
18.41125,27.9159545898438
18.4179166666667,29.7293663024902
18.4245833333333,31.947135925293
18.43125,34.5830917358398
18.4379166666667,37.656307220459
18.4445833333333,41.1911010742188
18.45125,45.2175140380859
18.4579166666667,49.7708320617676
18.4645833333333,54.8901557922363
18.47125,60.615062713623
18.4779166666667,66.9894218444824
18.4845833333333,74.0571022033691
18.49125,81.8638801574707
18.4979166666667,90.4498100280762
18.5045833333333,99.8482704162598
18.51125,110.084533691406
18.5179166666667,121.177673339844
18.5245833333333,133.13627243042
18.53125,145.954608917236
18.5379166666667,159.607410430908
18.5445833333333,174.049854278564
18.55125,189.218044281006
18.5579166666667,205.02758026123
18.5645833333333,221.373081207275
18.57125,238.122463226318
18.5779166666667,255.119800567627
18.5845833333333,272.187232971191
18.59125,289.132118225098
18.5979166666667,305.745601654053
18.6045833333333,321.804523468018
18.61125,337.076663970947
18.6179166666667,351.327896118164
18.6245833333333,364.333629608154
18.63125,375.874042510986
18.6379166666667,385.743141174316
18.6445833333333,393.755435943604
18.65125,399.755954742432
18.6579166666667,403.620719909668
18.6645833333333,405.261039733887
18.67125,404.627799987793
18.6779166666667,401.713371276855
18.6845833333333,396.553039550781
18.69125,389.220714569092
18.6979166666667,379.828929901123
18.7045833333333,368.524074554443
18.71125,355.48734664917
18.7179166666667,340.92903137207
18.7245833333333,325.077056884766
18.73125,308.17174911499
18.7379166666667,290.459156036377
18.7445833333333,272.19295501709
18.75125,253.622531890869
18.7579166666667,234.983921051025
18.7645833333333,216.494083404541
18.77125,198.351860046387
18.7779166666667,180.73844909668
18.7845833333333,163.808822631836
18.79125,147.688865661621
18.7979166666667,132.476806640625
18.8045833333333,118.242263793945
18.81125,105.034351348877
18.8179166666667,92.8792953491211
18.8245833333333,81.7818641662598
18.83125,71.7267990112305
18.8379166666667,62.6816749572754
18.8445833333333,54.6026229858398
18.85125,47.4390983581543
18.8579166666667,41.130542755127
18.8645833333333,35.6125831604004
18.87125,30.8146476745605
18.8779166666667,26.669979095459
18.8845833333333,23.1118202209473
18.89125,20.0772285461426
18.8979166666667,17.5037384033203
18.9045833333333,15.3326988220215
18.91125,13.5111808776855
18.9179166666667,11.9919776916504
18.9245833333333,10.7331275939941
18.93125,9.69505310058594
18.9379166666667,8.84485244750977
18.9445833333333,8.15343856811523
18.95125,7.59553909301758
18.9579166666667,7.14969635009766
18.9645833333333,6.79683685302734
18.97125,6.52122497558594
18.9779166666667,6.30998611450195
18.9845833333333,6.15310668945313
18.99125,6.04104995727539
18.9979166666667,5.9666633605957
19.0045833333333,5.92374801635742
19.01125,5.90801239013672
19.0179166666667,5.91564178466797
19.0245833333333,5.94282150268555
19.03125,5.98716735839844
19.0379166666667,6.04820251464844
19.0445833333333,6.12640380859375
19.05125,6.22129440307617
19.0579166666667,6.33478164672852
19.0645833333333,6.46829605102539
19.07125,6.62565231323242
19.0779166666667,6.80828094482422
19.0845833333333,7.0195198059082
19.09125,7.2627067565918
19.0979166666667,7.54165649414063
19.1045833333333,7.86113739013672
19.11125,8.22687149047852
19.1179166666667,8.64505767822266
19.1245833333333,9.1242790222168
19.13125,9.67216491699219
19.1379166666667,10.2977752685547
19.1445833333333,11.012077331543
19.15125,11.8269920349121
19.1579166666667,12.7558708190918
19.1645833333333,13.8111114501953
19.17125,15.0089263916016
19.1779166666667,16.3660049438477
19.1845833333333,17.9028511047363
19.19125,19.6409225463867
19.1979166666667,21.6021537780762
19.2045833333333,23.8103866577148
19.21125,26.2961387634277
19.2179166666667,29.0918350219727
19.2245833333333,32.2341918945313
19.23125,35.7613563537598
19.2379166666667,39.7162437438965
19.2445833333333,44.1489219665527
19.25125,49.1161346435547
19.2579166666667,54.6789169311523
19.2645833333333,60.9040260314941
19.27125,67.8634643554688
19.2779166666667,75.6435394287109
19.2845833333333,84.3400955200195
19.29125,94.0608978271484
19.2979166666667,104.919910430908
19.3045833333333,117.037773132324
19.31125,130.549907684326
19.3179166666667,145.607948303223
19.3245833333333,162.377834320068
19.33125,181.031227111816
19.3379166666667,201.742649078369
19.3445833333333,224.700450897217
19.35125,250.102519989014
19.3579166666667,278.154373168945
19.3645833333333,309.056282043457
19.37125,342.992782592773
19.3779166666667,380.142688751221
19.3845833333333,420.669555664063
19.39125,464.721202850342
19.3979166666667,512.417316436768
19.4045833333333,563.827037811279
19.41125,618.968486785889
19.4179166666667,677.803993225098
19.4245833333333,740.24486541748
19.43125,806.138515472412
19.4379166666667,875.239372253418
19.4445833333333,947.214603424072
19.45125,1021.64840698242
19.4579166666667,1098.05727005005
19.4645833333333,1175.87852478027
19.47125,1254.45032119751
19.4779166666667,1333.00828933716
19.4845833333333,1410.71605682373
19.49125,1486.70339584351
19.4979166666667,1560.0790977478
19.5045833333333,1629.92143630981
19.51125,1695.28532028198
19.5179166666667,1755.27811050415
19.5245833333333,1809.05771255493
19.53125,1855.85880279541
19.5379166666667,1894.94752883911
19.5445833333333,1925.68111419678
19.55125,1947.56507873535
19.5579166666667,1960.22367477417
19.5645833333333,1963.38987350464
19.57125,1956.862449646
19.5779166666667,1940.61279296875
19.5845833333333,1914.78586196899
19.59125,1879.65488433838
19.5979166666667,1835.60371398926
19.6045833333333,1783.16783905029
19.61125,1723.05297851563
19.6179166666667,1656.08596801758
19.6245833333333,1583.17470550537
19.63125,1505.29432296753
19.6379166666667,1423.47812652588
19.6445833333333,1338.79613876343
19.65125,1252.34174728394
19.6579166666667,1165.18068313599
19.6645833333333,1078.30762863159
19.67125,992.62523651123
19.6779166666667,908.960342407227
19.6845833333333,828.055858612061
19.69125,750.542640686035
19.6979166666667,676.915168762207
19.7045833333333,607.539653778076
19.71125,542.682647705078
19.7179166666667,482.522487640381
19.7245833333333,427.139759063721
19.73125,376.515865325928
19.7379166666667,330.546855926514
19.7445833333333,289.074420928955
19.75125,251.901626586914
19.7579166666667,218.795776367188
19.7645833333333,189.487934112549
19.77125,163.681030273438
19.7779166666667,141.075134277344
19.7845833333333,121.376991271973
19.79125,104.302883148193
19.7979166666667,89.5724296569824
19.8045833333333,76.9157409667969
19.81125,66.0815238952637
19.8179166666667,56.8428039550781
19.8245833333333,48.9940643310547
19.83125,42.3469543457031
19.8379166666667,36.7307662963867
19.8445833333333,31.9933891296387
19.85125,28.0032157897949
19.8579166666667,24.6467590332031
19.8645833333333,21.824836730957
19.87125,19.4516181945801
19.8779166666667,17.453670501709
19.8845833333333,15.7680511474609
19.89125,14.3437385559082
19.8979166666667,13.1363868713379
19.9045833333333,12.1097564697266
19.91125,11.2338066101074
19.9179166666667,10.4823112487793
19.9245833333333,9.83572006225586
19.93125,9.27639007568359
19.9379166666667,8.79049301147461
19.9445833333333,8.36467742919922
19.95125,7.98988342285156
19.9579166666667,7.65752792358398
19.9645833333333,7.36188888549805
19.97125,7.09819793701172
19.9779166666667,6.86120986938477
19.9845833333333,6.64758682250977
19.99125,6.45542144775391
19.9979166666667,6.28232955932617
20.0045833333333,6.12735748291016
20.01125,5.98859786987305
20.0179166666667,5.86605072021484
20.0245833333333,5.75876235961914
20.03125,5.66434860229492
20.0379166666667,5.58233261108398
20.0445833333333,5.51223754882813
20.05125,5.45358657836914
20.0579166666667,5.40590286254883
20.0645833333333,5.36918640136719
20.07125,5.34391403198242
20.0779166666667,5.33103942871094
20.0845833333333,5.32865524291992
20.09125,5.33580780029297
20.0979166666667,5.35345077514648
20.1045833333333,5.38110733032227
20.11125,5.41830062866211
20.1179166666667,5.46455383300781
20.1245833333333,5.51843643188477
20.13125,5.57899475097656
20.1379166666667,5.6462287902832
20.1445833333333,5.71966171264648
20.15125,5.79833984375
20.1579166666667,5.87987899780273
20.1645833333333,5.96427917480469
20.17125,6.05201721191406
20.1779166666667,6.13975524902344
20.1845833333333,6.22653961181641
20.19125,6.30998611450195
20.1979166666667,6.38914108276367
20.2045833333333,6.46352767944336
20.21125,6.53171539306641
20.2179166666667,6.59370422363281
20.2245833333333,6.64854049682617
20.23125,6.69384002685547
20.2379166666667,6.7291259765625
20.2445833333333,6.75296783447266
20.25125,6.76488876342773
20.2579166666667,6.76441192626953
20.2645833333333,6.75058364868164
20.27125,6.72388076782227
20.2779166666667,6.68525695800781
20.2845833333333,6.63471221923828
20.29125,6.57176971435547
20.2979166666667,6.49785995483398
20.3045833333333,6.41345977783203
20.31125,6.31856918334961
20.3179166666667,6.21557235717773
20.3245833333333,6.103515625
20.33125,5.98478317260742
20.3379166666667,5.86080551147461
20.3445833333333,5.73158264160156
20.35125,5.59806823730469
20.3579166666667,5.462646484375
20.3645833333333,5.32722473144531
20.37125,5.19227981567383
20.3779166666667,5.05733489990234
20.3845833333333,4.92477416992188
20.39125,4.79507446289063
20.3979166666667,4.67061996459961
20.4045833333333,4.55093383789063
20.41125,4.43792343139648
20.4179166666667,4.33206558227539
20.4245833333333,4.23431396484375
20.43125,4.14514541625977
20.4379166666667,4.06455993652344
20.4445833333333,3.99446487426758
20.45125,3.93390655517578
20.4579166666667,3.88336181640625
20.4645833333333,3.84378433227539
20.47125,3.81660461425781
20.4779166666667,3.80229949951172
20.4845833333333,3.80039215087891
20.49125,3.80945205688477
20.4979166666667,3.8304328918457
20.5045833333333,3.86333465576172
20.51125,3.90768051147461
20.5179166666667,3.96490097045898
20.5245833333333,4.03404235839844
20.53125,4.11701202392578
20.5379166666667,4.21237945556641
20.5445833333333,4.32109832763672
20.55125,4.4407844543457
20.5579166666667,4.57191467285156
20.5645833333333,4.7144889831543
20.57125,4.86898422241211
20.5779166666667,5.0358772277832
20.5845833333333,5.21469116210938
20.59125,5.40494918823242
20.5979166666667,5.60522079467773
20.6045833333333,5.81502914428711
20.61125,6.03294372558594
20.6179166666667,6.25848770141602
20.6245833333333,6.49070739746094
20.63125,6.7296028137207
20.6379166666667,6.9737434387207
20.6445833333333,7.22217559814453
20.65125,7.47203826904297
20.6579166666667,7.72333145141602
20.6645833333333,7.97319412231445
20.67125,8.22114944458008
20.6779166666667,8.46529006958008
20.6845833333333,8.70418548583984
20.69125,8.93783569335938
20.6979166666667,9.16385650634766
20.7045833333333,9.38177108764648
20.71125,9.58824157714844
20.7179166666667,9.7808837890625
20.7245833333333,9.96065139770508
20.73125,10.1265907287598
20.7379166666667,10.2777481079102
20.7445833333333,10.4131698608398
20.75125,10.5342864990234
20.7579166666667,10.6406211853027
20.7645833333333,10.7302665710449
20.77125,10.8022689819336
20.7779166666667,10.857105255127
20.7845833333333,10.8966827392578
20.79125,10.9190940856934
20.7979166666667,10.9238624572754
20.8045833333333,10.9124183654785
20.81125,10.8852386474609
20.8179166666667,10.8418464660645
20.8245833333333,10.7827186584473
20.83125,10.7078552246094
20.8379166666667,10.6182098388672
20.8445833333333,10.5161666870117
20.85125,10.4026794433594
20.8579166666667,10.2767944335938
20.8645833333333,10.138988494873
20.87125,9.99021530151367
20.8779166666667,9.83190536499023
20.8845833333333,9.66453552246094
20.89125,9.48667526245117
20.8979166666667,9.30023193359375
20.9045833333333,9.10568237304688
20.91125,8.90541076660156
20.9179166666667,8.69846343994141
20.9245833333333,8.48531723022461
20.93125,8.26787948608398
20.9379166666667,8.04662704467773
20.9445833333333,7.82251358032227
20.95125,7.59649276733398
20.9579166666667,7.3695182800293
20.9645833333333,7.14254379272461
20.97125,6.91604614257813
20.9779166666667,6.69002532958984
20.9845833333333,6.46495819091797
20.99125,6.2413215637207
20.9979166666667,6.02006912231445
21.0045833333333,5.80167770385742
21.01125,5.58614730834961
21.0179166666667,5.37538528442383
21.0245833333333,5.17034530639648
21.03125,4.97150421142578
21.0379166666667,4.77886199951172
21.0445833333333,4.5933723449707
21.05125,4.41551208496094
21.0579166666667,4.24480438232422
21.0645833333333,4.08029556274414
21.07125,3.9215087890625
21.0779166666667,3.77082824707031
21.0845833333333,3.62777709960938
21.09125,3.49330902099609
21.0979166666667,3.36742401123047
21.1045833333333,3.25107574462891
21.11125,3.1437873840332
21.1179166666667,3.04365158081055
21.1245833333333,2.95114517211914
21.13125,2.86579132080078
21.1379166666667,2.78759002685547
21.1445833333333,2.71701812744141
21.15125,2.65312194824219
21.1579166666667,2.59780883789063
21.1645833333333,2.55012512207031
21.17125,2.51054763793945
21.1779166666667,2.47764587402344
21.1845833333333,2.44998931884766
21.19125,2.42805480957031
21.1979166666667,2.41184234619141
21.2045833333333,2.40039825439453
21.21125,2.39467620849609
21.2179166666667,2.39372253417969
21.2245833333333,2.39896774291992
21.23125,2.40898132324219
21.2379166666667,2.42233276367188
21.2445833333333,2.43759155273438
21.25125,2.45571136474609
21.2579166666667,2.47716903686523
21.2645833333333,2.50148773193359
21.27125,2.52866744995117
21.2779166666667,2.55966186523438
21.2845833333333,2.5944709777832
21.29125,2.63071060180664
21.2979166666667,2.66838073730469
21.3045833333333,2.70795822143555
21.31125,2.75087356567383
21.3179166666667,2.79617309570313
21.3245833333333,2.84385681152344
21.33125,2.89392471313477
21.3379166666667,2.94828414916992
21.3445833333333,3.0055046081543
21.35125,3.06606292724609
21.3579166666667,3.1285285949707
21.3645833333333,3.19433212280273
21.37125,3.26442718505859
21.3779166666667,3.33833694458008
21.3845833333333,3.4174919128418
21.39125,3.50093841552734
21.3979166666667,3.59010696411133
21.4045833333333,3.68452072143555
21.41125,3.7846565246582
21.4179166666667,3.8905143737793
21.4245833333333,4.00257110595703
21.43125,4.119873046875
21.4379166666667,4.24337387084961
21.4445833333333,4.37259674072266
21.45125,4.50801849365234
21.4579166666667,4.64916229248047
21.4645833333333,4.79507446289063
21.47125,4.94527816772461
21.4779166666667,5.10072708129883
21.4845833333333,5.26094436645508
21.49125,5.42402267456055
21.4979166666667,5.58853149414063
21.5045833333333,5.75399398803711
21.51125,5.91945648193359
21.5179166666667,6.08491897583008
21.5245833333333,6.24847412109375
21.53125,6.41059875488281
21.5379166666667,6.57081604003906
21.5445833333333,6.7286491394043
21.55125,6.8821907043457
21.5579166666667,7.03287124633789
21.5645833333333,7.18021392822266
21.57125,7.32421875
21.5779166666667,7.46488571166992
21.5845833333333,7.60221481323242
21.59125,7.73859024047852
21.5979166666667,7.8740119934082
21.6045833333333,8.00991058349609
21.61125,8.148193359375
21.6179166666667,8.29124450683594
21.6245833333333,8.44097137451172
21.63125,8.60118865966797
21.6379166666667,8.7742805480957
21.6445833333333,8.96358489990234
21.65125,9.17482376098633
21.6579166666667,9.41228866577148
21.6645833333333,9.68170166015625
21.67125,9.98783111572266
21.6779166666667,10.3344917297363
21.6845833333333,10.7274055480957
21.69125,11.1727714538574
21.6979166666667,11.6763114929199
21.7045833333333,12.244701385498
21.71125,12.8841400146484
21.7179166666667,13.6046409606934
21.7245833333333,14.4138336181641
21.73125,15.3193473815918
21.7379166666667,16.3278579711914
21.7445833333333,17.4484252929688
21.75125,18.6891555786133
21.7579166666667,20.0586318969727
21.7645833333333,21.5635299682617
21.77125,23.2114791870117
21.7779166666667,25.0086784362793
21.7845833333333,26.9627571105957
21.79125,29.0789604187012
21.7979166666667,31.3606262207031
21.8045833333333,33.8082313537598
21.81125,36.4227294921875
21.8179166666667,39.2041206359863
21.8245833333333,42.1504974365234
21.83125,45.2561378479004
21.8379166666667,48.5134124755859
21.8445833333333,51.9123077392578
21.85125,55.4394721984863
21.8579166666667,59.0791702270508
21.8645833333333,62.8128051757813
21.87125,66.617488861084
21.8779166666667,70.4689025878906
21.8845833333333,74.3427276611328
21.89125,78.2113075256348
21.8979166666667,82.0455551147461
21.9045833333333,85.8125686645508
21.91125,89.4808769226074
21.9179166666667,93.017578125
21.9245833333333,96.3902473449707
21.93125,99.5645523071289
21.9379166666667,102.508544921875
21.9445833333333,105.191707611084
21.95125,107.584953308105
21.9579166666667,109.663009643555
21.9645833333333,111.401081085205
21.97125,112.778663635254
21.9779166666667,113.781452178955
21.9845833333333,114.396095275879
21.99125,114.614009857178
21.9979166666667,114.431858062744
22.0045833333333,113.851547241211
22.01125,112.879276275635
22.0179166666667,111.52458190918
22.0245833333333,109.800338745117
22.03125,107.725620269775
22.0379166666667,105.320930480957
22.0445833333333,102.612495422363
22.05125,99.6270179748535
22.0579166666667,96.3954925537109
22.0645833333333,92.9508209228516
22.07125,89.3254280090332
22.0779166666667,85.5536460876465
22.0845833333333,81.6693305969238
22.09125,77.7077674865723
22.0979166666667,73.7009048461914
22.1045833333333,69.6797370910645
22.11125,65.6752586364746
22.1179166666667,61.7160797119141
22.1245833333333,57.8279495239258
22.13125,54.0318489074707
22.1379166666667,50.346851348877
22.1445833333333,46.7910766601563
22.15125,43.3773994445801
22.1579166666667,40.1186943054199
22.1645833333333,37.0230674743652
22.17125,34.0976715087891
22.1779166666667,31.3458442687988
22.1845833333333,28.7699699401855
22.19125,26.3690948486328
22.1979166666667,24.1408348083496
22.2045833333333,22.0799446105957
22.21125,20.1811790466309
22.2179166666667,18.4392929077148
22.2245833333333,16.8476104736328
22.23125,15.3989791870117
22.2379166666667,14.0852928161621
22.2445833333333,12.8970146179199
22.25125,11.8250846862793
22.2579166666667,10.861873626709
22.2645833333333,9.99879837036133
22.27125,9.22870635986328
22.2779166666667,8.54253768920898
22.2845833333333,7.93266296386719
22.29125,7.39383697509766
22.2979166666667,6.91795349121094
22.3045833333333,6.49738311767578
22.31125,6.12735748291016
22.3179166666667,5.80358505249023
22.3245833333333,5.52272796630859
22.33125,5.28097152709961
22.3379166666667,5.07402420043945
22.3445833333333,4.89997863769531
22.35125,4.75549697875977
22.3579166666667,4.638671875
22.3645833333333,4.5466423034668
22.37125,4.47893142700195
22.3779166666667,4.43506240844727
22.3845833333333,4.41360473632813
22.39125,4.41455841064453
22.3979166666667,4.43649291992188
22.4045833333333,4.48036193847656
22.41125,4.5466423034668
22.4179166666667,4.63676452636719
22.4245833333333,4.75120544433594
22.43125,4.89091873168945
22.4379166666667,5.05781173706055
22.4445833333333,5.25474548339844
22.45125,5.48458099365234
22.4579166666667,5.74970245361328
22.4645833333333,6.05201721191406
22.47125,6.39581680297852
22.4779166666667,6.78396224975586
22.4845833333333,7.22074508666992
22.49125,7.70902633666992
22.4979166666667,8.2545280456543
22.5045833333333,8.86297225952148
22.51125,9.53912734985352
22.5179166666667,10.2906227111816
22.5245833333333,11.1222267150879
22.53125,12.0415687561035
22.5379166666667,13.0553245544434
22.5445833333333,14.1730308532715
22.55125,15.4032707214355
22.5579166666667,16.7560577392578
22.5645833333333,18.2409286499023
22.57125,19.869327545166
22.5779166666667,21.6522216796875
22.5845833333333,23.6010551452637
22.59125,25.7291793823242
22.5979166666667,28.0485153198242
22.6045833333333,30.571460723877
22.61125,33.3099365234375
22.6179166666667,36.2787246704102
22.6245833333333,39.4911766052246
22.63125,42.9592132568359
22.6379166666667,46.6952323913574
22.6445833333333,50.7116317749023
22.65125,55.0193786621094
22.6579166666667,59.6275329589844
22.6645833333333,64.5427703857422
22.67125,69.770336151123
22.6779166666667,75.3107070922852
22.6845833333333,81.1643600463867
22.69125,87.3312950134277
22.6979166666667,93.803882598877
22.7045833333333,100.570201873779
22.71125,107.61547088623
22.7179166666667,114.921569824219
22.7245833333333,122.466564178467
22.73125,130.221843719482
22.7379166666667,138.152599334717
22.7445833333333,146.220684051514
22.75125,154.385089874268
22.7579166666667,162.600994110107
22.7645833333333,170.820236206055
22.77125,178.988933563232
22.7779166666667,187.052249908447
22.7845833333333,194.950103759766
22.79125,202.62336730957
22.7979166666667,210.011959075928
22.8045833333333,217.052459716797
22.81125,223.683834075928
22.8179166666667,229.84504699707
22.8245833333333,235.480785369873
22.83125,240.536689758301
22.8379166666667,244.963645935059
22.8445833333333,248.714923858643
22.85125,251.749992370605
22.8579166666667,254.034519195557
22.8645833333333,255.541324615479
22.87125,256.252765655518
22.8779166666667,256.158351898193
22.8845833333333,255.256175994873
22.89125,253.551959991455
22.8979166666667,251.060962677002
22.9045833333333,247.804641723633
22.91125,243.812561035156
22.9179166666667,239.120960235596
22.9245833333333,233.771800994873
22.93125,227.813243865967
22.9379166666667,221.296787261963
22.9445833333333,214.280605316162
22.95125,206.827163696289
22.9579166666667,199.000358581543
22.9645833333333,190.861225128174
22.97125,182.471752166748
22.9779166666667,173.899173736572
22.9845833333333,165.20881652832
22.99125,156.461715698242
22.9979166666667,147.715091705322
23.0045833333333,139.025211334229
23.01125,130.446910858154
23.0179166666667,122.029781341553
23.0245833333333,113.817691802979
23.03125,105.847358703613
23.0379166666667,98.1512069702148
23.0445833333333,90.7578468322754
23.05125,83.6911201477051
23.0579166666667,76.9681930541992
23.0645833333333,70.6014633178711
23.07125,64.5999908447266
23.0779166666667,58.9656829833984
23.0845833333333,53.6994934082031
23.09125,48.7990379333496
23.0979166666667,44.2581176757813
23.1045833333333,40.064811706543
23.11125,36.2067222595215
23.1179166666667,32.6714515686035
23.1245833333333,29.444694519043
23.13125,26.5092849731445
23.1379166666667,23.8471031188965
23.1445833333333,21.4405059814453
23.15125,19.2728042602539
23.1579166666667,17.3254013061523
23.1645833333333,15.5816078186035
23.17125,14.0228271484375
23.1779166666667,12.6328468322754
23.1845833333333,11.3964080810547
23.19125,10.3001594543457
23.1979166666667,9.33122634887695
23.2045833333333,8.47578048706055
23.21125,7.72237777709961
23.2179166666667,7.06052780151367
23.2245833333333,6.47974014282227
23.23125,5.97143173217773
23.2379166666667,5.52606582641602
23.2445833333333,5.13696670532227
23.25125,4.79698181152344
23.2579166666667,4.5013427734375
23.2645833333333,4.24385070800781
23.27125,4.02021408081055
23.2779166666667,3.82566452026367
23.2845833333333,3.65591049194336
23.29125,3.50809097290039
23.2979166666667,3.38029861450195
23.3045833333333,3.26967239379883
23.31125,3.17573547363281
23.3179166666667,3.09658050537109
23.3245833333333,3.03173065185547
23.33125,2.97927856445313
23.3379166666667,2.93827056884766
23.3445833333333,2.90679931640625
23.35125,2.88486480712891
23.3579166666667,2.87008285522461
23.3645833333333,2.86340713500977
23.37125,2.86340713500977
23.3779166666667,2.87055969238281
23.3845833333333,2.8843879699707
23.39125,2.90441513061523
23.3979166666667,2.93159484863281
23.4045833333333,2.96497344970703
23.41125,3.00407409667969
23.4179166666667,3.04889678955078
23.4245833333333,3.09848785400391
23.43125,3.15332412719727
23.4379166666667,3.21340560913086
23.4445833333333,3.27825546264648
23.45125,3.34739685058594
23.4579166666667,3.42226028442383
23.4645833333333,3.50379943847656
23.47125,3.59153747558594
23.4779166666667,3.68261337280273
23.4845833333333,3.77750396728516
23.49125,3.8762092590332
23.4979166666667,3.97920608520508
23.5045833333333,4.08554077148438
23.51125,4.19378280639648
23.5179166666667,4.30631637573242
23.5245833333333,4.42218780517578
23.53125,4.54092025756836
23.5379166666667,4.66060638427734
23.5445833333333,4.78076934814453
23.55125,4.90188598632813
23.5579166666667,5.02347946166992
23.5645833333333,5.14459609985352
23.57125,5.26523590087891
23.5779166666667,5.38444519042969
23.5845833333333,5.50127029418945
23.59125,5.6147575378418
23.5979166666667,5.72395324707031
23.6045833333333,5.8283805847168
23.61125,5.92803955078125
23.6179166666667,6.02197647094727
23.6245833333333,6.11114501953125
23.63125,6.19268417358398
23.6379166666667,6.26659393310547
23.6445833333333,6.33096694946289
23.65125,6.38628005981445
23.6579166666667,6.43253326416016
23.6645833333333,6.46829605102539
23.67125,6.49499893188477
23.6779166666667,6.51216506958008
23.6845833333333,6.51979446411133
23.69125,6.51693344116211
23.6979166666667,6.50262832641602
23.7045833333333,6.47687911987305
23.71125,6.439208984375
23.7179166666667,6.39200210571289
23.7245833333333,6.33478164672852
23.73125,6.26754760742188
23.7379166666667,6.19077682495117
23.7445833333333,6.10685348510742
23.75125,6.01482391357422
23.7579166666667,5.91516494750977
23.7645833333333,5.80883026123047
23.77125,5.69629669189453
23.7779166666667,5.57851791381836
23.7845833333333,5.45501708984375
23.79125,5.32722473144531
23.7979166666667,5.19752502441406
23.8045833333333,5.06591796875
23.81125,4.93383407592773
23.8179166666667,4.80127334594727
23.8245833333333,4.669189453125
23.83125,4.53758239746094
23.8379166666667,4.40692901611328
23.8445833333333,4.27818298339844
23.85125,4.15277481079102
23.8579166666667,4.03070449829102
23.8645833333333,3.91292572021484
23.87125,3.80086898803711
23.8779166666667,3.6931037902832
23.8845833333333,3.58963012695313
23.89125,3.49092483520508
23.8979166666667,3.39841842651367
23.9045833333333,3.3106803894043
23.91125,3.22866439819336
23.9179166666667,3.15189361572266
23.9245833333333,3.082275390625
23.93125,3.01885604858398
23.9379166666667,2.96115875244141
23.9445833333333,2.90918350219727
23.95125,2.86388397216797
23.9579166666667,2.82430648803711
23.9645833333333,2.79045104980469
23.97125,2.7618408203125
23.9779166666667,2.73895263671875
23.9845833333333,2.72035598754883
23.99125,2.70652770996094
23.9979166666667,2.69746780395508
24.0045833333333,2.69317626953125
24.01125,2.69365310668945
24.0179166666667,2.69794464111328
24.0245833333333,2.70652770996094
24.03125,2.71892547607422
24.0379166666667,2.73561477661133
24.0445833333333,2.75421142578125
24.05125,2.77423858642578
24.0579166666667,2.79617309570313
24.0645833333333,2.82049179077148
24.07125,2.84624099731445
24.0779166666667,2.87294387817383
24.0845833333333,2.90060043334961
24.09125,2.9292106628418
24.0979166666667,2.95829772949219
24.1045833333333,2.98738479614258
24.11125,3.01599502563477
24.1179166666667,3.04365158081055
24.1245833333333,3.07130813598633
24.13125,3.0970573425293
24.1379166666667,3.12137603759766
24.1445833333333,3.143310546875
24.15125,3.16429138183594
24.1579166666667,3.18431854248047
24.1645833333333,3.20243835449219
24.17125,3.21865081787109
24.1779166666667,3.23343276977539
24.1845833333333,3.24821472167969
24.19125,3.26013565063477
24.1979166666667,3.26919555664063
24.2045833333333,3.27539443969727
24.21125,3.2811164855957
24.2179166666667,3.28445434570313
24.2245833333333,3.28588485717773
24.23125,3.28540802001953
24.2379166666667,3.28397750854492
24.2445833333333,3.28207015991211
24.25125,3.27825546264648
24.2579166666667,3.27348709106445
24.2645833333333,3.26776504516602
24.27125,3.26156616210938
24.2779166666667,3.25489044189453
24.2845833333333,3.24773788452148
24.29125,3.24010848999023
24.2979166666667,3.23247909545898
24.3045833333333,3.22580337524414
24.31125,3.22055816650391
24.3179166666667,3.21531295776367
24.3245833333333,3.21149826049805
24.33125,3.20863723754883
24.3379166666667,3.20672988891602
24.3445833333333,3.20529937744141
24.35125,3.20529937744141
24.3579166666667,3.20720672607422
24.3645833333333,3.21149826049805
24.37125,3.21865081787109
24.3779166666667,3.22914123535156
24.3845833333333,3.24344635009766
24.39125,3.26156616210938
24.3979166666667,3.28350067138672
24.4045833333333,3.30877304077148
24.41125,3.33881378173828
24.4179166666667,3.37362289428711
24.4245833333333,3.41320037841797
24.43125,3.45706939697266
24.4379166666667,3.50570678710938
24.4445833333333,3.56006622314453
24.45125,3.62062454223633
24.4579166666667,3.68785858154297
24.4645833333333,3.76129150390625
24.47125,3.84187698364258
24.4779166666667,3.93009185791016
24.4845833333333,4.02593612670898
24.49125,4.12845611572266
24.4979166666667,4.23669815063477
24.5045833333333,4.35161590576172
24.51125,4.47320938110352
24.5179166666667,4.60100173950195
24.5245833333333,4.73499298095703
24.53125,4.87470626831055
24.5379166666667,5.02204895019531
24.5445833333333,5.17606735229492
24.55125,5.33628463745117
24.5579166666667,5.50031661987305
24.5645833333333,5.66911697387695
24.57125,5.84316253662109
24.5779166666667,6.02054595947266
24.5845833333333,6.19935989379883
24.59125,6.37960433959961
24.5979166666667,6.56223297119141
24.6045833333333,6.74724578857422
24.61125,6.93416595458984
24.6179166666667,7.12108612060547
24.6245833333333,7.30991363525391
24.63125,7.49969482421875
24.6379166666667,7.68947601318359
24.6445833333333,7.87782669067383
24.65125,8.06570053100586
24.6579166666667,8.25357437133789
24.6645833333333,8.44097137451172
24.67125,8.62741470336914
24.6779166666667,8.81242752075195
24.6845833333333,8.99600982666016
24.69125,9.17720794677734
24.6979166666667,9.3541145324707
24.7045833333333,9.52625274658203
24.71125,9.69505310058594
24.7179166666667,9.86099243164063
24.7245833333333,10.0226402282715
24.73125,10.1785659790039
24.7379166666667,10.3273391723633
24.7445833333333,10.4689598083496
24.75125,10.6015205383301
24.7579166666667,10.7231140136719
24.7645833333333,10.8346939086914
24.77125,10.9353065490723
24.7779166666667,11.0249519348145
24.7845833333333,11.1007690429688
24.79125,11.162281036377
24.7979166666667,11.2075805664063
24.8045833333333,11.2361907958984
24.81125,11.2462043762207
24.8179166666667,11.2385749816895
24.8245833333333,11.2147331237793
24.83125,11.174201965332
24.8379166666667,11.1174583435059
24.8445833333333,11.0430717468262
24.85125,10.9519958496094
24.8579166666667,10.8437538146973
24.8645833333333,10.7192993164063
24.87125,10.5781555175781
24.8779166666667,10.4212760925293
24.8845833333333,10.2496147155762
24.89125,10.0655555725098
24.8979166666667,9.86957550048828
24.9045833333333,9.66262817382813
24.91125,9.4456672668457
24.9179166666667,9.22012329101563
24.9245833333333,8.9879035949707
24.93125,8.74900817871094
24.9379166666667,8.50582122802734
24.9445833333333,8.26072692871094
24.95125,8.01420211791992
24.9579166666667,7.76815414428711
24.9645833333333,7.5225830078125
24.97125,7.27987289428711
24.9779166666667,7.04193115234375
24.9845833333333,6.80875778198242
24.99125,6.58035278320313
24.9979166666667,6.35766983032227
25.0045833333333,6.14213943481445
25.01125,5.93376159667969
25.0179166666667,5.73348999023438
25.0245833333333,5.54132461547852
25.03125,5.35917282104492
25.0379166666667,5.18798828125
25.0445833333333,5.02681732177734
25.05125,4.87565994262695
25.0579166666667,4.73403930664063
25.0645833333333,4.60195541381836
25.07125,4.47845458984375
25.0779166666667,4.364013671875
25.0845833333333,4.25910949707031
25.09125,4.16374206542969
25.0979166666667,4.07743453979492
25.1045833333333,4.00018692016602
25.11125,3.93009185791016
25.1179166666667,3.86667251586914
25.1245833333333,3.81040573120117
25.13125,3.76081466674805
25.1379166666667,3.71742248535156
25.1445833333333,3.67975234985352
25.15125,3.64828109741211
25.1579166666667,3.62253189086914
25.1645833333333,3.6005973815918
25.17125,3.58295440673828
25.1779166666667,3.56960296630859
25.1845833333333,3.56149673461914
25.19125,3.55720520019531
25.1979166666667,3.5552978515625
25.2045833333333,3.5557746887207
25.21125,3.55815887451172
25.2179166666667,3.56245040893555
25.2245833333333,3.56912612915039
25.23125,3.57770919799805
25.2379166666667,3.58867645263672
25.2445833333333,3.60012054443359
25.25125,3.61299514770508
25.2579166666667,3.62634658813477
25.2645833333333,3.64017486572266
25.27125,3.65495681762695
25.2779166666667,3.67021560668945
25.2845833333333,3.68690490722656
25.29125,3.70454788208008
25.2979166666667,3.72219085693359
25.3045833333333,3.7388801574707
25.31125,3.75509262084961
25.3179166666667,3.77225875854492
25.3245833333333,3.79037857055664
25.33125,3.80897521972656
25.3379166666667,3.82804870605469
25.3445833333333,3.84855270385742
25.35125,3.87001037597656
25.3579166666667,3.8914680480957
25.3645833333333,3.91435623168945
25.37125,3.93867492675781
25.3779166666667,3.96537780761719
25.3845833333333,3.99351119995117
25.39125,4.02498245239258
25.3979166666667,4.0583610534668
25.4045833333333,4.09412384033203
25.41125,4.13274765014648
25.4179166666667,4.17327880859375
25.4245833333333,4.21619415283203
25.43125,4.26149368286133
25.4379166666667,4.30965423583984
25.4445833333333,4.36019897460938
25.45125,4.41455841064453
25.4579166666667,4.47320938110352
25.4645833333333,4.53376770019531
25.47125,4.59623336791992
25.4779166666667,4.66060638427734
25.4845833333333,4.72640991210938
25.49125,4.79316711425781
25.4979166666667,4.85992431640625
25.5045833333333,4.92763519287109
25.51125,4.99629974365234
25.5179166666667,5.06496429443359
25.5245833333333,5.13219833374023
25.53125,5.19752502441406
25.5379166666667,5.26046752929688
25.5445833333333,5.32007217407227
25.55125,5.37729263305664
25.5579166666667,5.43117523193359
25.5645833333333,5.48219680786133
25.57125,5.52988052368164
25.5779166666667,5.57327270507813
25.5845833333333,5.61189651489258
25.59125,5.64479827880859
25.5979166666667,5.67245483398438
25.6045833333333,5.69629669189453
25.61125,5.71537017822266
25.6179166666667,5.73062896728516
25.6245833333333,5.74207305908203
25.63125,5.74970245361328
25.6379166666667,5.7530403137207
25.6445833333333,5.7520866394043
25.65125,5.74827194213867
25.6579166666667,5.74254989624023
25.6645833333333,5.73539733886719
25.67125,5.72729110717773
25.6779166666667,5.71870803833008
25.6845833333333,5.71012496948242
25.69125,5.70201873779297
25.6979166666667,5.69438934326172
25.7045833333333,5.68771362304688
25.71125,5.68151473999023
25.7179166666667,5.6757926940918
25.7245833333333,5.67054748535156
25.73125,5.66625595092773
25.7379166666667,5.66291809082031
25.7445833333333,5.6605339050293
25.75125,5.65862655639648
25.7579166666667,5.65862655639648
25.7645833333333,5.6605339050293
25.77125,5.66244125366211
25.7779166666667,5.66434860229492
25.7845833333333,5.66673278808594
25.79125,5.66911697387695
25.7979166666667,5.67102432250977
25.8045833333333,5.67197799682617
25.81125,5.67197799682617
25.8179166666667,5.67150115966797
25.8245833333333,5.67007064819336
25.83125,5.66768646240234
25.8379166666667,5.66482543945313
25.8445833333333,5.6610107421875
25.85125,5.65624237060547
25.8579166666667,5.64956665039063
25.8645833333333,5.64193725585938
25.87125,5.63335418701172
25.8779166666667,5.62429428100586
25.8845833333333,5.61380386352539
25.89125,5.60283660888672
25.8979166666667,5.59234619140625
25.9045833333333,5.58233261108398
25.91125,5.57327270507813
25.9179166666667,5.56421279907227
25.9245833333333,5.55753707885742
25.93125,5.5537223815918
25.9379166666667,5.55324554443359
25.9445833333333,5.55515289306641
25.95125,5.56135177612305
25.9579166666667,5.57327270507813
25.9645833333333,5.59139251708984
25.97125,5.61618804931641
25.9779166666667,5.64861297607422
25.9845833333333,5.68914413452148
25.99125,5.73921203613281
25.9979166666667,5.7978630065918
26.0045833333333,5.86605072021484
26.01125,5.94377517700195
26.0179166666667,6.03246688842773
26.0245833333333,6.13260269165039
26.03125,6.24513626098633
26.0379166666667,6.36959075927734
26.0445833333333,6.50739669799805
26.05125,6.65760040283203
26.0579166666667,6.8206787109375
26.0645833333333,6.99615478515625
26.07125,7.18355178833008
26.0779166666667,7.38191604614258
26.0845833333333,7.59077072143555
26.09125,7.80963897705078
26.0979166666667,8.03852081298828
26.1045833333333,8.27503204345703
26.11125,8.51631164550781
26.1179166666667,8.76188278198242
26.1245833333333,9.01126861572266
26.13125,9.25970077514648
26.1379166666667,9.50336456298828
26.1445833333333,9.74035263061523
26.15125,9.97018814086914
26.1579166666667,10.1895332336426
26.1645833333333,10.3969573974609
26.17125,10.5905532836914
26.1779166666667,10.7698440551758
26.1845833333333,10.9329223632813
26.19125,11.0764503479004
26.1979166666667,11.1994743347168
26.2045833333333,11.2996101379395
26.21125,11.3773345947266
26.2179166666667,11.4302635192871
26.2245833333333,11.4603042602539
26.23125,11.4679336547852
26.2379166666667,11.4536285400391
26.2445833333333,11.4192962646484
26.25125,11.3644599914551
26.2579166666667,11.2919807434082
26.2645833333333,11.2032890319824
26.27125,11.0993385314941
26.2779166666667,10.981559753418
26.2845833333333,10.8518600463867
26.29125,10.7121467590332
26.2979166666667,10.563850402832
26.3045833333333,10.4074478149414
26.31125,10.2443695068359
26.3179166666667,10.0760459899902
26.3245833333333,9.9034309387207
26.33125,9.72795486450195
26.3379166666667,9.55009460449219
26.3445833333333,9.37128067016602
26.35125,9.19151306152344
26.3579166666667,9.01079177856445
26.3645833333333,8.82959365844727
26.37125,8.64887237548828
26.3779166666667,8.46958160400391
26.3845833333333,8.29172134399414
26.39125,8.1171989440918
26.3979166666667,7.94696807861328
26.4045833333333,7.77959823608398
26.41125,7.61556625366211
26.4179166666667,7.45534896850586
26.4245833333333,7.30085372924805
26.43125,7.15208053588867
26.4379166666667,7.01093673706055
26.4445833333333,6.87742233276367
26.45125,6.75249099731445
26.4579166666667,6.63614273071289
26.4645833333333,6.52837753295898
26.47125,6.43062591552734
26.4779166666667,6.34288787841797
26.4845833333333,6.26516342163086
26.49125,6.19792938232422
26.4979166666667,6.14166259765625
26.5045833333333,6.09636306762695
26.51125,6.06107711791992
26.5179166666667,6.03580474853516
26.5245833333333,6.01959228515625
26.53125,6.0124397277832
26.5379166666667,6.01387023925781
26.5445833333333,6.02197647094727
26.55125,6.03723526000977
26.5579166666667,6.0577392578125
26.5645833333333,6.08301162719727
26.57125,6.11066818237305
26.5779166666667,6.14118576049805
26.5845833333333,6.17361068725586
26.59125,6.20603561401367
26.5979166666667,6.23750686645508
26.6045833333333,6.26754760742188
26.61125,6.29663467407227
26.6179166666667,6.32476806640625
26.6245833333333,6.34908676147461
26.63125,6.37006759643555
26.6379166666667,6.38628005981445
26.6445833333333,6.39772415161133
26.65125,6.40296936035156
26.6579166666667,6.40153884887695
26.6645833333333,6.39438629150391
26.67125,6.38198852539063
26.6779166666667,6.36434555053711
26.6845833333333,6.34098052978516
26.69125,6.31189346313477
26.6979166666667,6.27660751342773
26.7045833333333,6.23607635498047
26.71125,6.19125366210938
26.7179166666667,6.14309310913086
26.7245833333333,6.09254837036133
26.73125,6.03961944580078
26.7379166666667,5.98526000976563
26.7445833333333,5.92947006225586
26.75125,5.8741569519043
26.7579166666667,5.81932067871094
26.7645833333333,5.76496124267578
26.77125,5.71298599243164
26.7779166666667,5.66434860229492
26.7845833333333,5.61904907226563
26.79125,5.57661056518555
26.7979166666667,5.53703308105469
26.8045833333333,5.50127029418945
26.81125,5.46979904174805
26.8179166666667,5.43975830078125
26.8245833333333,5.41257858276367
26.83125,5.38873672485352
26.8379166666667,5.36727905273438
26.8445833333333,5.34820556640625
26.85125,5.33151626586914
26.8579166666667,5.31721115112305
26.8645833333333,5.30481338500977
26.87125,5.2943229675293
26.8779166666667,5.28478622436523
26.8845833333333,5.27620315551758
26.89125,5.26905059814453
26.8979166666667,5.2638053894043
26.9045833333333,5.26046752929688
26.91125,5.25856018066406
26.9179166666667,5.25951385498047
26.9245833333333,5.2642822265625
26.93125,5.27286529541016
26.9379166666667,5.28573989868164
26.9445833333333,5.30290603637695
26.95125,5.32627105712891
26.9579166666667,5.35678863525391
26.9645833333333,5.39445877075195
26.97125,5.43928146362305
26.9779166666667,5.49125671386719
26.9845833333333,5.55133819580078
26.99125,5.61809539794922
26.9979166666667,5.6915283203125
27.0045833333333,5.77211380004883
27.01125,5.859375
27.0179166666667,5.95188140869141
27.0245833333333,6.04867935180664
27.03125,6.15072250366211
27.0379166666667,6.25705718994141
27.0445833333333,6.36625289916992
27.05125,6.47783279418945
27.0579166666667,6.59036636352539
27.0645833333333,6.70242309570313
27.07125,6.81161880493164
27.0779166666667,6.91604614257813
27.0845833333333,7.01475143432617
27.09125,7.10725784301758
27.0979166666667,7.19165802001953
27.1045833333333,7.26699829101563
27.11125,7.33327865600586
27.1179166666667,7.38954544067383
27.1245833333333,7.43389129638672
27.13125,7.46583938598633
27.1379166666667,7.48443603515625
27.1445833333333,7.48968124389648
27.15125,7.48157501220703
27.1579166666667,7.45964050292969
27.1645833333333,7.42387771606445
27.17125,7.37524032592773
27.1779166666667,7.31515884399414
27.1845833333333,7.24458694458008
27.19125,7.16495513916016
27.1979166666667,7.07626342773438
27.2045833333333,6.98041915893555
27.21125,6.87885284423828
27.2179166666667,6.77251815795898
27.2245833333333,6.66236877441406
27.23125,6.54935836791992
27.2379166666667,6.43444061279297
27.2445833333333,6.31952285766602
27.25125,6.20651245117188
27.2579166666667,6.09493255615234
27.2645833333333,5.98669052124023
27.27125,5.88321685791016
27.2779166666667,5.7830810546875
27.2845833333333,5.68723678588867
27.29125,5.59568405151367
27.2979166666667,5.50937652587891
27.3045833333333,5.42974472045898
27.31125,5.35726547241211
27.3179166666667,5.29050827026367
27.3245833333333,5.23090362548828
27.33125,5.17797470092773
27.3379166666667,5.13172149658203
27.3445833333333,5.09071350097656
27.35125,5.05495071411133
27.3579166666667,5.02586364746094
27.3645833333333,5.00345230102539
27.37125,4.98628616333008
27.3779166666667,4.9748420715332
27.3845833333333,4.96912002563477
27.39125,4.96816635131836
27.3979166666667,4.97150421142578
27.4045833333333,4.97770309448242
27.41125,4.98819351196289
27.4179166666667,5.00202178955078
27.4245833333333,5.01823425292969
27.43125,5.03683090209961
27.4379166666667,5.05828857421875
27.4445833333333,5.08260726928711
27.45125,5.10835647583008
27.4579166666667,5.13505935668945
27.4645833333333,5.16176223754883
27.47125,5.1884651184082
27.4779166666667,5.21612167358398
27.4845833333333,5.24377822875977
27.49125,5.27238845825195
27.4979166666667,5.30242919921875
27.5045833333333,5.33437728881836
27.51125,5.36680221557617
27.5179166666667,5.39970397949219
27.5245833333333,5.43355941772461
27.53125,5.46884536743164
27.5379166666667,5.50603866577148
27.5445833333333,5.54561614990234
27.55125,5.58757781982422
27.5579166666667,5.63383102416992
27.5645833333333,5.68342208862305
27.57125,5.7368278503418
27.5779166666667,5.79404830932617
27.5845833333333,5.85508346557617
27.59125,5.91802597045898
27.5979166666667,5.98335266113281
27.6045833333333,6.05058670043945
27.61125,6.11972808837891
27.6179166666667,6.19029998779297
27.6245833333333,6.26134872436523
27.63125,6.33382797241211
27.6379166666667,6.40773773193359
27.6445833333333,6.48164749145508
27.65125,6.55555725097656
27.6579166666667,6.62851333618164
27.6645833333333,6.69956207275391
27.67125,6.76918029785156
27.6779166666667,6.8359375
27.6845833333333,6.89935684204102
27.69125,6.9584846496582
27.6979166666667,7.01332092285156
27.7045833333333,7.0643424987793
27.71125,7.1110725402832
27.7179166666667,7.15541839599609
27.7245833333333,7.19690322875977
27.73125,7.23648071289063
27.7379166666667,7.27319717407227
27.7445833333333,7.3094367980957
27.75125,7.34519958496094
27.7579166666667,7.38096237182617
27.7645833333333,7.41720199584961
27.77125,7.45391845703125
27.7779166666667,7.49301910400391
27.7845833333333,7.53402709960938
27.79125,7.57646560668945
27.7979166666667,7.61938095092773
27.8045833333333,7.66277313232422
27.81125,7.70759582519531
27.8179166666667,7.75384902954102
27.8245833333333,7.80057907104492
27.83125,7.84778594970703
27.8379166666667,7.89594650268555
27.8445833333333,7.94458389282227
27.85125,7.99274444580078
27.8579166666667,8.0409049987793
27.8645833333333,8.08858871459961
27.87125,8.13436508178711
27.8779166666667,8.17966461181641
27.8845833333333,8.22353363037109
27.89125,8.26787948608398
27.8979166666667,8.31270217895508
27.9045833333333,8.35990905761719
27.91125,8.41093063354492
27.9179166666667,8.46624374389648
27.9245833333333,8.52727890014648
27.93125,8.59498977661133
27.9379166666667,8.66985321044922
27.9445833333333,8.75377655029297
27.95125,8.84914398193359
27.9579166666667,8.95786285400391
27.9645833333333,9.08231735229492
27.97125,9.22489166259766
27.9779166666667,9.38844680786133
27.9845833333333,9.57393646240234
27.99125,9.78279113769531
27.9979166666667,10.0159645080566
28.0045833333333,10.2753639221191
28.01125,10.5605125427246
28.0179166666667,10.871410369873
28.0245833333333,11.2090110778809
28.03125,11.5723609924316
28.0379166666667,11.960506439209
28.0445833333333,12.3710632324219
28.05125,12.8030776977539
28.0579166666667,13.2532119750977
28.0645833333333,13.7162208557129
28.07125,14.1878128051758
28.0779166666667,14.6646499633789
28.0845833333333,15.1419639587402
28.09125,15.6149864196777
28.0979166666667,16.0775184631348
28.1045833333333,16.5257453918457
28.11125,16.9544219970703
28.1179166666667,17.359733581543
28.1245833333333,17.7373886108398
28.13125,18.0845260620117
28.1379166666667,18.3987617492676
28.1445833333333,18.6796188354492
28.15125,18.925666809082
28.1579166666667,19.1383361816406
28.1645833333333,19.3166732788086
28.17125,19.4616317749023
28.1779166666667,19.5727348327637
28.1845833333333,19.6504592895508
28.19125,19.6943283081055
28.1979166666667,19.7043418884277
28.2045833333333,19.681453704834
28.21125,19.627571105957
28.2179166666667,19.5412635803223
28.2245833333333,19.4244384765625
28.23125,19.2766189575195
28.2379166666667,19.0978050231934
28.2445833333333,18.8870429992676
28.25125,18.646240234375
28.2579166666667,18.378734588623
28.2645833333333,18.0873870849609
28.27125,17.7769660949707
28.2779166666667,17.4527168273926
28.2845833333333,17.120361328125
28.29125,16.7856216430664
28.2979166666667,16.4532661437988
28.3045833333333,16.1314010620117
28.31125,15.8271789550781
28.3179166666667,15.5463218688965
28.3245833333333,15.2959823608398
28.33125,15.0823593139648
28.3379166666667,14.9116516113281
28.3445833333333,14.7895812988281
28.35125,14.7213935852051
28.3579166666667,14.7104263305664
28.3645833333333,14.7614479064941
28.37125,14.8768424987793
28.3779166666667,15.0594711303711
28.3845833333333,15.3121948242188
28.39125,15.6369209289551
28.3979166666667,16.0360336303711
28.4045833333333,16.510009765625
28.41125,17.0598030090332
28.4179166666667,17.6863670349121
28.4245833333333,18.3877944946289
28.43125,19.1617012023926
28.4379166666667,20.0033187866211
28.4445833333333,20.9074020385742
28.45125,21.8672752380371
28.4579166666667,22.8724479675293
28.4645833333333,23.9100456237793
28.47125,24.965763092041
28.4779166666667,26.0219573974609
28.4845833333333,27.0590782165527
28.49125,28.0551910400391
28.4979166666667,28.9888381958008
28.5045833333333,29.8376083374023
28.51125,30.5814743041992
28.5179166666667,31.2008857727051
28.5245833333333,31.6781997680664
28.53125,31.9995880126953
28.5379166666667,32.1555137634277
28.5445833333333,32.1393013000488
28.55125,31.949520111084
28.5579166666667,31.590461730957
28.5645833333333,31.0711860656738
28.57125,30.4045677185059
28.5779166666667,29.6077728271484
28.5845833333333,28.7017822265625
28.59125,27.7104377746582
28.5979166666667,26.6561508178711
28.6045833333333,25.5627632141113
28.61125,24.4541168212891
28.6179166666667,23.353099822998
28.6245833333333,22.2787857055664
28.63125,21.2459564208984
28.6379166666667,20.2693939208984
28.6445833333333,19.3600654602051
28.65125,18.5246467590332
28.6579166666667,17.7669525146484
28.6645833333333,17.0879364013672
28.67125,16.4871215820313
28.6779166666667,15.9611701965332
28.6845833333333,15.5038833618164
28.69125,15.1104927062988
28.6979166666667,14.7747993469238
28.7045833333333,14.4891738891602
28.71125,14.2474174499512
28.7179166666667,14.0447616577148
28.7245833333333,13.8764381408691
28.73125,13.7367248535156
28.7379166666667,13.6208534240723
28.7445833333333,13.5245323181152
28.75125,13.4444236755371
28.7579166666667,13.3786201477051
28.7645833333333,13.3237838745117
28.77125,13.2789611816406
28.7779166666667,13.242244720459
28.7845833333333,13.2131576538086
28.79125,13.190746307373
28.7979166666667,13.1754875183105
28.8045833333333,13.1664276123047
28.81125,13.1635665893555
28.8179166666667,13.1673812866211
28.8245833333333,13.1783485412598
28.83125,13.1964683532715
28.8379166666667,13.2226943969727
28.8445833333333,13.2570266723633
28.85125,13.3004188537598
28.8579166666667,13.3509635925293
28.8645833333333,13.4086608886719
28.87125,13.4744644165039
28.8779166666667,13.5464668273926
28.8845833333333,13.6232376098633
28.89125,13.702392578125
28.8979166666667,13.7844085693359
28.9045833333333,13.8678550720215
28.91125,13.948917388916
28.9179166666667,14.0256881713867
28.9245833333333,14.0957832336426
28.93125,14.157772064209
28.9379166666667,14.2102241516113
28.9445833333333,14.2507553100586
28.95125,14.2788887023926
28.9579166666667,14.2946243286133
28.9645833333333,14.2989158630371
28.97125,14.2898559570313
28.9779166666667,14.2679214477539
28.9845833333333,14.2340660095215
28.99125,14.1901969909668
28.9979166666667,14.1382217407227
29.0045833333333,14.0781402587891
29.01125,14.0137672424316
29.0179166666667,13.946533203125
29.0245833333333,13.8788223266602
29.03125,13.8120651245117
29.0379166666667,13.7476921081543
29.0445833333333,13.6861801147461
29.05125,13.6284828186035
29.0579166666667,13.5750770568848
29.0645833333333,13.5250091552734
29.07125,13.4782791137695
29.0779166666667,13.4329795837402
29.0845833333333,13.3895874023438
29.09125,13.3466720581055
29.0979166666667,13.3013725280762
29.1045833333333,13.251781463623
29.11125,13.1955146789551
29.1179166666667,13.129711151123
29.1245833333333,13.0529403686523
29.13125,12.962818145752
29.1379166666667,12.8588676452637
29.1445833333333,12.7406120300293
29.15125,12.6094818115234
29.1579166666667,12.4659538269043
29.1645833333333,12.3085975646973
29.17125,12.1378898620605
29.1779166666667,11.9543075561523
29.1845833333333,11.7602348327637
29.19125,11.5556716918945
29.1979166666667,11.3425254821777
29.2045833333333,11.1250877380371
29.21125,10.9052658081055
29.2179166666667,10.6854438781738
29.2245833333333,10.4670524597168
29.23125,10.2534294128418
29.2379166666667,10.0460052490234
29.2445833333333,9.84573364257813
29.25125,9.65452194213867
29.2579166666667,9.47427749633789
29.2645833333333,9.30643081665039
29.27125,9.15050506591797
29.2779166666667,9.00602340698242
29.2845833333333,8.87250900268555
29.29125,8.74996185302734
29.2979166666667,8.63885879516602
29.3045833333333,8.53824615478516
29.31125,8.44812393188477
29.3179166666667,8.36753845214844
29.3245833333333,8.29648971557617
29.33125,8.23545455932617
29.3379166666667,8.18300247192383
29.3445833333333,8.13865661621094
29.35125,8.1019401550293
29.3579166666667,8.07428359985352
29.3645833333333,8.05807113647461
29.37125,8.05473327636719
29.3779166666667,8.06665420532227
29.3845833333333,8.09478759765625
29.39125,8.14008712768555
29.3979166666667,8.20493698120117
29.4045833333333,8.28981399536133
29.41125,8.39424133300781
29.4179166666667,8.51774215698242
29.4245833333333,8.66079330444336
29.43125,8.82196426391602
29.4379166666667,8.99934768676758
29.4445833333333,9.18960571289063
29.45125,9.38940048217773
29.4579166666667,9.5973014831543
29.4645833333333,9.80949401855469
29.47125,10.0231170654297
29.4779166666667,10.2362632751465
29.4845833333333,10.4479789733887
29.49125,10.6601715087891
29.4979166666667,10.8752250671387
29.5045833333333,11.0974311828613
29.51125,11.3320350646973
29.5179166666667,11.5880966186523
29.5245833333333,11.873722076416
29.53125,12.1994018554688
29.5379166666667,12.5746726989746
29.5445833333333,13.0114555358887
29.55125,13.5231018066406
29.5579166666667,14.1229629516602
29.5645833333333,14.8253440856934
29.57125,15.6440734863281
29.5779166666667,16.5929794311523
29.5845833333333,17.6849365234375
29.59125,18.9332962036133
29.5979166666667,20.3518867492676
29.6045833333333,21.9540596008301
29.61125,23.7517356872559
29.6179166666667,25.7558822631836
29.6245833333333,27.9769897460938
29.63125,30.4245948791504
29.6379166666667,33.1048965454102
29.6445833333333,36.0198020935059
29.65125,39.1693115234375
29.6579166666667,42.5500869750977
29.6645833333333,46.1549758911133
29.67125,49.9715805053711
29.6779166666667,53.980827331543
29.6845833333333,58.1588745117188
29.69125,62.4756813049316
29.6979166666667,66.8978691101074
29.7045833333333,71.385383605957
29.71125,75.8914947509766
29.7179166666667,80.3666114807129
29.7245833333333,84.7563743591309
29.73125,89.0035629272461
29.7379166666667,93.0500030517578
29.7445833333333,96.8365669250488
29.75125,100.30460357666
29.7579166666667,103.399276733398
29.7645833333333,106.068134307861
29.77125,108.265399932861
29.7779166666667,109.951496124268
29.7845833333333,111.095905303955
29.79125,111.676216125488
29.7979166666667,111.679077148438
29.8045833333333,111.101627349854
29.81125,109.951496124268
29.8179166666667,108.246326446533
29.8245833333333,106.010913848877
29.83125,103.281021118164
29.8379166666667,100.100994110107
29.8445833333333,96.522331237793
29.85125,92.6017761230469
29.8579166666667,88.4003639221191
29.8645833333333,83.981990814209
29.87125,79.4129371643066
29.8779166666667,74.7566223144531
29.8845833333333,70.0764656066895
29.89125,65.4330253601074
29.8979166666667,60.8835220336914
29.9045833333333,56.4804077148438
29.91125,52.269458770752
29.9179166666667,48.2912063598633
29.9245833333333,44.5818901062012
29.93125,41.170597076416
29.9379166666667,38.0797386169434
29.9445833333333,35.3245735168457
29.95125,32.9146385192871
29.9579166666667,30.8575630187988
29.9645833333333,29.1533470153809
29.97125,27.7981758117676
29.9779166666667,26.7825126647949
29.9845833333333,26.0939598083496
29.99125,25.7182121276855
29.9979166666667,25.6366729736328
30.0045833333333,25.8288383483887
30.01125,26.2722969055176
30.0179166666667,26.9427299499512
30.0245833333333,27.8143882751465
30.03125,28.8581848144531
30.0379166666667,30.0431251525879
30.0445833333333,31.3382148742676
30.05125,32.710075378418
30.0579166666667,34.1248512268066
30.0645833333333,35.5491638183594
30.07125,36.9501113891602
30.0779166666667,38.2933616638184
30.0845833333333,39.5455360412598
30.09125,40.6761169433594
30.0979166666667,41.6560173034668
30.1045833333333,42.4590110778809
30.11125,43.0636405944824
30.1179166666667,43.4536933898926
30.1245833333333,43.6182022094727
30.13125,43.5514450073242
30.1379166666667,43.2519912719727
30.1445833333333,42.7260398864746
30.15125,41.9821739196777
30.1579166666667,41.0351753234863
30.1645833333333,39.9041175842285
30.17125,38.6123657226563
30.1779166666667,37.1875762939453
30.1845833333333,35.6574058532715
30.19125,34.0523719787598
30.1979166666667,32.402515411377
30.2045833333333,30.7388305664063
30.21125,29.0889739990234
30.2179166666667,27.4791717529297
30.2245833333333,25.9337425231934
30.23125,24.47509765625
30.2379166666667,23.1246948242188
30.2445833333333,21.8963623046875
30.25125,20.8024978637695
30.2579166666667,19.8521614074707
30.2645833333333,19.050121307373
30.27125,18.3982849121094
30.2779166666667,17.8956985473633
30.2845833333333,17.5390243530273
30.29125,17.3230171203613
30.2979166666667,17.2395706176758
30.3045833333333,17.2796249389648
30.31125,17.4312591552734
30.3179166666667,17.6820755004883
30.3245833333333,18.0168151855469
30.33125,18.4216499328613
30.3379166666667,18.8808441162109
30.3445833333333,19.3791389465332
30.35125,19.8993682861328
30.3579166666667,20.4257965087891
30.3645833333333,20.942211151123
30.37125,21.4333534240723
30.3779166666667,21.8839645385742
30.3845833333333,22.2806930541992
30.39125,22.611141204834
30.3979166666667,22.8643417358398
30.4045833333333,23.0321884155273
30.41125,23.1084823608398
30.4179166666667,23.0908393859863
30.4245833333333,22.9783058166504
30.43125,22.7727890014648
30.4379166666667,22.4781036376953
30.4445833333333,22.0999717712402
30.45125,21.6455459594727
30.4579166666667,21.1234092712402
30.4645833333333,20.543098449707
30.47125,19.9179649353027
30.4779166666667,19.2594528198242
30.4845833333333,18.5818672180176
30.49125,17.8980827331543
30.4979166666667,17.2209739685059
30.5045833333333,16.563892364502
30.51125,15.9397125244141
30.5179166666667,15.3622627258301
30.5245833333333,14.8448944091797
30.53125,14.4009590148926
30.5379166666667,14.0442848205566
30.5445833333333,13.7896537780762
30.55125,13.6499404907227
30.5579166666667,13.6375427246094
30.5645833333333,13.7653350830078
30.57125,14.0480995178223
30.5779166666667,14.4991874694824
30.5845833333333,15.1324272155762
30.59125,15.9616470336914
30.5979166666667,16.9997215270996
30.6045833333333,18.2609558105469
30.61125,19.7567939758301
30.6179166666667,21.4958190917969
30.6245833333333,23.4861373901367
30.63125,25.7349014282227
30.6379166666667,28.2492637634277
30.6445833333333,31.033992767334
30.65125,34.0895652770996
30.6579166666667,37.41455078125
30.6645833333333,41.0070419311523
30.67125,44.8637008666992
30.6779166666667,48.9826202392578
30.6845833333333,53.3571243286133
30.69125,57.9833984375
30.6979166666667,62.8561973571777
30.7045833333333,67.9707527160645
30.71125,73.3203887939453
30.7179166666667,78.8941383361816
30.7245833333333,84.6800804138184
30.73125,90.6600952148438
30.7379166666667,96.8136787414551
30.7445833333333,103.115081787109
30.75125,109.5290184021
30.7579166666667,116.010189056396
30.7645833333333,122.505187988281
30.77125,128.949642181396
30.7779166666667,135.274410247803
30.7845833333333,141.400814056396
30.79125,147.242069244385
30.7979166666667,152.707576751709
30.8045833333333,157.705783843994
30.81125,162.147045135498
30.8179166666667,165.945529937744
30.8245833333333,169.018745422363
30.83125,171.295166015625
30.8379166666667,172.71614074707
30.8445833333333,173.237323760986
30.85125,172.829627990723
30.8579166666667,171.481609344482
30.8645833333333,169.19994354248
30.87125,166.011333465576
30.8779166666667,161.961078643799
30.8845833333333,157.107830047607
30.89125,151.524543762207
30.8979166666667,145.298004150391
30.9045833333333,138.527393341064
30.91125,131.317615509033
30.9179166666667,123.775005340576
30.9245833333333,116.00923538208
30.93125,108.129978179932
30.9379166666667,100.241661071777
30.9445833333333,92.4406051635742
30.95125,84.8116874694824
30.9579166666667,77.4326324462891
30.9645833333333,70.3692436218262
30.97125,63.6754035949707
30.9779166666667,57.3911666870117
30.9845833333333,51.5413284301758
30.99125,46.1440086364746
30.9979166666667,41.2044525146484
31.0045833333333,36.7226600646973
31.01125,32.6886177062988
31.0179166666667,29.0846824645996
31.0245833333333,25.8893966674805
31.03125,23.078441619873
31.0379166666667,20.6265449523926
31.0445833333333,18.5036659240723
31.05125,16.6788101196289
31.0579166666667,15.1233673095703
31.0645833333333,13.8077735900879
31.07125,12.7053260803223
31.0779166666667,11.7874145507813
31.0845833333333,11.0306739807129
31.09125,10.4126930236816
31.0979166666667,9.91249084472656
31.1045833333333,9.51099395751953
31.11125,9.19198989868164
31.1179166666667,8.941650390625
31.1245833333333,8.74853134155273
31.13125,8.60214233398438
31.1379166666667,8.49437713623047
31.1445833333333,8.41951370239258
31.15125,8.37326049804688
31.1579166666667,8.35323333740234
31.1645833333333,8.35657119750977
31.17125,8.38279724121094
31.1779166666667,8.43143463134766
31.1845833333333,8.50105285644531
31.19125,8.58879089355469
31.1979166666667,8.69131088256836
31.2045833333333,8.80670547485352
31.21125,8.93020629882813
31.2179166666667,9.05799865722656
31.2245833333333,9.18817520141602
31.23125,9.31644439697266
31.2379166666667,9.43994522094727
31.2445833333333,9.55677032470703
31.25125,9.66548919677734
31.2579166666667,9.76467132568359
31.2645833333333,9.85336303710938
31.27125,9.9329948425293
31.2779166666667,10.0059509277344
31.2845833333333,10.0736618041992
31.29125,10.1375579833984
31.2979166666667,10.1985931396484
31.3045833333333,10.2605819702148
31.31125,10.3230476379395
31.3179166666667,10.3855133056641
31.3245833333333,10.4460716247559
31.33125,10.5047225952148
31.3379166666667,10.561466217041
31.3445833333333,10.6124877929688
31.35125,10.6563568115234
31.3579166666667,10.6911659240723
31.3645833333333,10.716438293457
31.37125,10.7288360595703
31.3779166666667,10.7259750366211
31.3845833333333,10.706901550293
31.39125,10.6720924377441
31.3979166666667,10.6220245361328
31.4045833333333,10.5562210083008
31.41125,10.4756355285645
31.4179166666667,10.3821754455566
31.4245833333333,10.277271270752
31.43125,10.162353515625
31.4379166666667,10.0393295288086
31.4445833333333,9.91201400756836
31.45125,9.78422164916992
31.4579166666667,9.66024398803711
31.4645833333333,9.54294204711914
31.47125,9.43708419799805
31.4779166666667,9.34696197509766
31.4845833333333,9.27734375
31.49125,9.2310905456543
31.4979166666667,9.21249389648438
31.5045833333333,9.22632217407227
31.51125,9.27829742431641
31.5179166666667,9.37271118164063
31.5245833333333,9.51433181762695
31.53125,9.70840454101563
31.5379166666667,9.95922088623047
31.5445833333333,10.2725028991699
31.55125,10.6525421142578
31.5579166666667,11.1021995544434
31.5645833333333,11.6252899169922
31.57125,12.2246742248535
31.5779166666667,12.901782989502
31.5845833333333,13.6570930480957
31.59125,14.4896507263184
31.5979166666667,15.3961181640625
31.6045833333333,16.3726806640625
31.61125,17.4140930175781
31.6179166666667,18.5146331787109
31.6245833333333,19.6666717529297
31.63125,20.8644866943359
31.6379166666667,22.1028327941895
31.6445833333333,23.381233215332
31.65125,24.7001647949219
31.6579166666667,26.0629653930664
31.6645833333333,27.4772644042969
31.67125,28.9549827575684
31.6779166666667,30.512809753418
31.6845833333333,32.1712493896484
31.69125,33.9536666870117
31.6979166666667,35.8877182006836
31.7045833333333,38.0039215087891
31.71125,40.3351783752441
31.7179166666667,42.9129600524902
31.7245833333333,45.7658767700195
31.73125,48.9168167114258
31.7379166666667,52.3838996887207
31.7445833333333,56.1742782592773
31.75125,60.2836608886719
31.7579166666667,64.6934509277344
31.7645833333333,69.3678855895996
31.77125,74.2545127868652
31.7779166666667,79.2837142944336
31.7845833333333,84.3710899353027
31.79125,89.4169807434082
31.7979166666667,94.3093299865723
31.8045833333333,98.9294052124023
31.81125,103.157043457031
31.8179166666667,106.875419616699
31.8245833333333,109.97486114502
31.83125,112.361431121826
31.8379166666667,113.95788192749
31.8445833333333,114.70890045166
31.85125,114.584445953369
31.8579166666667,113.578796386719
31.8645833333333,111.712455749512
31.87125,109.029769897461
31.8779166666667,105.597019195557
31.8845833333333,101.498126983643
31.89125,96.829891204834
31.8979166666667,91.702938079834
31.9045833333333,86.2317085266113
31.91125,80.533504486084
31.9179166666667,74.7218132019043
31.9245833333333,68.9053535461426
31.93125,63.1842613220215
31.9379166666667,57.6438903808594
31.9445833333333,52.3567199707031
31.95125,47.3799705505371
31.9579166666667,42.757511138916
31.9645833333333,38.5169982910156
31.97125,34.672737121582
31.9779166666667,31.226634979248
31.9845833333333,28.1696319580078
31.99125,25.4840850830078
31.9979166666667,23.1442451477051
32.0045833333333,21.1215019226074
32.01125,19.383430480957
32.0179166666667,17.8956985473633
32.0245833333333,16.6225433349609
32.03125,15.5291557312012
32.0379166666667,14.5840644836426
32.0445833333333,13.7600898742676
32.05125,13.0329132080078
32.0579166666667,12.3825073242188
32.0645833333333,11.7931365966797
32.07125,11.2519264221191
32.0779166666667,10.7498168945313
32.0845833333333,10.279655456543
32.09125,9.83858108520508
32.0979166666667,9.42516326904297
32.1045833333333,9.03940200805664
32.11125,8.6827278137207
32.1179166666667,8.35752487182617
32.1245833333333,8.06522369384766
32.13125,7.80725479125977
32.1379166666667,7.5840950012207
32.1445833333333,7.39574432373047
32.15125,7.24363327026367
32.1579166666667,7.1263313293457
32.1645833333333,7.04288482666016
32.17125,6.99090957641602
32.1779166666667,6.96849822998047
32.1845833333333,6.97231292724609
32.19125,6.99949264526367
32.1979166666667,7.04526901245117
32.2045833333333,7.10535049438477
32.21125,7.17639923095703
32.2179166666667,7.25507736206055
32.2245833333333,7.33613967895508
32.23125,7.41481781005859
32.2379166666667,7.48729705810547
32.2445833333333,7.55119323730469
32.25125,7.60269165039063
32.2579166666667,7.63988494873047
32.2645833333333,7.66086578369141
32.27125,7.66611099243164
32.2779166666667,7.65752792358398
32.2845833333333,7.63511657714844
32.29125,7.60030746459961
32.2979166666667,7.55548477172852
32.3045833333333,7.50398635864258
32.31125,7.44867324829102
32.3179166666667,7.39192962646484
32.3245833333333,7.33661651611328
32.33125,7.28464126586914
32.3379166666667,7.23600387573242
32.3445833333333,7.19213485717773
32.35125,7.15494155883789
32.3579166666667,7.12490081787109
32.3645833333333,7.10201263427734
32.37125,7.08675384521484
32.3779166666667,7.0805549621582
32.3845833333333,7.08150863647461
32.39125,7.09009170532227
32.3979166666667,7.10582733154297
32.4045833333333,7.12871551513672
32.41125,7.15827941894531
32.4179166666667,7.19308853149414
32.4245833333333,7.2321891784668
32.43125,7.27319717407227
32.4379166666667,7.31515884399414
32.4445833333333,7.35664367675781
32.45125,7.39717483520508
32.4579166666667,7.43675231933594
32.4645833333333,7.4763298034668
32.47125,7.51495361328125
32.4779166666667,7.5531005859375
32.4845833333333,7.59267807006836
32.49125,7.63607025146484
32.4979166666667,7.68423080444336
32.5045833333333,7.74145126342773
32.51125,7.80963897705078
32.5179166666667,7.89308547973633
32.5245833333333,7.99417495727539
32.53125,8.11386108398438
32.5379166666667,8.2554817199707
32.5445833333333,8.4223747253418
32.55125,8.61835479736328
32.5579166666667,8.84580612182617
32.5645833333333,9.10711288452148
32.57125,9.40656661987305
32.5779166666667,9.74655151367188
32.5845833333333,10.1308822631836
32.59125,10.5633735656738
32.5979166666667,11.0492706298828
32.6045833333333,11.5966796875
32.61125,12.211799621582
32.6179166666667,12.904167175293
32.6245833333333,13.6823654174805
32.63125,14.5554542541504
32.6379166666667,15.533447265625
32.6445833333333,16.6268348693848
32.65125,17.8446769714355
32.6579166666667,19.1946029663086
32.6645833333333,20.6823348999023
32.67125,22.3135948181152
32.6779166666667,24.0864753723145
32.6845833333333,25.9976387023926
32.69125,28.0375480651855
32.6979166666667,30.1923751831055
32.7045833333333,32.442569732666
32.71125,34.7604751586914
32.7179166666667,37.1170043945313
32.7245833333333,39.4773483276367
32.73125,41.8014526367188
32.7379166666667,44.0473556518555
32.7445833333333,46.1688041687012
32.75125,48.121452331543
32.7579166666667,49.8595237731934
32.7645833333333,51.3420104980469
32.77125,52.5307655334473
32.7779166666667,53.3962249755859
32.7845833333333,53.9140701293945
32.79125,54.0695190429688
32.7979166666667,53.8558959960938
32.8045833333333,53.2760620117188
32.81125,52.3409843444824
32.8179166666667,51.0706901550293
32.8245833333333,49.4937896728516
32.83125,47.6455688476563
32.8379166666667,45.5665588378906
32.8445833333333,43.3034896850586
32.85125,40.9026145935059
32.8579166666667,38.4130477905273
32.8645833333333,35.8810424804688
32.87125,33.3523750305176
32.8779166666667,30.8680534362793
32.8845833333333,28.4643173217773
32.89125,26.1726379394531
32.8979166666667,24.0182876586914
32.9045833333333,22.0189094543457
32.91125,20.1864242553711
32.9179166666667,18.5270309448242
32.9245833333333,17.0397758483887
32.93125,15.7208442687988
32.9379166666667,14.561653137207
32.9445833333333,13.5555267333984
32.95125,12.6914978027344
32.9579166666667,11.958122253418
32.9645833333333,11.3430023193359
32.97125,10.8346939086914
32.9779166666667,10.4212760925293
32.9845833333333,10.0903511047363
32.99125,9.82904434204102
32.9979166666667,9.62686538696289
33.0045833333333,9.4752311706543
33.01125,9.36508178710938
33.0179166666667,9.28783416748047
33.0245833333333,9.23728942871094
33.03125,9.20724868774414
33.0379166666667,9.19294357299805
33.0445833333333,9.18817520141602
33.05125,9.18865203857422
33.0579166666667,9.19103622436523
33.0645833333333,9.19294357299805
33.07125,9.19580459594727
33.0779166666667,9.19914245605469
33.0845833333333,9.20438766479492
33.09125,9.21440124511719
33.0979166666667,9.23061370849609
33.1045833333333,9.25588607788086
33.11125,9.2921257019043
33.1179166666667,9.3388557434082
33.1245833333333,9.39702987670898
33.13125,9.46712493896484
33.1379166666667,9.54771041870117
33.1445833333333,9.63544845581055
33.15125,9.72652435302734
33.1579166666667,9.81760025024414
33.1645833333333,9.90629196166992
33.17125,9.98878479003906
33.1779166666667,10.0617408752441
33.1845833333333,10.1237297058105
33.19125,10.1737976074219
33.1979166666667,10.2124214172363
33.2045833333333,10.2405548095703
33.21125,10.2615356445313
33.2179166666667,10.277271270752
33.2245833333333,10.2896690368652
33.23125,10.3025436401367
33.2379166666667,10.3182792663574
33.2445833333333,10.338306427002
33.25125,10.3621482849121
33.2579166666667,10.3912353515625
33.2645833333333,10.4250907897949
33.27125,10.4613304138184
33.2779166666667,10.4961395263672
33.2845833333333,10.5276107788086
33.29125,10.5528831481934
33.2979166666667,10.5686187744141
33.3045833333333,10.5719566345215
33.31125,10.561466217041
33.3179166666667,10.5371475219727
33.3245833333333,10.498046875
33.33125,10.4436874389648
33.3379166666667,10.3759765625
33.3445833333333,10.2987289428711
33.35125,10.2157592773438
33.3579166666667,10.1318359375
33.3645833333333,10.0507736206055
33.37125,9.97638702392578
33.3779166666667,9.91153717041016
33.3845833333333,9.857177734375
33.39125,9.81473922729492
33.3979166666667,9.78422164916992
33.4045833333333,9.76705551147461
33.41125,9.76276397705078
33.4179166666667,9.76991653442383
33.4245833333333,9.78851318359375
33.43125,9.81712341308594
33.4379166666667,9.85336303710938
33.4445833333333,9.89389419555664
33.45125,9.93728637695313
33.4579166666667,9.98020172119141
33.4645833333333,10.0212097167969
33.47125,10.0584030151367
33.4779166666667,10.0898742675781
33.4845833333333,10.1132392883301
33.49125,10.1251602172852
33.4979166666667,10.1237297058105
33.5045833333333,10.1056098937988
33.51125,10.0679397583008
33.5179166666667,10.0088119506836
33.5245833333333,9.92965698242188
33.53125,9.83142852783203
33.5379166666667,9.71412658691406
33.5445833333333,9.58061218261719
33.55125,9.43613052368164
33.5579166666667,9.28449630737305
33.5645833333333,9.12904739379883
33.57125,8.97312164306641
33.5779166666667,8.82101058959961
33.5845833333333,8.67795944213867
33.59125,8.5453987121582
33.5979166666667,8.42428207397461
33.6045833333333,8.3160400390625
33.61125,8.22162628173828
33.6179166666667,8.14151763916016
33.6245833333333,8.07476043701172
33.63125,8.02087783813477
33.6379166666667,7.97939300537109
33.6445833333333,7.9498291015625
33.65125,7.93027877807617
33.6579166666667,7.92074203491211
33.6645833333333,7.9193115234375
33.67125,7.92598724365234
33.6779166666667,7.94124603271484
33.6845833333333,7.96651840209961
33.69125,8.00228118896484
33.6979166666667,8.04805755615234
33.7045833333333,8.10527801513672
33.71125,8.17489624023438
33.7179166666667,8.25691223144531
33.7245833333333,8.35037231445313
33.73125,8.45527648925781
33.7379166666667,8.57210159301758
33.7445833333333,8.69989395141602
33.75125,8.83674621582031
33.7579166666667,8.98170471191406
33.7645833333333,9.13286209106445
33.77125,9.28878784179688
33.7779166666667,9.44709777832031
33.7845833333333,9.60540771484375
33.79125,9.76276397705078
33.7979166666667,9.91678237915039
33.8045833333333,10.0650787353516
33.81125,10.2066993713379
33.8179166666667,10.3392601013184
33.8245833333333,10.4622840881348
33.83125,10.5748176574707
33.8379166666667,10.676383972168
33.8445833333333,10.7684135437012
33.85125,10.8494758605957
33.8579166666667,10.9190940856934
33.8645833333333,10.9763145446777
33.87125,11.0201835632324
33.8779166666667,11.0511779785156
33.8845833333333,11.0673904418945
33.89125,11.0673904418945
33.8979166666667,11.0516548156738
33.9045833333333,11.0211372375488
33.91125,10.9758377075195
33.9179166666667,10.9162330627441
33.9245833333333,10.8418464660645
33.93125,10.7545852661133
33.9379166666667,10.655403137207
33.9445833333333,10.5452537536621
33.95125,10.4241371154785
33.9579166666667,10.2944374084473
33.9645833333333,10.1585388183594
33.97125,10.0188255310059
33.9779166666667,9.87863540649414
33.9845833333333,9.73987579345703
33.99125,9.60445404052734
33.9979166666667,9.47284698486328
34.0045833333333,9.34743881225586
34.01125,9.2315673828125
34.0179166666667,9.1252326965332
34.0245833333333,9.02891159057617
34.03125,8.9421272277832
34.0379166666667,8.8658332824707
34.0445833333333,8.80002975463867
34.05125,8.74423980712891
34.0579166666667,8.69655609130859
34.0645833333333,8.65745544433594
34.07125,8.62693786621094
34.0779166666667,8.60309600830078
34.0845833333333,8.58402252197266
34.09125,8.56828689575195
34.0979166666667,8.55493545532227
34.1045833333333,8.54253768920898
34.11125,8.53204727172852
34.1179166666667,8.52203369140625
34.1245833333333,8.51106643676758
34.13125,8.49819183349609
34.1379166666667,8.48245620727539
34.1445833333333,8.46385955810547
34.15125,8.44240188598633
34.1579166666667,8.41665267944336
34.1645833333333,8.38661193847656
34.17125,8.35466384887695
34.1779166666667,8.32176208496094
34.1845833333333,8.28838348388672
34.19125,8.25595855712891
34.1979166666667,8.22591781616211
34.2045833333333,8.20016860961914
34.21125,8.17966461181641
34.2179166666667,8.1634521484375
34.2245833333333,8.15248489379883
34.23125,8.1477165222168
34.2379166666667,8.15010070800781
34.2445833333333,8.16106796264648
34.25125,8.18157196044922
34.2579166666667,8.21208953857422
34.2645833333333,8.25357437133789
34.27125,8.30698013305664
34.2779166666667,8.37278366088867
34.2845833333333,8.45146179199219
34.29125,8.5453987121582
34.2979166666667,8.65602493286133
34.3045833333333,8.78667831420898
34.31125,8.9411735534668
34.3179166666667,9.1242790222168
34.3245833333333,9.34123992919922
34.33125,9.59444046020508
34.3379166666667,9.88912582397461
34.3445833333333,10.2291107177734
34.35125,10.6172561645508
34.3579166666667,11.0564231872559
34.3645833333333,11.5485191345215
34.37125,12.0925903320313
34.3779166666667,12.688159942627
34.3845833333333,13.3295059204102
34.39125,14.009952545166
34.3979166666667,14.7194862365723
34.4045833333333,15.4471397399902
34.41125,16.1800384521484
34.4179166666667,16.9034004211426
34.4245833333333,17.6005363464355
34.43125,18.2547569274902
34.4379166666667,18.8508033752441
34.4445833333333,19.3743705749512
34.45125,19.8154449462891
34.4579166666667,20.167350769043
34.4645833333333,20.4262733459473
34.47125,20.5950736999512
34.4779166666667,20.6789970397949
34.4845833333333,20.6890106201172
34.49125,20.6398963928223
34.4979166666667,20.5526351928711
34.5045833333333,20.4534530639648
34.51125,20.3700065612793
34.5179166666667,20.3332901000977
34.5245833333333,20.3757286071777
34.53125,20.5302238464355
34.5379166666667,20.8296775817871
34.5445833333333,21.306037902832
34.55125,21.9917297363281
34.5579166666667,22.9215621948242
34.5645833333333,24.1293907165527
34.57125,25.6490707397461
34.5779166666667,27.5149345397949
34.5845833333333,29.7613143920898
34.59125,32.4244499206543
34.5979166666667,35.5401039123535
34.6045833333333,39.1426086425781
34.61125,43.2643890380859
34.6179166666667,47.9335784912109
34.6245833333333,53.1716346740723
34.63125,58.9895248413086
34.6379166666667,65.3839111328125
34.6445833333333,72.3342895507813
34.65125,79.7967910766602
34.6579166666667,87.7060890197754
34.6645833333333,95.9715843200684
34.67125,104.474067687988
34.6779166666667,113.065719604492
34.6845833333333,121.573925018311
34.69125,129.807472229004
34.6979166666667,137.561798095703
34.7045833333333,144.625663757324
34.71125,150.793552398682
34.7179166666667,155.874729156494
34.7245833333333,159.702777862549
34.73125,162.146091461182
34.7379166666667,163.113117218018
34.7445833333333,162.559509277344
34.75125,160.488605499268
34.7579166666667,156.957626342773
34.7645833333333,152.075290679932
34.77125,145.991325378418
34.7779166666667,138.89217376709
34.7845833333333,130.99193572998
34.79125,122.526168823242
34.7979166666667,113.733768463135
34.8045833333333,104.849338531494
34.81125,96.095085144043
34.8179166666667,87.6727104187012
34.8245833333333,79.7576904296875
34.83125,72.4930763244629
34.8379166666667,65.9880638122559
34.8445833333333,60.3184700012207
34.85125,55.5281639099121
34.8579166666667,51.6314506530762
34.8645833333333,48.6135482788086
34.87125,46.4372634887695
34.8779166666667,45.0468063354492
34.8845833333333,44.370174407959
34.89125,44.3224906921387
34.8979166666667,44.8102951049805
34.9045833333333,45.7329750061035
34.91125,46.9856262207031
34.9179166666667,48.4600067138672
34.9245833333333,50.0516891479492
34.93125,51.6562461853027
34.9379166666667,53.1773567199707
34.9445833333333,54.5229911804199
34.95125,55.6139945983887
34.9579166666667,56.3821792602539
34.9645833333333,56.7755699157715
34.97125,56.7564964294434
34.9779166666667,56.304931640625
34.9845833333333,55.4180145263672
34.99125,54.1081428527832
34.9979166666667,52.4044036865234
35.0045833333333,50.3473281860352
35.01125,47.9888916015625
35.0179166666667,45.3877449035645
35.0245833333333,42.6092147827148
35.03125,39.7200584411621
35.0379166666667,36.7860794067383
35.0445833333333,33.869743347168
35.05125,31.0254096984863
35.0579166666667,28.3012390136719
35.0645833333333,25.7363319396973
35.07125,23.3597755432129
35.0779166666667,21.1915969848633
35.0845833333333,19.2413330078125
35.09125,17.5113677978516
35.0979166666667,15.9974098205566
35.1045833333333,14.6880149841309
35.11125,13.5688781738281
35.1179166666667,12.6204490661621
35.1245833333333,11.8250846862793
35.13125,11.1637115478516
35.1379166666667,10.6163024902344
35.1445833333333,10.1652145385742
35.15125,9.79423522949219
35.1579166666667,9.48810577392578
35.1645833333333,9.23347473144531
35.17125,9.01937484741211
35.1779166666667,8.83865356445313
35.1845833333333,8.68368148803711
35.19125,8.54969024658203
35.1979166666667,8.43334197998047
35.2045833333333,8.33272933959961
35.21125,8.24689865112305
35.2179166666667,8.17394256591797
35.2245833333333,8.11386108398438
35.23125,8.06522369384766
35.2379166666667,8.02946090698242
35.2445833333333,8.00561904907227
35.25125,7.99369812011719
35.2579166666667,7.99417495727539
35.2645833333333,8.00800323486328
35.27125,8.03422927856445
35.2779166666667,8.0718994140625
35.2845833333333,8.12005996704102
35.29125,8.17775726318359
35.2979166666667,8.24499130249023
35.3045833333333,8.31937789916992
35.31125,8.40044021606445
35.3179166666667,8.48770141601563
35.3245833333333,8.57877731323242
35.33125,8.67271423339844
35.3379166666667,8.76760482788086
35.3445833333333,8.86106491088867
35.35125,8.95071029663086
35.3579166666667,9.03511047363281
35.3645833333333,9.11426544189453
35.37125,9.18769836425781
35.3779166666667,9.25302505493164
35.3845833333333,9.31024551391602
35.39125,9.35935974121094
35.3979166666667,9.40132141113281
35.4045833333333,9.43470001220703
35.41125,9.4609260559082
35.4179166666667,9.48190689086914
35.4245833333333,9.50002670288086
35.43125,9.51862335205078
35.4379166666667,9.54103469848633
35.4445833333333,9.57059860229492
35.45125,9.60969924926758
35.4579166666667,9.66167449951172
35.4645833333333,9.73033905029297
35.47125,9.82046127319336
35.4779166666667,9.93537902832031
35.4845833333333,10.0774765014648
35.49125,10.251522064209
35.4979166666667,10.4598999023438
35.5045833333333,10.7040405273438
35.51125,10.9844207763672
35.5179166666667,11.3019943237305
35.5245833333333,11.6572380065918
35.53125,12.0491981506348
35.5379166666667,12.476921081543
35.5445833333333,12.937068939209
35.55125,13.4272575378418
35.5579166666667,13.9427185058594
35.5645833333333,14.4782066345215
35.57125,15.0299072265625
35.5779166666667,15.5925750732422
35.5845833333333,16.1619186401367
35.59125,16.7317390441895
35.5979166666667,17.2967910766602
35.6045833333333,17.8523063659668
35.61125,18.3935165405273
35.6179166666667,18.9170837402344
35.6245833333333,19.4182395935059
35.63125,19.8960304260254
35.6379166666667,20.3490257263184
35.6445833333333,20.7767486572266
35.65125,21.1777687072754
35.6579166666667,21.552562713623
35.6645833333333,21.8997001647949
35.67125,22.219181060791
35.6779166666667,22.5110054016113
35.6845833333333,22.7756500244141
35.69125,23.0140686035156
35.6979166666667,23.2272148132324
35.7045833333333,23.4155654907227
35.71125,23.5776901245117
35.7179166666667,23.7107276916504
35.7245833333333,23.8132476806641
35.73125,23.8828659057617
35.7379166666667,23.9167213439941
35.7445833333333,23.9129066467285
35.75125,23.869514465332
35.7579166666667,23.7841606140137
35.7645833333333,23.653507232666
35.77125,23.4761238098145
35.7779166666667,23.2491493225098
35.7845833333333,22.9711532592773
35.79125,22.6421356201172
35.7979166666667,22.2640037536621
35.8045833333333,21.8386650085449
35.81125,21.3685035705566
35.8179166666667,20.8592414855957
35.8245833333333,20.3170776367188
35.83125,19.747257232666
35.8379166666667,19.1550254821777
35.8445833333333,18.5489654541016
35.85125,17.9357528686523
35.8579166666667,17.3225402832031
35.8645833333333,16.7160034179688
35.87125,16.1252021789551
35.8779166666667,15.5563354492188
35.8845833333333,15.0156021118164
35.89125,14.5072937011719
35.8979166666667,14.0361785888672
35.9045833333333,13.6032104492188
35.91125,13.2102966308594
35.9179166666667,12.8598213195801
35.9245833333333,12.5522613525391
35.93125,12.2861862182617
35.9379166666667,12.061595916748
35.9445833333333,11.8765830993652
35.95125,11.7282867431641
35.9579166666667,11.6133689880371
35.9645833333333,11.5289688110352
35.97125,11.4717483520508
35.9779166666667,11.4398002624512
35.9845833333333,11.4288330078125
35.99125,11.4374160766602
35.9979166666667,11.4622116088867
36.0045833333333,11.5013122558594
36.01125,11.5509033203125
36.0179166666667,11.6086006164551
36.0245833333333,11.6720199584961
36.03125,11.7373466491699
36.0379166666667,11.8041038513184
36.0445833333333,11.8699073791504
36.05125,11.9338035583496
36.0579166666667,11.9943618774414
36.0645833333333,12.0511054992676
36.07125,12.1016502380371
36.0779166666667,12.14599609375
36.0845833333333,12.1817588806152
36.09125,12.2098922729492
36.0979166666667,12.2284889221191
36.1045833333333,12.237548828125
36.11125,12.237548828125
36.1179166666667,12.2280120849609
36.1245833333333,12.2103691101074
36.13125,12.1841430664063
36.1379166666667,12.150764465332
36.1445833333333,12.1097564697266
36.15125,12.0630264282227
36.1579166666667,12.0120048522949
36.1645833333333,11.9571685791016
36.17125,11.9009017944336
36.1779166666667,11.8451118469238
36.1845833333333,11.7917060852051
36.19125,11.7430686950684
36.1979166666667,11.6991996765137
36.2045833333333,11.6620063781738
36.21125,11.631965637207
36.2179166666667,11.6109848022461
36.2245833333333,11.5995407104492
36.23125,11.5981101989746
36.2379166666667,11.6071701049805
36.2445833333333,11.627197265625
36.25125,11.6586685180664
36.2579166666667,11.6977691650391
36.2645833333333,11.7435455322266
36.27125,11.7955207824707
36.2779166666667,11.8513107299805
36.2845833333333,11.9085311889648
36.29125,11.9643211364746
36.2979166666667,12.0172500610352
36.3045833333333,12.0658874511719
36.31125,12.108325958252
36.3179166666667,12.1440887451172
36.3245833333333,12.1712684631348
36.33125,12.1884346008301
36.3379166666667,12.1951103210449
36.3445833333333,12.1917724609375
36.35125,12.1784210205078
36.3579166666667,12.1541023254395
36.3645833333333,12.1197700500488
36.37125,12.0768547058105
36.3779166666667,12.0253562927246
36.3845833333333,11.965274810791
36.39125,11.8980407714844
36.3979166666667,11.8255615234375
36.4045833333333,11.7502212524414
36.41125,11.6734504699707
36.4179166666667,11.5966796875
36.4245833333333,11.5194320678711
36.43125,11.4431381225586
36.4379166666667,11.3687515258789
36.4445833333333,11.2972259521484
36.45125,11.2285614013672
36.4579166666667,11.1632347106934
36.4645833333333,11.1007690429688
36.47125,11.042594909668
36.4779166666667,10.9882354736328
36.4845833333333,10.9372138977051
36.49125,10.8890533447266
36.4979166666667,10.8447074890137
36.5045833333333,10.8041763305664
36.51125,10.765552520752
36.5179166666667,10.7274055480957
36.5245833333333,10.688304901123
36.53125,10.6468200683594
36.5379166666667,10.6019973754883
36.5445833333333,10.5528831481934
36.55125,10.4985237121582
36.5579166666667,10.439395904541
36.5645833333333,10.3731155395508
36.57125,10.2996826171875
36.5779166666667,10.221004486084
36.5845833333333,10.1361274719238
36.59125,10.0455284118652
36.5979166666667,9.9482536315918
36.6045833333333,9.84573364257813
36.61125,9.73939895629883
36.6179166666667,9.6287727355957
36.6245833333333,9.51385498046875
36.63125,9.39559936523438
36.6379166666667,9.27591323852539
36.6445833333333,9.1557502746582
36.65125,9.03654098510742
36.6579166666667,8.91828536987305
36.6645833333333,8.80193710327148
36.67125,8.68988037109375
36.6779166666667,8.58259201049805
36.6845833333333,8.48245620727539
36.69125,8.38899612426758
36.6979166666667,8.30316543579102
36.7045833333333,8.22639465332031
36.71125,8.15868377685547
36.7179166666667,8.10003280639648
36.7245833333333,8.04996490478516
36.73125,8.00895690917969
36.7379166666667,7.97700881958008
36.7445833333333,7.95459747314453
36.75125,7.94076919555664
36.7579166666667,7.93600082397461
36.7645833333333,7.94076919555664
36.77125,7.95412063598633
36.7779166666667,7.97557830810547
36.7845833333333,8.00609588623047
36.79125,8.04471969604492
36.7979166666667,8.09144973754883
36.8045833333333,8.14485549926758
36.81125,8.20541381835938
36.8179166666667,8.27169418334961
36.8245833333333,8.34369659423828
36.83125,8.42094421386719
36.8379166666667,8.50343704223633
36.8445833333333,8.5906982421875
36.85125,8.68415832519531
36.8579166666667,8.78286361694336
36.8645833333333,8.88633728027344
36.87125,8.99457931518555
36.8779166666667,9.10806655883789
36.8845833333333,9.22822952270508
36.89125,9.35506820678711
36.8979166666667,9.48810577392578
36.9045833333333,9.6287727355957
36.91125,9.77849960327148
36.9179166666667,9.93680953979492
36.9245833333333,10.1032257080078
36.93125,10.2791786193848
36.9379166666667,10.4656219482422
36.9445833333333,10.6649398803711
36.95125,10.8771324157715
36.9579166666667,11.1026763916016
36.9645833333333,11.3425254821777
36.97125,11.5976333618164
36.9779166666667,11.8699073791504
36.9845833333333,12.1607780456543
36.99125,12.4707221984863
36.9979166666667,12.8030776977539
37.0045833333333,13.160228729248
37.01125,13.545036315918
37.0179166666667,13.9594078063965
37.0245833333333,14.4081115722656
37.03125,14.894962310791
37.0379166666667,15.4256820678711
37.0445833333333,16.0069465637207
37.05125,16.6440010070801
37.0579166666667,17.3439979553223
37.0645833333333,18.1126594543457
37.07125,18.9595222473145
37.0779166666667,19.8912620544434
37.0845833333333,20.9159851074219
37.09125,22.0427513122559
37.0979166666667,23.2806205749512
37.1045833333333,24.6396064758301
37.11125,26.127815246582
37.1179166666667,27.7543067932129
37.1245833333333,29.5276641845703
37.13125,31.458854675293
37.1379166666667,33.5555076599121
37.1445833333333,35.8257293701172
37.15125,38.2771492004395
37.1579166666667,40.9188270568848
37.1645833333333,43.7602996826172
37.17125,46.8106269836426
37.1779166666667,50.0779151916504
37.1845833333333,53.5697937011719
37.19125,57.2962760925293
37.1979166666667,61.2688064575195
37.2045833333333,65.495491027832
37.21125,69.9825286865234
37.2179166666667,74.7380256652832
37.2245833333333,79.77294921875
37.23125,85.0954055786133
37.2379166666667,90.7115936279297
37.2445833333333,96.6243743896484
37.25125,102.836132049561
37.2579166666667,109.34591293335
37.2645833333333,116.149425506592
37.27125,123.238563537598
37.2779166666667,130.599498748779
37.2845833333333,138.213157653809
37.29125,146.05712890625
37.2979166666667,154.102802276611
37.3045833333333,162.314891815186
37.31125,170.651435852051
37.3179166666667,179.062843322754
37.3245833333333,187.490940093994
37.33125,195.869922637939
37.3379166666667,204.131126403809
37.3445833333333,212.198734283447
37.35125,219.990730285645
37.3579166666667,227.419853210449
37.3645833333333,234.400272369385
37.37125,240.845680236816
37.3779166666667,246.669292449951
37.3845833333333,251.786708831787
37.39125,256.117343902588
37.3979166666667,259.589195251465
37.4045833333333,262.141704559326
37.41125,263.721466064453
37.4179166666667,264.286518096924
37.4245833333333,263.808727264404
37.43125,262.273788452148
37.4379166666667,259.681224822998
37.4445833333333,256.045818328857
37.45125,251.397609710693
37.4579166666667,245.784759521484
37.4645833333333,239.266872406006
37.47125,231.916427612305
37.4779166666667,223.817348480225
37.4845833333333,215.062618255615
37.49125,205.755233764648
37.4979166666667,196.000099182129
37.5045833333333,185.904502868652
37.51125,175.574779510498
37.5179166666667,165.118217468262
37.5245833333333,154.63924407959
37.53125,144.234657287598
37.5379166666667,133.994579315186
37.5445833333333,123.997211456299
37.55125,114.314079284668
37.5579166666667,105.007648468018
37.5645833333333,96.1308479309082
37.57125,87.7246856689453
37.5779166666667,79.8182487487793
37.5845833333333,72.4306106567383
37.59125,65.575122833252
37.5979166666667,59.2570304870605
37.6045833333333,53.4706115722656
37.61125,48.2029914855957
37.6179166666667,43.4370040893555
37.6245833333333,39.1526222229004
37.63125,35.3269577026367
37.6379166666667,31.9314002990723
37.6445833333333,28.935432434082
37.65125,26.308536529541
37.6579166666667,24.0211486816406
37.6645833333333,22.0437049865723
37.67125,20.3475952148438
37.6779166666667,18.9046859741211
37.6845833333333,17.6882743835449
37.69125,16.6730880737305
37.6979166666667,15.8371925354004
37.7045833333333,15.1596069335938
37.71125,14.620304107666
37.7179166666667,14.2021179199219
37.7245833333333,13.8888359069824
37.73125,13.6680603027344
37.7379166666667,13.5269165039063
37.7445833333333,13.4577751159668
37.75125,13.4530067443848
37.7579166666667,13.5054588317871
37.7645833333333,13.61083984375
37.77125,13.7643814086914
37.7779166666667,13.9646530151367
37.7845833333333,14.2102241516113
37.79125,14.5015716552734
37.7979166666667,14.8391723632813
37.8045833333333,15.225887298584
37.81125,15.6636238098145
37.8179166666667,16.1547660827637
37.8245833333333,16.7016983032227
37.83125,17.308235168457
37.8379166666667,17.9777145385742
37.8445833333333,18.7139511108398
37.85125,19.5198059082031
37.8579166666667,20.3981399536133
37.8645833333333,21.3513374328613
37.87125,22.3789215087891
37.8779166666667,23.4799385070801
37.8845833333333,24.6524810791016
37.89125,25.8932113647461
37.8979166666667,27.1954536437988
37.9045833333333,28.5520553588867
37.91125,29.9544334411621
37.9179166666667,31.3916206359863
37.9245833333333,32.8512191772461
37.93125,34.3184471130371
37.9379166666667,35.7785224914551
37.9445833333333,37.2152328491211
37.95125,38.611888885498
37.9579166666667,39.949893951416
37.9645833333333,41.2130355834961
37.97125,42.3846244812012
37.9779166666667,43.4479713439941
37.9845833333333,44.3873405456543
37.99125,45.1889038085938
37.9979166666667,45.839786529541
38.0045833333333,46.3309288024902
38.01125,46.654224395752
38.0179166666667,46.8039512634277
38.0245833333333,46.7782020568848
38.03125,46.5784072875977
38.0379166666667,46.2055206298828
38.0445833333333,45.6643104553223
38.05125,44.9628829956055
38.0579166666667,44.1102981567383
38.0645833333333,43.1184768676758
38.07125,41.9983863830566
38.0779166666667,40.764331817627
38.0845833333333,39.4306182861328
38.09125,38.0153656005859
38.0979166666667,36.5352630615234
38.1045833333333,35.006046295166
38.11125,33.4439277648926
38.1179166666667,31.8660736083984
38.1245833333333,30.2886962890625
38.13125,28.7251472473145
38.1379166666667,27.186393737793
38.1445833333333,25.6857872009277
38.15125,24.2347717285156
38.1579166666667,22.8433609008789
38.1645833333333,21.517276763916
38.17125,20.261287689209
38.1779166666667,19.0801620483398
38.1845833333333,17.9762840270996
38.19125,16.9510841369629
38.1979166666667,16.0040855407715
38.2045833333333,15.1338577270508
38.21125,14.3404006958008
38.2179166666667,13.6203765869141
38.2245833333333,12.9714012145996
38.23125,12.3887062072754
38.2379166666667,11.8703842163086
38.2445833333333,11.4116668701172
38.25125,11.0082626342773
38.2579166666667,10.655403137207
38.2645833333333,10.3497505187988
38.27125,10.0870132446289
38.2779166666667,9.86337661743164
38.2845833333333,9.6745491027832
38.29125,9.51719284057617
38.2979166666667,9.38749313354492
38.3045833333333,9.28211212158203
38.31125,9.19723510742188
38.3179166666667,9.13000106811523
38.3245833333333,9.0789794921875
38.33125,9.04178619384766
38.3379166666667,9.0174674987793
38.3445833333333,9.00459289550781
38.35125,9.00125503540039
38.3579166666667,9.00506973266602
38.3645833333333,9.01603698730469
38.37125,9.03034210205078
38.3779166666667,9.04655456542969
38.3845833333333,9.0632438659668
38.39125,9.07993316650391
38.3979166666667,9.09709930419922
38.4045833333333,9.11331176757813
38.41125,9.12761688232422
38.4179166666667,9.1395378112793
38.4245833333333,9.14764404296875
38.43125,9.15050506591797
38.4379166666667,9.14669036865234
38.4445833333333,9.13667678833008
38.45125,9.12046432495117
38.4579166666667,9.09709930419922
38.4645833333333,9.06753540039063
38.47125,9.03129577636719
38.4779166666667,8.9879035949707
38.4845833333333,8.93735885620117
38.49125,8.87966156005859
38.4979166666667,8.81624221801758
38.5045833333333,8.74710083007813
38.51125,8.67271423339844
38.5179166666667,8.59260559082031
38.5245833333333,8.50725173950195
38.53125,8.41760635375977
38.5379166666667,8.32509994506836
38.5445833333333,8.23068618774414
38.55125,8.13484191894531
38.5579166666667,8.03756713867188
38.5645833333333,7.94029235839844
38.57125,7.84444808959961
38.5779166666667,7.74955749511719
38.5845833333333,7.65562057495117
38.59125,7.56311416625977
38.5979166666667,7.47251510620117
38.6045833333333,7.3847770690918
38.61125,7.29894638061523
38.6179166666667,7.21597671508789
38.6245833333333,7.13539123535156
38.63125,7.05814361572266
38.6379166666667,6.98375701904297
38.6445833333333,6.9127082824707
38.65125,6.84547424316406
38.6579166666667,6.78205490112305
38.6645833333333,6.72197341918945
38.67125,6.66522979736328
38.6779166666667,6.61230087280273
38.6845833333333,6.56461715698242
38.69125,6.52027130126953
38.6979166666667,6.47926330566406
38.7045833333333,6.44207000732422
38.71125,6.40964508056641
38.7179166666667,6.38055801391602
38.7245833333333,6.35433197021484
38.73125,6.33144378662109
38.7379166666667,6.31141662597656
38.7445833333333,6.29472732543945
38.75125,6.28089904785156
38.7579166666667,6.27040863037109
38.7645833333333,6.26325607299805
38.77125,6.25896453857422
38.7779166666667,6.25753402709961
38.7845833333333,6.25896453857422
38.79125,6.26277923583984
38.7979166666667,6.26850128173828
38.8045833333333,6.27422332763672
38.81125,6.28137588500977
38.8179166666667,6.29091262817383
38.8245833333333,6.30283355712891
38.83125,6.31618499755859
38.8379166666667,6.33049011230469
38.8445833333333,6.34765625
38.85125,6.36768341064453
38.8579166666667,6.38914108276367
38.8645833333333,6.41155242919922
38.87125,6.43491744995117
38.8779166666667,6.45971298217773
38.8845833333333,6.4854621887207
38.89125,6.51168823242188
38.8979166666667,6.53886795043945
38.9045833333333,6.56700134277344
38.91125,6.59561157226563
38.9179166666667,6.62612915039063
38.9245833333333,6.65807723999023
38.93125,6.69097900390625
38.9379166666667,6.72435760498047
38.9445833333333,6.7591667175293
38.95125,6.79397583007813
38.9579166666667,6.82878494262695
38.9645833333333,6.86264038085938
38.97125,6.89601898193359
38.9779166666667,6.92892074584961
38.9845833333333,6.96086883544922
38.99125,6.99329376220703
38.9979166666667,7.02762603759766
39.0045833333333,7.06338882446289
39.01125,7.10058212280273
39.0179166666667,7.13825225830078
39.0245833333333,7.17782974243164
39.03125,7.21979141235352
39.0379166666667,7.2636604309082
39.0445833333333,7.31039047241211
39.05125,7.36093521118164
39.0579166666667,7.41672515869141
39.0645833333333,7.47776031494141
39.07125,7.54308700561523
39.0779166666667,7.61508941650391
39.0845833333333,7.69472122192383
39.09125,7.78341293334961
39.0979166666667,7.88116455078125
39.1045833333333,7.98940658569336
39.11125,8.11004638671875
39.1179166666667,8.24451446533203
39.1245833333333,8.39138031005859
39.13125,8.55159759521484
39.1379166666667,8.72564315795898
39.1445833333333,8.91542434692383
39.15125,9.12141799926758
39.1579166666667,9.34267044067383
39.1645833333333,9.57965850830078
39.17125,9.83333587646484
39.1779166666667,10.1041793823242
39.1845833333333,10.3907585144043
39.19125,10.6935501098633
39.1979166666667,11.0130310058594
39.2045833333333,11.3506317138672
39.21125,11.7063522338867
39.2179166666667,12.0797157287598
39.2245833333333,12.4707221984863
39.23125,12.87841796875
39.2379166666667,13.303279876709
39.2445833333333,13.7457847595215
39.25125,14.2049789428711
39.2579166666667,14.6794319152832
39.2645833333333,15.1691436767578
39.27125,15.6726837158203
39.2779166666667,16.1890983581543
39.2845833333333,16.7150497436523
39.29125,17.249584197998
39.2979166666667,17.7903175354004
39.3045833333333,18.3348655700684
39.31125,18.8794136047363
39.3179166666667,19.4196701049805
39.3245833333333,19.9522972106934
39.33125,20.4734802246094
39.3379166666667,20.9794044494629
39.3445833333333,21.4648246765137
39.35125,21.9254493713379
39.3579166666667,22.3550796508789
39.3645833333333,22.7484703063965
39.37125,23.1003761291504
39.3779166666667,23.4060287475586
39.3845833333333,23.6606597900391
39.39125,23.859977722168
39.3979166666667,24.0025520324707
39.4045833333333,24.0859985351563
39.41125,24.1069793701172
39.4179166666667,24.0626335144043
39.4245833333333,23.953914642334
39.43125,23.7812995910645
39.4379166666667,23.5438346862793
39.4445833333333,23.2429504394531
39.45125,22.8815078735352
39.4579166666667,22.4637985229492
39.4645833333333,21.9926834106445
39.47125,21.4729309082031
39.4779166666667,20.9097862243652
39.4845833333333,20.3080177307129
39.49125,19.6747779846191
39.4979166666667,19.0153121948242
39.5045833333333,18.3358192443848
39.51125,17.6420211791992
39.5179166666667,16.9391632080078
39.5245833333333,16.2315368652344
39.53125,15.5243873596191
39.5379166666667,14.8220062255859
39.5445833333333,14.1286849975586
39.55125,13.4496688842773
39.5579166666667,12.7887725830078
39.5645833333333,12.1488571166992
39.57125,11.533260345459
39.5779166666667,10.9443664550781
39.5845833333333,10.3836059570313
39.59125,9.85288619995117
39.5979166666667,9.35268402099609
39.6045833333333,8.88299942016602
39.61125,8.44430923461914
39.6179166666667,8.03661346435547
39.6245833333333,7.65848159790039
39.63125,7.30991363525391
39.6379166666667,6.9890022277832
39.6445833333333,6.69717788696289
39.65125,6.43301010131836
39.6579166666667,6.19411468505859
39.6645833333333,5.97858428955078
39.67125,5.78546524047852
39.6779166666667,5.61380386352539
39.6845833333333,5.45978546142578
39.69125,5.32197952270508
39.6979166666667,5.19943237304688
39.7045833333333,5.09119033813477
39.71125,4.99534606933594
39.7179166666667,4.90999221801758
39.7245833333333,4.83560562133789
39.73125,4.77218627929688
39.7379166666667,4.71735000610352
39.7445833333333,4.669189453125
39.75125,4.62675094604492
39.7579166666667,4.59051132202148
39.7645833333333,4.55951690673828
39.77125,4.53090667724609
39.7779166666667,4.50563430786133
39.7845833333333,4.48369979858398
39.79125,4.46462631225586
39.7979166666667,4.44889068603516
39.8045833333333,4.43553924560547
39.81125,4.425048828125
39.8179166666667,4.41598892211914
39.8245833333333,4.4097900390625
39.83125,4.40549850463867
39.8379166666667,4.40120697021484
39.8445833333333,4.39834594726563
39.85125,4.39596176147461
39.8579166666667,4.39596176147461
39.8645833333333,4.39834594726563
39.87125,4.40311431884766
39.8779166666667,4.41169738769531
39.8845833333333,4.42171096801758
39.89125,4.43363189697266
39.8979166666667,4.44602966308594
39.9045833333333,4.45890426635742
39.91125,4.47273254394531
39.9179166666667,4.48751449584961
39.9245833333333,4.50468063354492
39.93125,4.52375411987305
39.9379166666667,4.5466423034668
39.9445833333333,4.57334518432617
39.95125,4.60338592529297
39.9579166666667,4.63628768920898
39.9645833333333,4.67061996459961
39.97125,4.70781326293945
39.9779166666667,4.74739074707031
39.9845833333333,4.78935241699219
39.99125,4.83417510986328
39.9979166666667,4.8823356628418
40.0045833333333,4.93574142456055
40.01125,4.99296188354492
40.0179166666667,5.05304336547852
40.0245833333333,5.11598587036133
40.03125,5.17988204956055
40.0379166666667,5.24520874023438
40.0445833333333,5.31148910522461
40.05125,5.37919998168945
40.0579166666667,5.44881820678711
40.0645833333333,5.51939010620117
40.07125,5.59234619140625
40.0779166666667,5.66673278808594
40.0845833333333,5.74254989624023
40.09125,5.81979751586914
40.0979166666667,5.89752197265625
40.1045833333333,5.97572326660156
40.11125,6.05392456054688
40.1179166666667,6.13260269165039
40.1245833333333,6.21128082275391
40.13125,6.29043579101563
40.1379166666667,6.37006759643555
40.1445833333333,6.45065307617188
40.15125,6.53266906738281
40.1579166666667,6.61611557006836
40.1645833333333,6.70051574707031
40.17125,6.78586959838867
40.1779166666667,6.87503814697266
40.1845833333333,6.96897506713867
40.19125,7.06863403320313
40.1979166666667,7.17449188232422
40.2045833333333,7.28845596313477
40.21125,7.41195678710938
40.2179166666667,7.54690170288086
40.2245833333333,7.69281387329102
40.23125,7.85207748413086
40.2379166666667,8.0265998840332
40.2445833333333,8.21828842163086
40.25125,8.42905044555664
40.2579166666667,8.66031646728516
40.2645833333333,8.91542434692383
40.27125,9.19675827026367
40.2779166666667,9.5062255859375
40.2845833333333,9.84764099121094
40.29125,10.2229118347168
40.2979166666667,10.6339454650879
40.3045833333333,11.0831260681152
40.31125,11.5714073181152
40.3179166666667,12.1006965637207
40.3245833333333,12.6729011535645
40.33125,13.2904052734375
40.3379166666667,13.9541625976563
40.3445833333333,14.6646499633789
40.35125,15.4204368591309
40.3579166666667,16.2210464477539
40.3645833333333,17.064094543457
40.37125,17.9476737976074
40.3779166666667,18.8674926757813
40.3845833333333,19.8206901550293
40.39125,20.8048820495605
40.3979166666667,21.815299987793
40.4045833333333,22.8457450866699
40.41125,23.8895416259766
40.4179166666667,24.9385833740234
40.4245833333333,25.9861946105957
40.43125,27.0242691040039
40.4379166666667,28.0447006225586
40.4445833333333,29.0374755859375
40.45125,29.9935340881348
40.4579166666667,30.9042930603027
40.4645833333333,31.7611694335938
40.47125,32.5565338134766
40.4779166666667,33.2813262939453
40.4845833333333,33.9293479919434
40.49125,34.4944000244141
40.4979166666667,34.9717140197754
40.5045833333333,35.3546142578125
40.51125,35.6392860412598
40.5179166666667,35.8223915100098
40.5245833333333,35.9039306640625
40.53125,35.883903503418
40.5379166666667,35.7632637023926
40.5445833333333,35.5439186096191
40.55125,35.2311134338379
40.5579166666667,34.8291397094727
40.5645833333333,34.3418121337891
40.57125,33.7762832641602
40.5779166666667,33.139705657959
40.5845833333333,32.4392318725586
40.59125,31.684398651123
40.5979166666667,30.8842658996582
40.6045833333333,30.0474166870117
40.61125,29.1829109191895
40.6179166666667,28.3007621765137
40.6245833333333,27.4085998535156
40.63125,26.515007019043
40.6379166666667,25.6271362304688
40.6445833333333,24.7540473937988
40.65125,23.9028930664063
40.6579166666667,23.078441619873
40.6645833333333,22.284984588623
40.67125,21.5263366699219
40.6779166666667,20.805835723877
40.6845833333333,20.1253890991211
40.69125,19.4864273071289
40.6979166666667,18.8908576965332
40.7045833333333,18.3401107788086
40.71125,17.8337097167969
40.7179166666667,17.3707008361816
40.7245833333333,16.9501304626465
40.73125,16.5705680847168
40.7379166666667,16.2286758422852
40.7445833333333,15.9220695495605
40.75125,15.6478881835938
40.7579166666667,15.404224395752
40.7645833333333,15.1886940002441
40.77125,14.9974822998047
40.7779166666667,14.8286819458008
40.7845833333333,14.6799087524414
40.79125,14.5478248596191
40.7979166666667,14.4290924072266
40.8045833333333,14.3218040466309
40.81125,14.2230987548828
40.8179166666667,14.1329765319824
40.8245833333333,14.0480995178223
40.83125,13.9679908752441
40.8379166666667,13.8916969299316
40.8445833333333,13.8168334960938
40.85125,13.7414932250977
40.8579166666667,13.6656761169434
40.8645833333333,13.5898590087891
40.87125,13.5130882263184
40.8779166666667,13.4339332580566
40.8845833333333,13.3528709411621
40.89125,13.270378112793
40.8979166666667,13.1850242614746
40.9045833333333,13.096809387207
40.91125,13.0057334899902
40.9179166666667,12.9122734069824
40.9245833333333,12.8173828125
40.93125,12.7191543579102
40.9379166666667,12.6180648803711
40.9445833333333,12.514591217041
40.95125,12.4092102050781
40.9579166666667,12.3014450073242
40.9645833333333,12.1936798095703
40.97125,12.0849609375
40.9779166666667,11.9757652282715
40.9845833333333,11.8656158447266
40.99125,11.7549896240234
40.9979166666667,11.6434097290039
41.0045833333333,11.530876159668
41.01125,11.4178657531738
41.0179166666667,11.3039016723633
41.0245833333333,11.1899375915527
41.03125,11.0750198364258
41.0379166666667,10.9586715698242
41.0445833333333,10.8423233032227
41.05125,10.7259750366211
41.0579166666667,10.6091499328613
41.0645833333333,10.4928016662598
41.07125,10.3769302368164
41.0779166666667,10.2629661560059
41.0845833333333,10.1490020751953
41.09125,10.0340843200684
41.0979166666667,9.92012023925781
41.1045833333333,9.80806350708008
41.11125,9.69600677490234
41.1179166666667,9.58442687988281
41.1245833333333,9.47427749633789
41.13125,9.36651229858398
41.1379166666667,9.26017761230469
41.1445833333333,9.15384292602539
41.15125,9.04989242553711
41.1579166666667,8.94880294799805
41.1645833333333,8.85009765625
41.17125,8.75377655029297
41.1779166666667,8.66031646728516
41.1845833333333,8.56924057006836
41.19125,8.48102569580078
41.1979166666667,8.39471817016602
41.2045833333333,8.31079483032227
41.21125,8.22877883911133
41.2179166666667,8.15105438232422
41.2245833333333,8.07809829711914
41.23125,8.00895690917969
41.2379166666667,7.94410705566406
41.2445833333333,7.88354873657227
41.25125,7.8277587890625
41.2579166666667,7.77673721313477
41.2645833333333,7.72905349731445
41.27125,7.68518447875977
41.2779166666667,7.64608383178711
41.2845833333333,7.61222839355469
41.29125,7.58504867553711
41.2979166666667,7.56263732910156
41.3045833333333,7.54642486572266
41.31125,7.53593444824219
41.3179166666667,7.53164291381836
41.3245833333333,7.53402709960938
41.33125,7.54117965698242
41.3379166666667,7.55500793457031
41.3445833333333,7.57694244384766
41.35125,7.60650634765625
41.3579166666667,7.6446533203125
41.3645833333333,7.69138336181641
41.37125,7.74717330932617
41.3779166666667,7.81345367431641
41.3845833333333,7.8887939453125
41.39125,7.97367095947266
41.3979166666667,8.06713104248047
41.4045833333333,8.16869735717773
41.41125,8.27789306640625
41.4179166666667,8.3928108215332
41.4245833333333,8.5148811340332
41.43125,8.64362716674805
41.4379166666667,8.77857208251953
41.4445833333333,8.91780853271484
41.45125,9.05942916870117
41.4579166666667,9.20200347900391
41.4645833333333,9.34600830078125
41.47125,9.48858261108398
41.4779166666667,9.6287727355957
41.4845833333333,9.76657867431641
41.49125,9.90009307861328
41.4979166666667,10.0278854370117
41.5045833333333,10.1480484008789
41.51125,10.258674621582
41.5179166666667,10.3573799133301
41.5245833333333,10.4422569274902
41.53125,10.5123519897461
41.5379166666667,10.5671882629395
41.5445833333333,10.6053352355957
41.55125,10.6263160705566
41.5579166666667,10.6301307678223
41.5645833333333,10.6163024902344
41.57125,10.5857849121094
41.5779166666667,10.5366706848145
41.5845833333333,10.4708671569824
41.59125,10.3883743286133
41.5979166666667,10.289192199707
41.6045833333333,10.1747512817383
41.61125,10.045051574707
41.6179166666667,9.90104675292969
41.6245833333333,9.74369049072266
41.63125,9.57393646240234
41.6379166666667,9.39464569091797
41.6445833333333,9.20677185058594
41.65125,9.01174545288086
41.6579166666667,8.81195068359375
41.6645833333333,8.60834121704102
41.67125,8.40234756469727
41.6779166666667,8.19492340087891
41.6845833333333,7.98654556274414
41.69125,7.77912139892578
41.6979166666667,7.57408142089844
41.7045833333333,7.37237930297852
41.71125,7.17592239379883
41.7179166666667,6.98614120483398
41.7245833333333,6.80398941040039
41.73125,6.62899017333984
41.7379166666667,6.46114349365234
41.7445833333333,6.3023567199707
41.75125,6.15262985229492
41.7579166666667,6.01053237915039
41.7645833333333,5.87558746337891
41.77125,5.74922561645508
41.7779166666667,5.63192367553711
41.7845833333333,5.52272796630859
41.79125,5.41925430297852
41.7979166666667,5.32293319702148
41.8045833333333,5.2342414855957
41.81125,5.15270233154297
41.8179166666667,5.07783889770508
41.8245833333333,5.00965118408203
41.83125,4.94813919067383
41.8379166666667,4.89187240600586
41.8445833333333,4.83846664428711
41.85125,4.78887557983398
41.8579166666667,4.74357604980469
41.8645833333333,4.70113754272461
41.87125,4.66108322143555
41.8779166666667,4.62484359741211
41.8845833333333,4.5924186706543
41.89125,4.5628547668457
41.8979166666667,4.53567504882813
41.9045833333333,4.51040267944336
41.91125,4.48846817016602
41.9179166666667,4.46844100952148
41.9245833333333,4.45032119750977
41.93125,4.43458557128906
41.9379166666667,4.42075729370117
41.9445833333333,4.40835952758789
41.95125,4.39691543579102
41.9579166666667,4.38690185546875
41.9645833333333,4.37831878662109
41.97125,4.37116622924805
41.9779166666667,4.36496734619141
41.9845833333333,4.35972213745117
41.99125,4.35686111450195
41.9979166666667,4.35543060302734
42.0045833333333,4.35543060302734
42.01125,4.35638427734375
42.0179166666667,4.35876846313477
42.0245833333333,4.3635368347168
42.03125,4.36973571777344
42.0379166666667,4.37641143798828
42.0445833333333,4.38499450683594
42.05125,4.3950080871582
42.0579166666667,4.40692901611328
42.0645833333333,4.41884994506836
42.07125,4.43124771118164
42.0779166666667,4.44507598876953
42.0845833333333,4.46128845214844
42.09125,4.47845458984375
42.0979166666667,4.49657440185547
42.1045833333333,4.51564788818359
42.11125,4.53472137451172
42.1179166666667,4.55474853515625
42.1245833333333,4.57429885864258
42.13125,4.5928955078125
42.1379166666667,4.61101531982422
42.1445833333333,4.62913513183594
42.15125,4.64773178100586
42.1579166666667,4.66585159301758
42.1645833333333,4.68349456787109
42.17125,4.70113754272461
42.1779166666667,4.71878051757813
42.1845833333333,4.73499298095703
42.19125,4.75025177001953
42.1979166666667,4.76312637329102
42.2045833333333,4.77457046508789
42.21125,4.78458404541016
42.2179166666667,4.79269027709961
42.2245833333333,4.79793548583984
42.23125,4.80127334594727
42.2379166666667,4.80318069458008
42.2445833333333,4.80365753173828
42.25125,4.80270385742188
42.2579166666667,4.79984283447266
42.2645833333333,4.79555130004883
42.27125,4.78792190551758
42.2779166666667,4.77790832519531
42.2845833333333,4.76551055908203
42.29125,4.75168228149414
42.2979166666667,4.73594665527344
42.3045833333333,4.71830368041992
42.31125,4.7001838684082
42.3179166666667,4.68158721923828
42.3245833333333,4.66108322143555
42.33125,4.63771820068359
42.3379166666667,4.61244583129883
42.3445833333333,4.58574295043945
42.35125,4.55760955810547
42.3579166666667,4.52852249145508
42.3645833333333,4.49943542480469
42.37125,4.4703483581543
42.3779166666667,4.44221496582031
42.3845833333333,4.41455841064453
42.39125,4.38594818115234
42.3979166666667,4.35781478881836
42.4045833333333,4.33015823364258
42.41125,4.302978515625
42.4179166666667,4.27579879760742
42.4245833333333,4.24861907958984
42.43125,4.22191619873047
42.4379166666667,4.1966438293457
42.4445833333333,4.17232513427734
42.45125,4.14848327636719
42.4579166666667,4.12511825561523
42.4645833333333,4.10318374633789
42.47125,4.08458709716797
42.4779166666667,4.06837463378906
42.4845833333333,4.05502319335938
42.49125,4.04453277587891
42.4979166666667,4.03594970703125
42.5045833333333,4.02975082397461
42.51125,4.02450561523438
42.5179166666667,4.02069091796875
42.5245833333333,4.01830673217773
42.53125,4.01878356933594
42.5379166666667,4.02116775512695
42.5445833333333,4.02593612670898
42.55125,4.03308868408203
42.5579166666667,4.04167175292969
42.5645833333333,4.05263900756836
42.57125,4.06503677368164
42.5779166666667,4.07934188842773
42.5845833333333,4.09460067749023
42.59125,4.11081314086914
42.5979166666667,4.12750244140625
42.6045833333333,4.14466857910156
42.61125,4.16278839111328
42.6179166666667,4.18233871459961
42.6245833333333,4.20284271240234
42.63125,4.22477722167969
42.6379166666667,4.24575805664063
42.6445833333333,4.26530838012695
42.65125,4.28295135498047
42.6579166666667,4.29868698120117
42.6645833333333,4.31346893310547
42.67125,4.32682037353516
42.6779166666667,4.34017181396484
42.6845833333333,4.35304641723633
42.69125,4.36496734619141
42.6979166666667,4.37498092651367
42.7045833333333,4.38261032104492
42.71125,4.38833236694336
42.7179166666667,4.39214706420898
42.7245833333333,4.39453125
42.73125,4.3950080871582
42.7379166666667,4.39310073852539
42.7445833333333,4.38928604125977
42.75125,4.38308715820313
42.7579166666667,4.37545776367188
42.7645833333333,4.36687469482422
42.77125,4.35686111450195
42.7779166666667,4.34541702270508
42.7845833333333,4.3330192565918
42.79125,4.31919097900391
42.7979166666667,4.30393218994141
42.8045833333333,4.2872428894043
42.81125,4.27055358886719
42.8179166666667,4.25481796264648
42.8245833333333,4.23955917358398
42.83125,4.22430038452148
42.8379166666667,4.20904159545898
42.8445833333333,4.1956901550293
42.85125,4.18233871459961
42.8579166666667,4.16898727416992
42.8645833333333,4.15658950805664
42.87125,4.14562225341797
42.8779166666667,4.1356086730957
42.8845833333333,4.12559509277344
42.89125,4.11748886108398
42.8979166666667,4.11224365234375
42.9045833333333,4.10795211791992
42.91125,4.1050910949707
42.9179166666667,4.10318374633789
42.9245833333333,4.10270690917969
42.93125,4.10270690917969
42.9379166666667,4.10318374633789
42.9445833333333,4.10604476928711
42.95125,4.11081314086914
42.9579166666667,4.11748886108398
42.9645833333333,4.12607192993164
42.97125,4.13608551025391
42.9779166666667,4.14705276489258
42.9845833333333,4.15849685668945
42.99125,4.17089462280273
42.9979166666667,4.18424606323242
43.0045833333333,4.19855117797852
43.01125,4.21333312988281
43.0179166666667,4.22954559326172
43.0245833333333,4.24623489379883
43.03125,4.26340103149414
43.0379166666667,4.28056716918945
43.0445833333333,4.29725646972656
43.05125,4.31346893310547
43.0579166666667,4.32920455932617
43.0645833333333,4.34398651123047
43.07125,4.35781478881836
43.0779166666667,4.37164306640625
43.0845833333333,4.38547134399414
43.09125,4.39929962158203
43.0979166666667,4.41312789916992
43.1045833333333,4.42600250244141
43.11125,4.43744659423828
43.1179166666667,4.44793701171875
43.1245833333333,4.45699691772461
43.13125,4.46510314941406
43.1379166666667,4.47273254394531
43.1445833333333,4.48036193847656
43.15125,4.48846817016602
43.1579166666667,4.49609756469727
43.1645833333333,4.5018196105957
43.17125,4.50515747070313
43.1779166666667,4.50706481933594
43.1845833333333,4.50801849365234
43.19125,4.50897216796875
43.1979166666667,4.50944900512695
43.2045833333333,4.51087951660156
43.21125,4.51326370239258
43.2179166666667,4.51564788818359
43.2245833333333,4.5166015625
43.23125,4.5166015625
43.2379166666667,4.5166015625
43.2445833333333,4.5166015625
43.25125,4.5170783996582
43.2579166666667,4.51850891113281
43.2645833333333,4.52041625976563
43.27125,4.52375411987305
43.2779166666667,4.52709197998047
43.2845833333333,4.53042984008789
43.29125,4.53472137451172
43.2979166666667,4.54092025756836
43.3045833333333,4.54902648925781
43.31125,4.55856323242188
43.3179166666667,4.57000732421875
43.3245833333333,4.58240509033203
43.33125,4.59718704223633
43.3379166666667,4.61196899414063
43.3445833333333,4.62675094604492
43.35125,4.64010238647461
43.3579166666667,4.6534538269043
43.3645833333333,4.66728210449219
43.37125,4.68111038208008
43.3779166666667,4.69493865966797
43.3845833333333,4.71067428588867
43.39125,4.72784042358398
43.3979166666667,4.74691390991211
43.4045833333333,4.76694107055664
43.41125,4.78696823120117
43.4179166666667,4.8065185546875
43.4245833333333,4.82511520385742
43.43125,4.84180450439453
43.4379166666667,4.85706329345703
43.4445833333333,4.86993789672852
43.45125,4.8823356628418
43.4579166666667,4.89521026611328
43.4645833333333,4.90808486938477
43.47125,4.92000579833984
43.4779166666667,4.92954254150391
43.4845833333333,4.93764877319336
43.49125,4.94289398193359
43.4979166666667,4.94527816772461
43.5045833333333,4.94623184204102
43.51125,4.94575500488281
43.5179166666667,4.94527816772461
43.5245833333333,4.94480133056641
43.53125,4.9443244934082
43.5379166666667,4.9443244934082
43.5445833333333,4.9433708190918
43.55125,4.94289398193359
43.5579166666667,4.94289398193359
43.5645833333333,4.94384765625
43.57125,4.94480133056641
43.5779166666667,4.94480133056641
43.5845833333333,4.94527816772461
43.59125,4.94623184204102
43.5979166666667,4.94766235351563
43.6045833333333,4.94813919067383
43.61125,4.94956970214844
43.6179166666667,4.95290756225586
43.6245833333333,4.9586296081543
43.63125,4.96482849121094
43.6379166666667,4.97293472290039
43.6445833333333,4.98294830322266
43.65125,4.99582290649414
43.6579166666667,5.01012802124023
43.6645833333333,5.02490997314453
43.67125,5.04255294799805
43.6779166666667,5.06162643432617
43.6845833333333,5.08308410644531
43.69125,5.10454177856445
43.6979166666667,5.1274299621582
43.7045833333333,5.15079498291016
43.71125,5.17463684082031
43.7179166666667,5.19800186157227
43.7245833333333,5.2189826965332
43.73125,5.23805618286133
43.7379166666667,5.25617599487305
43.7445833333333,5.27191162109375
43.75125,5.28430938720703
43.7579166666667,5.2943229675293
43.7645833333333,5.30338287353516
43.77125,5.31148910522461
43.7779166666667,5.31673431396484
43.7845833333333,5.31864166259766
43.79125,5.31721115112305
43.7979166666667,5.31196594238281
43.8045833333333,5.30290603637695
43.81125,5.28907775878906
43.8179166666667,5.27143478393555
43.8245833333333,5.24997711181641
43.83125,5.22518157958984
43.8379166666667,5.19609451293945
43.8445833333333,5.16176223754883
43.85125,5.12409210205078
43.8579166666667,5.08260726928711
43.8645833333333,5.03778457641602
43.87125,4.9891471862793
43.8779166666667,4.93812561035156
43.8845833333333,4.88471984863281
43.89125,4.82845306396484
43.8979166666667,4.76980209350586
43.9045833333333,4.71019744873047
43.91125,4.65011596679688
43.9179166666667,4.59003448486328
43.9245833333333,4.52995300292969
43.93125,4.4703483581543
43.9379166666667,4.41122055053711
43.9445833333333,4.35256958007813
43.95125,4.29582595825195
43.9579166666667,4.24003601074219
43.9645833333333,4.18567657470703
43.97125,4.13227081298828
43.9779166666667,4.08029556274414
43.9845833333333,4.03070449829102
43.99125,3.98349761962891
43.9979166666667,3.9372444152832
44.0045833333333,3.89242172241211
44.01125,3.85093688964844
44.0179166666667,3.81326675415039
44.0245833333333,3.77702713012695
44.03125,3.74269485473633
44.0379166666667,3.71026992797852
44.0445833333333,3.68070602416992
44.05125,3.65304946899414
44.0579166666667,3.62777709960938
44.0645833333333,3.60393524169922
44.07125,3.58200073242188
44.0779166666667,3.56245040893555
44.0845833333333,3.54528427124023
44.09125,3.52907180786133
44.0979166666667,3.51428985595703
44.1045833333333,3.50093841552734
44.11125,3.48949432373047
44.1179166666667,3.48091125488281
44.1245833333333,3.47328186035156
44.13125,3.46612930297852
44.1379166666667,3.45897674560547
44.1445833333333,3.45230102539063
44.15125,3.44657897949219
44.1579166666667,3.44085693359375
44.1645833333333,3.43418121337891
44.17125,3.42798233032227
44.1779166666667,3.42321395874023
44.1845833333333,3.41939926147461
44.19125,3.41510772705078
44.1979166666667,3.41176986694336
44.2045833333333,3.41176986694336
44.21125,3.41367721557617
44.2179166666667,3.41653823852539
44.2245833333333,3.41939926147461
44.23125,3.42226028442383
44.2379166666667,3.42512130737305
44.2445833333333,3.42702865600586
44.25125,3.42798233032227
44.2579166666667,3.42941284179688
44.2645833333333,3.43227386474609
44.27125,3.43561172485352
44.2779166666667,3.43847274780273
44.2845833333333,3.44228744506836
44.29125,3.44610214233398
44.2979166666667,3.45039367675781
44.3045833333333,3.45468521118164
44.31125,3.46040725708008
44.3179166666667,3.46708297729492
44.3245833333333,3.47471237182617
44.33125,3.48281860351563
44.3379166666667,3.49140167236328
44.3445833333333,3.49950790405273
44.35125,3.50761413574219
44.3579166666667,3.51572036743164
44.3645833333333,3.52334976196289
44.37125,3.53097915649414
44.3779166666667,3.5395622253418
44.3845833333333,3.54909896850586
44.39125,3.55911254882813
44.3979166666667,3.56817245483398
44.4045833333333,3.57675552368164
44.41125,3.5858154296875
44.4179166666667,3.59439849853516
44.4245833333333,3.60298156738281
44.43125,3.61108779907227
44.4379166666667,3.62014770507813
44.4445833333333,3.63016128540039
44.45125,3.64017486572266
44.4579166666667,3.65018844604492
44.4645833333333,3.65972518920898
44.47125,3.66973876953125
44.4779166666667,3.67975234985352
44.4845833333333,3.69071960449219
44.49125,3.70168685913086
44.4979166666667,3.71408462524414
44.5045833333333,3.72600555419922
44.51125,3.73744964599609
44.5179166666667,3.74984741210938
44.5245833333333,3.76224517822266
44.53125,3.77655029296875
44.5379166666667,3.79085540771484
44.5445833333333,3.80659103393555
44.55125,3.82375717163086
44.5579166666667,3.84283065795898
44.5645833333333,3.86333465576172
44.57125,3.88479232788086
44.5779166666667,3.90768051147461
44.5845833333333,3.93247604370117
44.59125,3.95965576171875
44.5979166666667,3.98778915405273
44.6045833333333,4.01782989501953
44.61125,4.04930114746094
44.6179166666667,4.08172607421875
44.6245833333333,4.11605834960938
44.63125,4.15182113647461
44.6379166666667,4.18996810913086
44.6445833333333,4.23049926757813
44.65125,4.27484512329102
44.6579166666667,4.32300567626953
44.6645833333333,4.37545776367188
44.67125,4.43267822265625
44.6779166666667,4.49419021606445
44.6845833333333,4.56142425537109
44.69125,4.63342666625977
44.6979166666667,4.71162796020508
44.7045833333333,4.79555130004883
44.71125,4.88615036010742
44.7179166666667,4.98342514038086
44.7245833333333,5.08785247802734
44.73125,5.19990921020508
44.7379166666667,5.32102584838867
44.7445833333333,5.45120239257813
44.75125,5.59043884277344
44.7579166666667,5.73921203613281
44.7645833333333,5.89799880981445
44.77125,6.06727600097656
44.7779166666667,6.24704360961914
44.7845833333333,6.43682479858398
44.79125,6.6370964050293
44.7979166666667,6.84928894042969
44.8045833333333,7.07340240478516
44.81125,7.3084831237793
44.8179166666667,7.55548477172852
44.8245833333333,7.81345367431641
44.83125,8.08334350585938
44.8379166666667,8.36515426635742
44.8445833333333,8.65697860717773
44.85125,8.95929336547852
44.8579166666667,9.27019119262695
44.8645833333333,9.59062576293945
44.87125,9.9186897277832
44.8779166666667,10.2543830871582
44.8845833333333,10.5957984924316
44.89125,10.9415054321289
44.8979166666667,11.2905502319336
44.9045833333333,11.6405487060547
44.91125,11.9905471801758
44.9179166666667,12.3372077941895
44.9245833333333,12.6800537109375
44.93125,13.0181312561035
44.9379166666667,13.3485794067383
44.9445833333333,13.6704444885254
44.95125,13.981819152832
44.9579166666667,14.2807960510254
44.9645833333333,14.5654678344727
44.97125,14.8324966430664
44.9779166666667,15.0818824768066
44.9845833333333,15.3107643127441
44.99125,15.5167579650879
44.9979166666667,15.6998634338379
45.0045833333333,15.8581733703613
45.01125,15.9912109375
45.0179166666667,16.0980224609375
45.0245833333333,16.1786079406738
45.03125,16.2310600280762
45.0379166666667,16.2544250488281
45.0445833333333,16.2491798400879
45.05125,16.2148475646973
45.0579166666667,16.1519050598145
45.0645833333333,16.0608291625977
45.07125,15.9425735473633
45.0779166666667,15.7971382141113
45.0845833333333,15.6264305114746
45.09125,15.4323577880859
45.0979166666667,15.2158737182617
45.1045833333333,14.979362487793
45.11125,14.7242546081543
45.1179166666667,14.4529342651367
45.1245833333333,14.1682624816895
45.13125,13.8707160949707
45.1379166666667,13.5617256164551
45.1445833333333,13.2431983947754
45.15125,12.9184722900391
45.1579166666667,12.5880241394043
45.1645833333333,12.2542381286621
45.17125,11.9185447692871
45.1779166666667,11.5842819213867
45.1845833333333,11.2533569335938
45.19125,10.9257698059082
45.1979166666667,10.6024742126465
45.2045833333333,10.2863311767578
45.21125,9.97829437255859
45.2179166666667,9.67884063720703
45.2245833333333,9.38796997070313
45.23125,9.10806655883789
45.2379166666667,8.84008407592773
45.2445833333333,8.58306884765625
45.25125,8.33654403686523
45.2579166666667,8.10003280639648
45.2645833333333,7.87496566772461
45.27125,7.6603889465332
45.2779166666667,7.45725631713867
45.2845833333333,7.26556777954102
45.29125,7.08627700805664
45.2979166666667,6.91843032836914
45.3045833333333,6.7601203918457
45.31125,6.61277770996094
45.3179166666667,6.47497177124023
45.3245833333333,6.34670257568359
45.33125,6.2255859375
45.3379166666667,6.11209869384766
45.3445833333333,6.00624084472656
45.35125,5.90801239013672
45.3579166666667,5.81741333007813
45.3645833333333,5.73348999023438
45.37125,5.65719604492188
45.3779166666667,5.58662414550781
45.3845833333333,5.52225112915039
45.39125,5.46407699584961
45.3979166666667,5.41114807128906
45.4045833333333,5.36489486694336
45.41125,5.3253173828125
45.4179166666667,5.29289245605469
45.4245833333333,5.26714324951172
45.43125,5.24711608886719
45.4379166666667,5.23233413696289
45.4445833333333,5.22327423095703
45.45125,5.218505859375
45.4579166666667,5.21945953369141
45.4645833333333,5.22708892822266
45.47125,5.24330139160156
45.4779166666667,5.26666641235352
45.4845833333333,5.29909133911133
45.49125,5.340576171875
45.4979166666667,5.39064407348633
45.5045833333333,5.44929504394531
45.51125,5.51795959472656
45.5179166666667,5.59663772583008
45.5245833333333,5.68532943725586
45.53125,5.78451156616211
45.5379166666667,5.89513778686523
45.5445833333333,6.01625442504883
45.55125,6.14786148071289
45.5579166666667,6.28995895385742
45.5645833333333,6.44397735595703
45.57125,6.60943984985352
45.5779166666667,6.78682327270508
45.5845833333333,6.97708129882813
45.59125,7.18116760253906
45.5979166666667,7.39860534667969
45.6045833333333,7.62844085693359
45.61125,7.86876678466797
45.6179166666667,8.12005996704102
45.6245833333333,8.38136672973633
45.63125,8.6512565612793
45.6379166666667,8.92877578735352
45.6445833333333,9.21535491943359
45.65125,9.51099395751953
45.6579166666667,9.81473922729492
45.6645833333333,10.1242065429688
45.67125,10.439395904541
45.6779166666667,10.7588768005371
45.6845833333333,11.080265045166
45.69125,11.4021301269531
45.6979166666667,11.7216110229492
45.7045833333333,12.0372772216797
45.71125,12.3486518859863
45.7179166666667,12.6547813415527
45.7245833333333,12.9542350769043
45.73125,13.2460594177246
45.7379166666667,13.5283470153809
45.7445833333333,13.7996673583984
45.75125,14.0581130981445
45.7579166666667,14.3013000488281
45.7645833333333,14.5263671875
45.77125,14.7323608398438
45.7779166666667,14.918327331543
45.7845833333333,15.0837898254395
45.79125,15.2268409729004
45.7979166666667,15.3474807739258
45.8045833333333,15.444278717041
45.81125,15.5162811279297
45.8179166666667,15.5649185180664
45.8245833333333,15.5878067016602
45.83125,15.5854225158691
45.8379166666667,15.5577659606934
45.8445833333333,15.5062675476074
45.85125,15.4304504394531
45.8579166666667,15.3298377990723
45.8645833333333,15.2053833007813
45.87125,15.0580406188965
45.8779166666667,14.890193939209
45.8845833333333,14.7018432617188
45.89125,14.495849609375
45.8979166666667,14.2722129821777
45.9045833333333,14.033317565918
45.91125,13.7805938720703
45.9179166666667,13.514518737793
45.9245833333333,13.237476348877
45.93125,12.9504203796387
45.9379166666667,12.6552581787109
45.9445833333333,12.3553276062012
45.95125,12.052059173584
45.9579166666667,11.7473602294922
45.9645833333333,11.441707611084
45.97125,11.1370086669922
45.9779166666667,10.8351707458496
45.9845833333333,10.5371475219727
45.99125,10.2438926696777
45.9979166666667,9.95588302612305
46.0045833333333,9.67550277709961
46.01125,9.40370559692383
46.0179166666667,9.14096832275391
46.0245833333333,8.88776779174805
46.03125,8.64505767822266
46.0379166666667,8.41283798217773
46.0445833333333,8.19063186645508
46.05125,7.97939300537109
46.0579166666667,7.77769088745117
46.0645833333333,7.58743286132813
46.07125,7.40814208984375
46.0779166666667,7.23934173583984
46.0845833333333,7.080078125
46.09125,6.92987442016602
46.0979166666667,6.78825378417969
46.1045833333333,6.65283203125
46.11125,6.52408599853516
46.1179166666667,6.40153884887695
46.1245833333333,6.28471374511719
46.13125,6.17456436157227
46.1379166666667,6.06966018676758
46.1445833333333,5.96809387207031
46.15125,5.87081909179688
46.1579166666667,5.77735900878906
46.1645833333333,5.68628311157227
46.17125,5.59616088867188
46.1779166666667,5.50699234008789
46.1845833333333,5.42020797729492
46.19125,5.33390045166016
46.1979166666667,5.24759292602539
46.2045833333333,5.16033172607422
46.21125,5.07307052612305
46.2179166666667,4.98676300048828
46.2245833333333,4.89950180053711
46.23125,4.81176376342773
46.2379166666667,4.72354888916016
46.2445833333333,4.63485717773438
46.25125,4.54521179199219
46.2579166666667,4.45556640625
46.2645833333333,4.36544418334961
46.27125,4.27436828613281
46.2779166666667,4.18233871459961
46.2845833333333,4.09078598022461
46.29125,3.99971008300781
46.2979166666667,3.90815734863281
46.3045833333333,3.81660461425781
46.31125,3.72505187988281
46.3179166666667,3.63445281982422
46.3245833333333,3.54385375976563
46.33125,3.45325469970703
46.3379166666667,3.36217880249023
46.3445833333333,3.27253341674805
46.35125,3.18384170532227
46.3579166666667,3.09658050537109
46.3645833333333,3.01027297973633
46.37125,2.92539596557617
46.3779166666667,2.84242630004883
46.3845833333333,2.7618408203125
46.39125,2.68316268920898
46.3979166666667,2.60591506958008
46.4045833333333,2.52962112426758
46.41125,2.45523452758789
46.4179166666667,2.38323211669922
46.4245833333333,2.31266021728516
46.43125,2.2425651550293
46.4379166666667,2.17294692993164
46.4445833333333,2.1052360534668
46.45125,2.03990936279297
46.4579166666667,1.97649002075195
46.4645833333333,1.91450119018555
46.47125,1.85441970825195
46.4779166666667,1.79719924926758
46.4845833333333,1.74331665039063
46.49125,1.69086456298828
46.4979166666667,1.63936614990234
46.5045833333333,1.58929824829102
46.51125,1.5416145324707
46.5179166666667,1.4948844909668
46.5245833333333,1.4491081237793
46.53125,1.40380859375
46.5379166666667,1.35898590087891
46.5445833333333,1.31607055664063
46.55125,1.27458572387695
46.5579166666667,1.23500823974609
46.5645833333333,1.19543075561523
46.57125,1.15633010864258
46.5779166666667,1.11913681030273
46.5845833333333,1.0833740234375
46.59125,1.04904174804688
46.5979166666667,1.01661682128906
46.6045833333333,0.986099243164063
46.61125,0.957012176513672
46.6179166666667,0.929355621337891
46.6245833333333,0.902175903320313
46.63125,0.874996185302734
46.6379166666667,0.847339630126953
46.6445833333333,0.820636749267578
46.65125,0.795364379882813
46.6579166666667,0.771522521972656
46.6645833333333,0.748157501220703
46.67125,0.725746154785156
46.6779166666667,0.704765319824219
46.6845833333333,0.684261322021484
46.69125,0.664234161376953
46.6979166666667,0.643730163574219
46.7045833333333,0.622749328613281
46.71125,0.603199005126953
46.7179166666667,0.584125518798828
46.7245833333333,0.566005706787109
46.73125,0.547885894775391
46.7379166666667,0.530242919921875
46.7445833333333,0.514030456542969
46.75125,0.498771667480469
46.7579166666667,0.484943389892578
46.7645833333333,0.471591949462891
46.77125,0.456809997558594
46.7779166666667,0.4425048828125
46.7845833333333,0.428676605224609
46.79125,0.414848327636719
46.7979166666667,0.399589538574219
46.8045833333333,0.384330749511719
46.81125,0.371932983398438
46.8179166666667,0.362873077392578
46.8245833333333,0.355243682861328
46.83125,0.347137451171875
46.8379166666667,0.339508056640625
46.8445833333333,0.333309173583984
46.85125,0.32806396484375
46.8579166666667,0.321865081787109
46.8645833333333,0.314235687255859
46.87125,0.306129455566406
46.8779166666667,0.298976898193359
46.8845833333333,0.292301177978516
46.89125,0.284671783447266
46.8979166666667,0.276565551757813
46.9045833333333,0.269889831542969
46.91125,0.265121459960938
46.9179166666667,0.260829925537109
46.9245833333333,0.256538391113281
46.93125,0.252723693847656
46.9379166666667,0.249862670898438
46.9445833333333,0.248432159423828
46.95125,0.246524810791016
46.9579166666667,0.244617462158203
46.9645833333333,0.241756439208984
46.97125,0.239849090576172
46.9779166666667,0.237941741943359
46.9845833333333,0.236034393310547
46.99125,0.234603881835938
46.9979166666667,0.233650207519531
47.0045833333333,0.233173370361328
47.01125,0.233173370361328
47.0179166666667,0.233173370361328
47.0245833333333,0.232219696044922
47.03125,0.231266021728516
47.0379166666667,0.230789184570313
47.0445833333333,0.229835510253906
47.05125,0.228404998779297
47.0579166666667,0.226020812988281
47.0645833333333,0.224113464355469
47.07125,0.222682952880859
47.0779166666667,0.222206115722656
47.0845833333333,0.222682952880859
47.09125,0.224113464355469
47.0979166666667,0.225067138671875
47.1045833333333,0.226020812988281
47.11125,0.227928161621094
47.1179166666667,0.229358673095703
47.1245833333333,0.229835510253906
47.13125,0.229835510253906
47.1379166666667,0.229835510253906
47.1445833333333,0.230312347412109
47.15125,0.230312347412109
47.1579166666667,0.230789184570313
47.1645833333333,0.231266021728516
47.17125,0.232696533203125
47.1779166666667,0.234603881835938
47.1845833333333,0.23651123046875
47.19125,0.237464904785156
47.1979166666667,0.237941741943359
47.2045833333333,0.237941741943359
47.21125,0.237941741943359
47.2179166666667,0.237941741943359
47.2245833333333,0.237941741943359
47.23125,0.238895416259766
47.2379166666667,0.240325927734375
47.2445833333333,0.242710113525391
47.25125,0.245571136474609
47.2579166666667,0.247001647949219
47.2645833333333,0.248432159423828
47.27125,0.249862670898438
47.2779166666667,0.250816345214844
47.2845833333333,0.250816345214844
47.29125,0.250339508056641
47.2979166666667,0.250339508056641
47.3045833333333,0.250816345214844
47.31125,0.251293182373047
47.3179166666667,0.252723693847656
47.3245833333333,0.254154205322266
47.33125,0.255584716796875
47.3379166666667,0.255584716796875
47.3445833333333,0.256061553955078
47.35125,0.256538391113281
47.3579166666667,0.256538391113281
47.3645833333333,0.255584716796875
47.37125,0.254631042480469
47.3779166666667,0.254631042480469
47.3845833333333,0.255584716796875
47.39125,0.256061553955078
47.3979166666667,0.256061553955078
47.4045833333333,0.256538391113281
47.41125,0.257492065429688
47.4179166666667,0.257492065429688
47.4245833333333,0.256061553955078
47.43125,0.254631042480469
47.4379166666667,0.254154205322266
47.4445833333333,0.255584716796875
47.45125,0.257492065429688
47.4579166666667,0.260353088378906
47.4645833333333,0.262260437011719
47.47125,0.262737274169922
47.4779166666667,0.262260437011719
47.4845833333333,0.261783599853516
47.49125,0.261306762695313
47.4979166666667,0.261306762695313
47.5045833333333,0.261306762695313
47.51125,0.261783599853516
47.5179166666667,0.262737274169922
47.5245833333333,0.263214111328125
47.53125,0.262260437011719
47.5379166666667,0.260353088378906
47.5445833333333,0.2593994140625
47.55125,0.258445739746094
47.5579166666667,0.257968902587891
47.5645833333333,0.257492065429688
47.57125,0.257492065429688
47.5779166666667,0.2593994140625
47.5845833333333,0.261783599853516
47.59125,0.264167785644531
47.5979166666667,0.266075134277344
47.6045833333333,0.26702880859375
47.61125,0.267505645751953
47.6179166666667,0.266551971435547
47.6245833333333,0.265598297119141
47.63125,0.264167785644531
47.6379166666667,0.264644622802734
47.6445833333333,0.266075134277344
47.65125,0.266551971435547
47.6579166666667,0.267505645751953
47.6645833333333,0.267982482910156
47.67125,0.268459320068359
47.6779166666667,0.267982482910156
47.6845833333333,0.267505645751953
47.69125,0.26702880859375
47.6979166666667,0.266551971435547
47.7045833333333,0.266075134277344
47.71125,0.266075134277344
47.7179166666667,0.266075134277344
47.7245833333333,0.265598297119141
47.73125,0.265121459960938
47.7379166666667,0.264644622802734
47.7445833333333,0.264644622802734
47.75125,0.264644622802734
47.7579166666667,0.265121459960938
47.7645833333333,0.266075134277344
47.77125,0.26702880859375
47.7779166666667,0.266551971435547
47.7845833333333,0.265598297119141
47.79125,0.265598297119141
47.7979166666667,0.266551971435547
47.8045833333333,0.267982482910156
47.81125,0.268936157226563
47.8179166666667,0.271320343017578
47.8245833333333,0.272750854492188
47.83125,0.272750854492188
47.8379166666667,0.270843505859375
47.8445833333333,0.268459320068359
47.85125,0.26702880859375
47.8579166666667,0.266075134277344
47.8645833333333,0.266075134277344
47.87125,0.267505645751953
47.8779166666667,0.269412994384766
47.8845833333333,0.270366668701172
47.89125,0.270843505859375
47.8979166666667,0.271797180175781
47.9045833333333,0.271797180175781
47.91125,0.271797180175781
47.9179166666667,0.271797180175781
47.9245833333333,0.271797180175781
47.93125,0.270843505859375
47.9379166666667,0.268459320068359
47.9445833333333,0.266551971435547
47.95125,0.266075134277344
47.9579166666667,0.266551971435547
47.9645833333333,0.267505645751953
47.97125,0.268936157226563
47.9779166666667,0.271320343017578
47.9845833333333,0.272750854492188
47.99125,0.272750854492188
47.9979166666667,0.271797180175781
48.0045833333333,0.270843505859375
48.01125,0.270366668701172
48.0179166666667,0.269412994384766
48.0245833333333,0.269412994384766
48.03125,0.269889831542969
48.0379166666667,0.271320343017578
48.0445833333333,0.273227691650391
48.05125,0.275135040283203
48.0579166666667,0.275611877441406
48.0645833333333,0.276088714599609
48.07125,0.275611877441406
48.0779166666667,0.274181365966797
48.0845833333333,0.272274017333984
48.09125,0.269889831542969
48.0979166666667,0.268459320068359
48.1045833333333,0.267505645751953
48.11125,0.26702880859375
48.1179166666667,0.266551971435547
48.1245833333333,0.266551971435547
48.13125,0.26702880859375
48.1379166666667,0.268459320068359
48.1445833333333,0.268936157226563
48.15125,0.268936157226563
48.1579166666667,0.269889831542969
48.1645833333333,0.271320343017578
48.17125,0.272750854492188
48.1779166666667,0.274181365966797
48.1845833333333,0.275135040283203
48.19125,0.276088714599609
48.1979166666667,0.275611877441406
48.2045833333333,0.273227691650391
48.21125,0.270843505859375
48.2179166666667,0.268936157226563
48.2245833333333,0.267982482910156
48.23125,0.26702880859375
48.2379166666667,0.26702880859375
48.2445833333333,0.26702880859375
48.25125,0.267505645751953
48.2579166666667,0.267505645751953
48.2645833333333,0.26702880859375
48.27125,0.26702880859375
48.2779166666667,0.267505645751953
48.2845833333333,0.269412994384766
48.29125,0.271320343017578
48.2979166666667,0.273227691650391
48.3045833333333,0.274181365966797
48.31125,0.275611877441406
48.3179166666667,0.276088714599609
48.3245833333333,0.276088714599609
48.33125,0.275611877441406
48.3379166666667,0.275135040283203
48.3445833333333,0.275135040283203
48.35125,0.275611877441406
48.3579166666667,0.276088714599609
48.3645833333333,0.276565551757813
48.37125,0.276565551757813
48.3779166666667,0.276088714599609
48.3845833333333,0.274181365966797
48.39125,0.271797180175781
48.3979166666667,0.270366668701172
48.4045833333333,0.269412994384766
48.41125,0.268936157226563
48.4179166666667,0.269889831542969
48.4245833333333,0.271320343017578
48.43125,0.272750854492188
48.4379166666667,0.273227691650391
48.4445833333333,0.273704528808594
48.45125,0.273227691650391
48.4579166666667,0.271797180175781
48.4645833333333,0.270843505859375
48.47125,0.269889831542969
48.4779166666667,0.269412994384766
48.4845833333333,0.268936157226563
48.49125,0.268459320068359
48.4979166666667,0.268936157226563
48.5045833333333,0.268936157226563
48.51125,0.268936157226563
48.5179166666667,0.268936157226563
48.5245833333333,0.269412994384766
48.53125,0.270843505859375
48.5379166666667,0.272274017333984
48.5445833333333,0.273704528808594
48.55125,0.274181365966797
48.5579166666667,0.273227691650391
48.5645833333333,0.272750854492188
48.57125,0.271797180175781
48.5779166666667,0.271320343017578
48.5845833333333,0.270843505859375
48.59125,0.269889831542969
48.5979166666667,0.269889831542969
48.6045833333333,0.270366668701172
48.61125,0.270366668701172
48.6179166666667,0.270843505859375
48.6245833333333,0.271797180175781
48.63125,0.273704528808594
48.6379166666667,0.274658203125
48.6445833333333,0.274658203125
48.65125,0.274181365966797
48.6579166666667,0.273227691650391
48.6645833333333,0.271797180175781
48.67125,0.270366668701172
48.6779166666667,0.269889831542969
48.6845833333333,0.269889831542969
48.69125,0.270366668701172
48.6979166666667,0.270366668701172
48.7045833333333,0.271797180175781
48.71125,0.273704528808594
48.7179166666667,0.275611877441406
48.7245833333333,0.276088714599609
48.73125,0.276088714599609
48.7379166666667,0.275135040283203
48.7445833333333,0.273704528808594
48.75125,0.271797180175781
48.7579166666667,0.270366668701172
48.7645833333333,0.268936157226563
48.77125,0.268936157226563
48.7779166666667,0.269412994384766
48.7845833333333,0.269889831542969
48.79125,0.270366668701172
48.7979166666667,0.270843505859375
48.8045833333333,0.271320343017578
48.81125,0.271797180175781
48.8179166666667,0.271320343017578
48.8245833333333,0.270843505859375
48.83125,0.270366668701172
48.8379166666667,0.271320343017578
48.8445833333333,0.272274017333984
48.85125,0.274658203125
48.8579166666667,0.276565551757813
48.8645833333333,0.278472900390625
48.87125,0.278472900390625
48.8779166666667,0.277042388916016
48.8845833333333,0.274658203125
48.89125,0.273227691650391
48.8979166666667,0.272274017333984
48.9045833333333,0.270843505859375
48.91125,0.270366668701172
48.9179166666667,0.270843505859375
48.9245833333333,0.271797180175781
48.93125,0.272274017333984
48.9379166666667,0.272750854492188
48.9445833333333,0.274658203125
48.95125,0.276088714599609
48.9579166666667,0.276088714599609
48.9645833333333,0.275135040283203
48.97125,0.274181365966797
48.9779166666667,0.274181365966797
48.9845833333333,0.274181365966797
48.99125,0.274181365966797
48.9979166666667,0.275135040283203
49.0045833333333,0.276088714599609
49.01125,0.276565551757813
49.0179166666667,0.276088714599609
49.0245833333333,0.275135040283203
49.03125,0.274658203125
49.0379166666667,0.275611877441406
49.0445833333333,0.277042388916016
49.05125,0.278472900390625
49.0579166666667,0.279903411865234
49.0645833333333,0.280380249023438
49.07125,0.280380249023438
49.0779166666667,0.279903411865234
49.0845833333333,0.279426574707031
49.09125,0.278472900390625
49.0979166666667,0.277996063232422
49.1045833333333,0.277996063232422
49.11125,0.277519226074219
49.1179166666667,0.276088714599609
49.1245833333333,0.274658203125
49.13125,0.273704528808594
49.1379166666667,0.272274017333984
49.1445833333333,0.272274017333984
49.15125,0.273704528808594
49.1579166666667,0.276088714599609
49.1645833333333,0.278472900390625
49.17125,0.279426574707031
49.1779166666667,0.279903411865234
49.1845833333333,0.279426574707031
49.19125,0.277996063232422
49.1979166666667,0.276088714599609
49.2045833333333,0.273227691650391
49.21125,0.270843505859375
49.2179166666667,0.269412994384766
49.2245833333333,0.269889831542969
49.23125,0.271797180175781
49.2379166666667,0.274658203125
49.2445833333333,0.277519226074219
49.25125,0.280380249023438
49.2579166666667,0.281810760498047
49.2645833333333,0.280857086181641
49.27125,0.278949737548828
49.2779166666667,0.277042388916016
49.2845833333333,0.276565551757813
49.29125,0.277042388916016
49.2979166666667,0.277996063232422
49.3045833333333,0.279426574707031
49.31125,0.280380249023438
49.3179166666667,0.279903411865234
49.3245833333333,0.278472900390625
49.33125,0.277519226074219
49.3379166666667,0.276565551757813
49.3445833333333,0.276565551757813
49.35125,0.277042388916016
49.3579166666667,0.278472900390625
49.3645833333333,0.278949737548828
49.37125,0.278472900390625
49.3779166666667,0.277996063232422
49.3845833333333,0.277996063232422
49.39125,0.277996063232422
49.3979166666667,0.278472900390625
49.4045833333333,0.278949737548828
49.41125,0.280857086181641
49.4179166666667,0.282764434814453
49.4245833333333,0.283241271972656
49.43125,0.282764434814453
49.4379166666667,0.28228759765625
49.4445833333333,0.281810760498047
49.45125,0.280857086181641
49.4579166666667,0.279426574707031
49.4645833333333,0.277996063232422
49.47125,0.276565551757813
49.4779166666667,0.275135040283203
49.4845833333333,0.274181365966797
49.49125,0.273227691650391
49.4979166666667,0.272750854492188
49.5045833333333,0.272274017333984
49.51125,0.272750854492188
49.5179166666667,0.273704528808594
49.5245833333333,0.274658203125
49.53125,0.275135040283203
49.5379166666667,0.275135040283203
49.5445833333333,0.275611877441406
49.55125,0.276088714599609
49.5579166666667,0.275611877441406
49.5645833333333,0.274658203125
49.57125,0.274181365966797
49.5779166666667,0.274658203125
49.5845833333333,0.274181365966797
49.59125,0.274181365966797
49.5979166666667,0.274658203125
49.6045833333333,0.275611877441406
49.61125,0.275611877441406
49.6179166666667,0.276565551757813
49.6245833333333,0.277996063232422
49.63125,0.279426574707031
49.6379166666667,0.280380249023438
49.6445833333333,0.281810760498047
49.65125,0.282764434814453
49.6579166666667,0.28228759765625
49.6645833333333,0.280857086181641
49.67125,0.279903411865234
49.6779166666667,0.279903411865234
49.6845833333333,0.279426574707031
49.69125,0.278472900390625
49.6979166666667,0.277996063232422
49.7045833333333,0.277996063232422
49.71125,0.277996063232422
49.7179166666667,0.277519226074219
49.7245833333333,0.277042388916016
49.73125,0.276565551757813
49.7379166666667,0.277042388916016
49.7445833333333,0.277996063232422
49.75125,0.278472900390625
49.7579166666667,0.278472900390625
49.7645833333333,0.278472900390625
49.77125,0.277519226074219
49.7779166666667,0.277042388916016
49.7845833333333,0.276565551757813
49.79125,0.276565551757813
49.7979166666667,0.276565551757813
49.8045833333333,0.276565551757813
49.81125,0.276565551757813
49.8179166666667,0.276088714599609
49.8245833333333,0.275135040283203
49.83125,0.273227691650391
49.8379166666667,0.271797180175781
49.8445833333333,0.270843505859375
49.85125,0.269889831542969
49.8579166666667,0.268936157226563
49.8645833333333,0.268459320068359
49.87125,0.268936157226563
49.8779166666667,0.269889831542969
49.8845833333333,0.270366668701172
49.89125,0.271320343017578
49.8979166666667,0.271320343017578
49.9045833333333,0.270366668701172
49.91125,0.268936157226563
49.9179166666667,0.266551971435547
49.9245833333333,0.264644622802734
49.93125,0.262737274169922
49.9379166666667,0.262260437011719
49.9445833333333,0.261783599853516
49.95125,0.262260437011719
49.9579166666667,0.263214111328125
49.9645833333333,0.264644622802734
49.97125,0.265598297119141
49.9779166666667,0.266075134277344
49.9845833333333,0.266075134277344
49.99125,0.264644622802734
49.9979166666667,0.262737274169922
