0.00375,-0.0162124633789063
0.0104166666666667,-0.0162124633789063
0.0170833333333333,-0.0162124633789063
0.02375,-0.0147819519042969
0.0304166666666667,-0.0143051147460938
0.0370833333333333,-0.0128746032714844
0.04375,-0.0109672546386719
0.0504166666666667,-0.00905990600585938
0.0570833333333333,-0.00715255737304688
0.06375,-0.00667572021484375
0.0704166666666667,-0.00619888305664063
0.0770833333333333,-0.00619888305664063
0.08375,-0.00667572021484375
0.0904166666666667,-0.00762939453125
0.0970833333333333,-0.00905990600585938
0.10375,-0.0109672546386719
0.110416666666667,-0.0123977661132813
0.117083333333333,-0.0133514404296875
0.12375,-0.0143051147460938
0.130416666666667,-0.0152587890625
0.137083333333333,-0.0162124633789063
0.14375,-0.0166893005371094
0.150416666666667,-0.0166893005371094
0.157083333333333,-0.0162124633789063
0.16375,-0.0147819519042969
0.170416666666667,-0.0138282775878906
0.177083333333333,-0.0128746032714844
0.18375,-0.0123977661132813
0.190416666666667,-0.011444091796875
0.197083333333333,-0.011444091796875
0.20375,-0.011444091796875
0.210416666666667,-0.0109672546386719
0.217083333333333,-0.0104904174804688
0.22375,-0.0104904174804688
0.230416666666667,-0.0109672546386719
0.237083333333333,-0.0119209289550781
0.24375,-0.0133514404296875
0.250416666666667,-0.0157356262207031
0.257083333333333,-0.0181198120117188
0.26375,-0.019073486328125
0.270416666666667,-0.0205039978027344
0.277083333333333,-0.0214576721191406
0.28375,-0.0219345092773438
0.290416666666667,-0.0209808349609375
0.297083333333333,-0.019073486328125
0.30375,-0.0181198120117188
0.310416666666667,-0.0171661376953125
0.317083333333333,-0.0157356262207031
0.32375,-0.0143051147460938
0.330416666666667,-0.0138282775878906
0.337083333333333,-0.0133514404296875
0.34375,-0.0133514404296875
0.350416666666667,-0.0128746032714844
0.357083333333333,-0.0123977661132813
0.36375,-0.0123977661132813
0.370416666666667,-0.0128746032714844
0.377083333333333,-0.0128746032714844
0.38375,-0.0128746032714844
0.390416666666667,-0.0123977661132813
0.397083333333333,-0.0128746032714844
0.40375,-0.0138282775878906
0.410416666666667,-0.0143051147460938
0.417083333333333,-0.0147819519042969
0.42375,-0.0157356262207031
0.430416666666667,-0.0162124633789063
0.437083333333333,-0.0166893005371094
0.44375,-0.0162124633789063
0.450416666666667,-0.0157356262207031
0.457083333333333,-0.0147819519042969
0.46375,-0.0138282775878906
0.470416666666667,-0.0128746032714844
0.477083333333333,-0.0119209289550781
0.48375,-0.011444091796875
0.490416666666667,-0.0109672546386719
0.497083333333333,-0.0104904174804688
0.50375,-0.0104904174804688
0.510416666666667,-0.011444091796875
0.517083333333333,-0.0128746032714844
0.52375,-0.0133514404296875
0.530416666666667,-0.0143051147460938
0.537083333333333,-0.0147819519042969
0.54375,-0.0152587890625
0.550416666666667,-0.0152587890625
0.557083333333333,-0.0152587890625
0.56375,-0.0162124633789063
0.570416666666667,-0.0171661376953125
0.577083333333333,-0.0185966491699219
0.58375,-0.019073486328125
0.590416666666667,-0.0181198120117188
0.597083333333333,-0.0176429748535156
0.60375,-0.0176429748535156
0.610416666666667,-0.0171661376953125
0.617083333333333,-0.0171661376953125
0.62375,-0.0185966491699219
0.630416666666667,-0.0195503234863281
0.637083333333333,-0.0200271606445313
0.64375,-0.0200271606445313
0.650416666666667,-0.0195503234863281
0.657083333333333,-0.0181198120117188
0.66375,-0.0157356262207031
0.670416666666667,-0.0138282775878906
0.677083333333333,-0.0138282775878906
0.68375,-0.0147819519042969
0.690416666666667,-0.0157356262207031
0.697083333333333,-0.0171661376953125
0.70375,-0.0185966491699219
0.710416666666667,-0.0195503234863281
0.717083333333333,-0.0185966491699219
0.72375,-0.0162124633789063
0.730416666666667,-0.0138282775878906
0.737083333333333,-0.0119209289550781
0.74375,-0.011444091796875
0.750416666666667,-0.0119209289550781
0.757083333333333,-0.0133514404296875
0.76375,-0.0152587890625
0.770416666666667,-0.0181198120117188
0.777083333333333,-0.0205039978027344
0.78375,-0.0219345092773438
0.790416666666667,-0.0224113464355469
0.797083333333333,-0.0219345092773438
0.80375,-0.0205039978027344
0.810416666666667,-0.0185966491699219
0.817083333333333,-0.0162124633789063
0.82375,-0.0143051147460938
0.830416666666667,-0.0128746032714844
0.837083333333333,-0.0123977661132813
0.84375,-0.0119209289550781
0.850416666666667,-0.0119209289550781
0.857083333333333,-0.0119209289550781
0.86375,-0.0119209289550781
0.870416666666667,-0.0119209289550781
0.877083333333333,-0.011444091796875
0.88375,-0.0109672546386719
0.890416666666667,-0.0119209289550781
0.897083333333333,-0.0128746032714844
0.90375,-0.0147819519042969
0.910416666666667,-0.0152587890625
0.917083333333333,-0.0157356262207031
0.92375,-0.0162124633789063
0.930416666666667,-0.0162124633789063
0.937083333333333,-0.0157356262207031
0.94375,-0.0147819519042969
0.950416666666667,-0.0147819519042969
0.957083333333333,-0.0138282775878906
0.96375,-0.0128746032714844
0.970416666666667,-0.0123977661132813
0.977083333333333,-0.0123977661132813
0.98375,-0.011444091796875
0.990416666666667,-0.0095367431640625
0.997083333333333,-0.00858306884765625
1.00375,-0.00905990600585938
1.01041666666667,-0.00905990600585938
1.01708333333333,-0.00858306884765625
1.02375,-0.00858306884765625
1.03041666666667,-0.0100135803222656
1.03708333333333,-0.0104904174804688
1.04375,-0.0109672546386719
1.05041666666667,-0.0109672546386719
1.05708333333333,-0.0123977661132813
1.06375,-0.0138282775878906
1.07041666666667,-0.0147819519042969
1.07708333333333,-0.0152587890625
1.08375,-0.0147819519042969
1.09041666666667,-0.0143051147460938
1.09708333333333,-0.0138282775878906
1.10375,-0.0123977661132813
1.11041666666667,-0.0119209289550781
1.11708333333333,-0.0119209289550781
1.12375,-0.0119209289550781
1.13041666666667,-0.011444091796875
1.13708333333333,-0.0100135803222656
1.14375,-0.00858306884765625
1.15041666666667,-0.00667572021484375
1.15708333333333,-0.00619888305664063
1.16375,-0.00619888305664063
1.17041666666667,-0.00667572021484375
1.17708333333333,-0.00858306884765625
1.18375,-0.0095367431640625
1.19041666666667,-0.0095367431640625
1.19708333333333,-0.00905990600585938
1.20375,-0.00810623168945313
1.21041666666667,-0.00715255737304688
1.21708333333333,-0.00667572021484375
1.22375,-0.00667572021484375
1.23041666666667,-0.00762939453125
1.23708333333333,-0.00858306884765625
1.24375,-0.0095367431640625
1.25041666666667,-0.0104904174804688
1.25708333333333,-0.011444091796875
1.26375,-0.0119209289550781
1.27041666666667,-0.011444091796875
1.27708333333333,-0.011444091796875
1.28375,-0.011444091796875
1.29041666666667,-0.0109672546386719
1.29708333333333,-0.0095367431640625
1.30375,-0.0095367431640625
1.31041666666667,-0.0100135803222656
1.31708333333333,-0.0104904174804688
1.32375,-0.0109672546386719
1.33041666666667,-0.011444091796875
1.33708333333333,-0.0109672546386719
1.34375,-0.0095367431640625
1.35041666666667,-0.00762939453125
1.35708333333333,-0.0057220458984375
1.36375,-0.00429153442382813
1.37041666666667,-0.003814697265625
1.37708333333333,-0.00476837158203125
1.38375,-0.00715255737304688
1.39041666666667,-0.0095367431640625
1.39708333333333,-0.011444091796875
1.40375,-0.0119209289550781
1.41041666666667,-0.0104904174804688
1.41708333333333,-0.00905990600585938
1.42375,-0.00810623168945313
1.43041666666667,-0.00762939453125
1.43708333333333,-0.00715255737304688
1.44375,-0.00810623168945313
1.45041666666667,-0.0095367431640625
1.45708333333333,-0.0100135803222656
1.46375,-0.0095367431640625
1.47041666666667,-0.00810623168945313
1.47708333333333,-0.00762939453125
1.48375,-0.00667572021484375
1.49041666666667,-0.0057220458984375
1.49708333333333,-0.00429153442382813
1.50375,-0.00286102294921875
1.51041666666667,-0.0019073486328125
1.51708333333333,-0.000476837158203125
1.52375,0.00095367431640625
1.53041666666667,0.00286102294921875
1.53708333333333,0.003814697265625
1.54375,0.00524520874023438
1.55041666666667,0.00810623168945313
1.55708333333333,0.0133514404296875
1.56375,0.0238418579101563
1.57041666666667,0.0481605529785156
1.57708333333333,0.105857849121094
1.58375,0.221729278564453
1.59041666666667,0.414371490478516
1.59708333333333,0.679969787597656
1.60375,0.986576080322266
1.61041666666667,1.28602981567383
1.61708333333333,1.52921676635742
1.62375,1.67560577392578
1.63041666666667,1.70516967773438
1.63708333333333,1.62696838378906
1.64375,1.47819519042969
1.65041666666667,1.30414962768555
1.65708333333333,1.13916397094727
1.66375,1.00088119506836
1.67041666666667,0.89263916015625
1.67708333333333,0.810623168945313
1.68375,0.7476806640625
1.69041666666667,0.698566436767578
1.69708333333333,0.659465789794922
1.70375,0.627517700195313
1.71041666666667,0.601291656494141
1.71708333333333,0.578880310058594
1.72375,0.560283660888672
1.73041666666667,0.545024871826172
1.73708333333333,0.532627105712891
1.74375,0.522613525390625
1.75041666666667,0.515460968017578
1.75708333333333,0.510215759277344
1.76375,0.506401062011719
1.77041666666667,0.504016876220703
1.77708333333333,0.503063201904297
1.78375,0.504493713378906
1.79041666666667,0.508785247802734
1.79708333333333,0.514507293701172
1.80375,0.520706176757813
1.81041666666667,0.527858734130859
1.81708333333333,0.535488128662109
1.82375,0.544071197509766
1.83041666666667,0.553131103515625
1.83708333333333,0.562667846679688
1.84375,0.573635101318359
1.85041666666667,0.586032867431641
1.85708333333333,0.599861145019531
1.86375,0.614643096923828
1.87041666666667,0.631332397460938
1.87708333333333,0.649929046630859
1.88375,0.670433044433594
1.89041666666667,0.693321228027344
1.89708333333333,0.718593597412109
1.90375,0.746250152587891
1.91041666666667,0.775337219238281
1.91708333333333,0.806331634521484
1.92375,0.838756561279297
1.93041666666667,0.871658325195313
1.93708333333333,0.904083251953125
1.94375,0.936985015869141
1.95041666666667,0.969886779785156
1.95708333333333,1.00231170654297
1.96375,1.03330612182617
1.97041666666667,1.06048583984375
1.97708333333333,1.0833740234375
1.98375,1.10101699829102
1.99041666666667,1.11246109008789
1.99708333333333,1.11913681030273
2.00375,1.12199783325195
2.01041666666667,1.12438201904297
2.01708333333333,1.129150390625
2.02375,1.13773345947266
2.03041666666667,1.15394592285156
2.03708333333333,1.18207931518555
2.04375,1.22499465942383
2.05041666666667,1.28507614135742
2.05708333333333,1.36756896972656
2.06375,1.47867202758789
2.07041666666667,1.61981582641602
2.07708333333333,1.77764892578125
2.08375,1.92785263061523
2.09041666666667,2.05183029174805
2.09708333333333,2.14147567749023
2.10375,2.19583511352539
2.11041666666667,2.21538543701172
2.11708333333333,2.2125244140625
2.12375,2.20918655395508
2.13041666666667,2.22158432006836
2.13708333333333,2.25114822387695
2.14375,2.29215621948242
2.15041666666667,2.33983993530273
2.15708333333333,2.39229202270508
2.16375,2.44998931884766
2.17041666666667,2.51054763793945
2.17708333333333,2.57253646850586
2.18375,2.63166427612305
2.19041666666667,2.6850700378418
2.19708333333333,2.72893905639648
2.20375,2.76088714599609
2.21041666666667,2.78139114379883
2.21708333333333,2.79474258422852
2.22375,2.81095504760742
2.23041666666667,2.84051895141602
2.23708333333333,2.89201736450195
2.24375,2.97260284423828
2.25041666666667,3.08418273925781
2.25708333333333,3.22532653808594
2.26375,3.39365005493164
2.27041666666667,3.58819961547852
2.27708333333333,3.80897521972656
2.28375,4.05454635620117
2.29041666666667,4.3187141418457
2.29708333333333,4.5924186706543
2.30375,4.86516952514648
2.31041666666667,5.13267517089844
2.31708333333333,5.39970397949219
2.32375,5.68723678588867
2.33041666666667,6.0272216796875
2.33708333333333,6.43253326416016
2.34375,6.87122344970703
2.35041666666667,7.27653503417969
2.35708333333333,7.56311416625977
2.36375,7.66372680664063
2.37041666666667,7.54737854003906
2.37708333333333,7.25030899047852
2.38375,6.86025619506836
2.39041666666667,6.47211074829102
2.39708333333333,6.16264343261719
2.40375,5.89847564697266
2.41041666666667,5.53131103515625
2.41708333333333,4.86135482788086
2.42375,3.82184982299805
2.43041666666667,2.57253646850586
2.43708333333333,1.37233734130859
2.44375,0.5035400390625
2.45041666666667,0.163078308105469
2.45708333333333,0.432491302490234
2.46375,1.20973587036133
2.47041666666667,2.2430419921875
2.47708333333333,3.27920913696289
2.48375,4.16183471679688
2.49041666666667,4.83322143554688
2.49708333333333,5.28860092163086
2.50375,5.54800033569336
2.51041666666667,5.64718246459961
2.51708333333333,5.61237335205078
2.52375,5.41019439697266
2.53041666666667,5.03015518188477
2.53708333333333,4.55331802368164
2.54375,4.09889221191406
2.55041666666667,3.72076034545898
2.55708333333333,3.42369079589844
2.56375,3.22437286376953
2.57041666666667,3.12232971191406
2.57708333333333,3.06129455566406
2.58375,2.98023223876953
2.59041666666667,2.8681755065918
2.59708333333333,2.71511077880859
2.60375,2.50673294067383
2.61041666666667,2.27117538452148
2.61708333333333,2.0747184753418
2.62375,1.96027755737305
2.63041666666667,1.91783905029297
2.63708333333333,1.91736221313477
2.64375,1.94311141967773
2.65041666666667,1.98888778686523
2.65708333333333,2.05135345458984
2.66375,2.12955474853516
2.67041666666667,2.22206115722656
2.67708333333333,2.33268737792969
2.68375,2.47001647949219
2.69041666666667,2.6397705078125
2.69708333333333,2.83193588256836
2.70375,3.01265716552734
2.71041666666667,3.13901901245117
2.71708333333333,3.18241119384766
2.72375,3.13758850097656
2.73041666666667,3.01361083984375
2.73708333333333,2.82812118530273
2.74375,2.61306762695313
2.75041666666667,2.40755081176758
2.75708333333333,2.23493576049805
2.76375,2.09712982177734
2.77041666666667,1.98268890380859
2.77708333333333,1.88302993774414
2.78375,1.79958343505859
2.79041666666667,1.73664093017578
2.79708333333333,1.69706344604492
2.80375,1.67751312255859
2.81041666666667,1.67417526245117
2.81708333333333,1.68609619140625
2.82375,1.71041488647461
2.83041666666667,1.74427032470703
2.83708333333333,1.78289413452148
2.84375,1.82247161865234
2.85041666666667,1.85918807983398
2.85708333333333,1.8925666809082
2.86375,1.92117691040039
2.87041666666667,1.94549560546875
2.87708333333333,1.9683837890625
2.88375,1.99127197265625
2.89041666666667,2.01606750488281
2.89708333333333,2.0442008972168
2.90375,2.07614898681641
2.91041666666667,2.11048126220703
2.91708333333333,2.14481353759766
2.92375,2.17580795288086
2.93041666666667,2.20298767089844
2.93708333333333,2.22682952880859
2.94375,2.24876403808594
2.95041666666667,2.27212905883789
2.95708333333333,2.30264663696289
2.96375,2.34603881835938
2.97041666666667,2.40564346313477
2.97708333333333,2.48146057128906
2.98375,2.57253646850586
2.99041666666667,2.67505645751953
2.99708333333333,2.78377532958984
3.00375,2.89201736450195
3.01041666666667,2.99215316772461
3.01708333333333,3.07750701904297
3.02375,3.14044952392578
3.03041666666667,3.17621231079102
3.03708333333333,3.18717956542969
3.04375,3.18670272827148
3.05041666666667,3.20816040039063
3.05708333333333,3.32212448120117
3.06375,3.67116928100586
3.07041666666667,4.64820861816406
3.07708333333333,7.2016716003418
3.08375,12.7410888671875
3.09041666666667,22.7136611938477
3.09708333333333,38.2990837097168
3.10375,59.9961280822754
3.11041666666667,86.273193359375
3.11708333333333,112.564563751221
3.12375,132.521152496338
3.13041666666667,141.226291656494
3.13708333333333,137.195587158203
3.14375,121.88196182251
3.15041666666667,98.9189147949219
3.15708333333333,73.4744071960449
3.16375,51.1260032653809
3.17041666666667,35.5229377746582
3.17708333333333,26.9184112548828
3.18375,23.1456756591797
3.19041666666667,21.6069221496582
3.19708333333333,20.6618309020996
3.20375,19.6185111999512
3.21041666666667,18.2738304138184
3.21708333333333,16.6492462158203
3.22375,14.8725509643555
3.23041666666667,13.1015777587891
3.23708333333333,11.4665031433105
3.24375,10.0412368774414
3.25041666666667,8.84485244750977
3.25708333333333,7.8587532043457
3.26375,7.04526901245117
3.27041666666667,6.36577606201172
3.27708333333333,5.78498840332031
3.28375,5.2800178527832
3.29041666666667,4.83417510986328
3.29708333333333,4.43792343139648
3.30375,4.08458709716797
3.31041666666667,3.7693977355957
3.31708333333333,3.48949432373047
3.32375,3.24201583862305
3.33041666666667,3.02219390869141
3.33708333333333,2.82669067382813
3.34375,2.65264511108398
3.35041666666667,2.49576568603516
3.35708333333333,2.35366821289063
3.36375,2.22492218017578
3.37041666666667,2.10714340209961
3.37708333333333,1.9984245300293
3.38375,1.89685821533203
3.39041666666667,1.80387496948242
3.39708333333333,1.71804428100586
3.40375,1.63698196411133
3.41041666666667,1.56068801879883
3.41708333333333,1.49011611938477
3.42375,1.42478942871094
3.43041666666667,1.36470794677734
3.43708333333333,1.30844116210938
3.44375,1.25694274902344
3.45041666666667,1.20973587036133
3.45708333333333,1.16586685180664
3.46375,1.12485885620117
3.47041666666667,1.08575820922852
3.47708333333333,1.04713439941406
3.48375,1.01089477539063
3.49041666666667,0.977039337158203
3.49708333333333,0.945568084716797
3.50375,0.915050506591797
3.51041666666667,0.884532928466797
3.51708333333333,0.854969024658203
3.52375,0.826835632324219
3.53041666666667,0.800132751464844
3.53708333333333,0.773906707763672
3.54375,0.748634338378906
3.55041666666667,0.725269317626953
3.55708333333333,0.704288482666016
3.56375,0.685691833496094
3.57041666666667,0.669956207275391
3.57708333333333,0.656604766845703
3.58375,0.646591186523438
3.59041666666667,0.640392303466797
3.59708333333333,0.637054443359375
3.60375,0.635623931884766
3.61041666666667,0.634670257568359
3.61708333333333,0.634670257568359
3.62375,0.635623931884766
3.63041666666667,0.637531280517578
3.63708333333333,0.640392303466797
3.64375,0.643730163574219
3.65041666666667,0.64849853515625
3.65708333333333,0.654697418212891
3.66375,0.662326812744141
3.67041666666667,0.670433044433594
3.67708333333333,0.677585601806641
3.68375,0.684261322021484
3.69041666666667,0.689983367919922
3.69708333333333,0.695228576660156
3.70375,0.699996948242188
3.71041666666667,0.706195831298828
3.71708333333333,0.712871551513672
3.72375,0.720977783203125
3.73041666666667,0.729560852050781
3.73708333333333,0.738620758056641
3.74375,0.747203826904297
3.75041666666667,0.754356384277344
3.75708333333333,0.760078430175781
3.76375,0.764846801757813
3.77041666666667,0.770092010498047
3.77708333333333,0.775337219238281
3.78375,0.781536102294922
3.79041666666667,0.789165496826172
3.79708333333333,0.797271728515625
3.80375,0.804901123046875
3.81041666666667,0.811576843261719
3.81708333333333,0.81634521484375
3.82375,0.819683074951172
3.83041666666667,0.823020935058594
3.83708333333333,0.827312469482422
3.84375,0.832080841064453
3.85041666666667,0.837802886962891
3.85708333333333,0.844478607177734
3.86375,0.853061676025391
3.87041666666667,0.860691070556641
3.87708333333333,0.867843627929688
3.88375,0.873565673828125
3.89041666666667,0.87738037109375
3.89708333333333,0.880241394042969
3.90375,0.882625579833984
3.91041666666667,0.885009765625
3.91708333333333,0.887870788574219
3.92375,0.891685485839844
3.93041666666667,0.896453857421875
3.93708333333333,0.901699066162109
3.94375,0.906467437744141
3.95041666666667,0.911235809326172
3.95708333333333,0.916481018066406
3.96375,0.922679901123047
3.97041666666667,0.928878784179688
3.97708333333333,0.935554504394531
3.98375,0.942230224609375
3.99041666666667,0.949382781982422
3.99708333333333,0.955104827880859
4.00375,0.959873199462891
4.01041666666667,0.963687896728516
4.01708333333333,0.968456268310547
4.02375,0.973701477050781
4.03041666666667,0.978469848632813
4.03708333333333,0.983238220214844
4.04375,0.989437103271484
4.05041666666667,0.996589660644531
4.05708333333333,1.00374221801758
4.06375,1.01089477539063
4.07041666666667,1.01852416992188
4.07708333333333,1.02615356445313
4.08375,1.03187561035156
4.09041666666667,1.0371208190918
4.09708333333333,1.04331970214844
4.10375,1.04999542236328
4.11041666666667,1.05667114257813
4.11708333333333,1.06477737426758
4.12375,1.07526779174805
4.13041666666667,1.08718872070313
4.13708333333333,1.09767913818359
4.14375,1.10721588134766
4.15041666666667,1.11627578735352
4.15708333333333,1.12533569335938
4.16375,1.13344192504883
4.17041666666667,1.14107131958008
4.17708333333333,1.14917755126953
4.18375,1.15776062011719
4.19041666666667,1.16682052612305
4.19708333333333,1.17635726928711
4.20375,1.18637084960938
4.21041666666667,1.19495391845703
4.21708333333333,1.20258331298828
4.22375,1.21068954467773
4.23041666666667,1.21927261352539
4.23708333333333,1.22785568237305
4.24375,1.23691558837891
4.25041666666667,1.24692916870117
4.25708333333333,1.25789642333984
4.26375,1.26886367797852
4.27041666666667,1.27792358398438
4.27708333333333,1.28650665283203
4.28375,1.29508972167969
4.29041666666667,1.30367279052734
4.29708333333333,1.3117790222168
4.30375,1.31988525390625
4.31041666666667,1.32894515991211
4.31708333333333,1.33752822875977
4.32375,1.34468078613281
4.33041666666667,1.35040283203125
4.33708333333333,1.35564804077148
4.34375,1.35993957519531
4.35041666666667,1.36375427246094
4.35708333333333,1.36804580688477
4.36375,1.37233734130859
4.37041666666667,1.37662887573242
4.37708333333333,1.38139724731445
4.38375,1.38664245605469
4.39041666666667,1.39141082763672
4.39708333333333,1.39570236206055
4.40375,1.39951705932617
4.41041666666667,1.4033317565918
4.41708333333333,1.40619277954102
4.42375,1.40810012817383
4.43041666666667,1.40953063964844
4.43708333333333,1.41048431396484
4.44375,1.41191482543945
4.45041666666667,1.41382217407227
4.45708333333333,1.41572952270508
4.46375,1.41763687133789
4.47041666666667,1.42097473144531
4.47708333333333,1.42574310302734
4.48375,1.43098831176758
4.49041666666667,1.43623352050781
4.49708333333333,1.44052505493164
4.50375,1.44529342651367
4.51041666666667,1.45053863525391
4.51708333333333,1.45578384399414
4.52375,1.46150588989258
4.53041666666667,1.46818161010742
4.53708333333333,1.47628784179688
4.54375,1.48487091064453
4.55041666666667,1.49345397949219
4.55708333333333,1.50156021118164
4.56375,1.5106201171875
4.57041666666667,1.51968002319336
4.57708333333333,1.52921676635742
4.58375,1.53970718383789
4.59041666666667,1.55115127563477
4.59708333333333,1.56259536743164
4.60375,1.57356262207031
4.61041666666667,1.58405303955078
4.61708333333333,1.59549713134766
4.62375,1.60789489746094
4.63041666666667,1.61981582641602
4.63708333333333,1.6322135925293
4.64375,1.64556503295898
4.65041666666667,1.65987014770508
4.65708333333333,1.67417526245117
4.66375,1.68943405151367
4.67041666666667,1.70516967773438
4.67708333333333,1.72138214111328
4.68375,1.7390251159668
4.69041666666667,1.75714492797852
4.69708333333333,1.77621841430664
4.70375,1.79672241210938
4.71041666666667,1.81865692138672
4.71708333333333,1.84249877929688
4.72375,1.86824798583984
4.73041666666667,1.89542770385742
4.73708333333333,1.92499160766602
4.74375,1.95646286010742
4.75041666666667,1.99079513549805
4.75708333333333,2.02703475952148
4.76375,2.06613540649414
4.77041666666667,2.10714340209961
4.77708333333333,2.15053558349609
4.78375,2.19535827636719
4.79041666666667,2.24208831787109
4.79708333333333,2.29024887084961
4.80375,2.33936309814453
4.81041666666667,2.39086151123047
4.81708333333333,2.44474411010742
4.82375,2.50148773193359
4.83041666666667,2.55966186523438
4.83708333333333,2.61878967285156
4.84375,2.67934799194336
4.85041666666667,2.73942947387695
4.85708333333333,2.79951095581055
4.86375,2.86006927490234
4.87041666666667,2.92158126831055
4.87708333333333,2.98452377319336
4.88375,3.04889678955078
4.89041666666667,3.11517715454102
4.89708333333333,3.18241119384766
4.90375,3.2501220703125
4.91041666666667,3.31783294677734
4.91708333333333,3.38459014892578
4.92375,3.45182418823242
4.93041666666667,3.51905822753906
4.93708333333333,3.5858154296875
4.94375,3.65161895751953
4.95041666666667,3.71837615966797
4.95708333333333,3.78608703613281
4.96375,3.85475158691406
4.97041666666667,3.92293930053711
4.97708333333333,3.99112701416016
4.98375,4.058837890625
4.99041666666667,4.12702560424805
4.99708333333333,4.19521331787109
5.00375,4.26340103149414
5.01041666666667,4.33254241943359
5.01708333333333,4.40216064453125
5.02375,4.47225570678711
5.03041666666667,4.54282760620117
5.03708333333333,4.61387634277344
5.04375,4.68540191650391
5.05041666666667,4.75883483886719
5.05708333333333,4.83322143554688
5.06375,4.91046905517578
5.07041666666667,4.9896240234375
5.07708333333333,5.07164001464844
5.08375,5.1569938659668
5.09041666666667,5.24568557739258
5.09708333333333,5.33771514892578
5.10375,5.43308258056641
5.11041666666667,5.53369522094727
5.11708333333333,5.63955307006836
5.12375,5.75160980224609
5.13041666666667,5.86938858032227
5.13708333333333,5.99384307861328
5.14375,6.12497329711914
5.15041666666667,6.26277923583984
5.15708333333333,6.40726089477539
5.16375,6.55889511108398
5.17041666666667,6.71720504760742
5.17708333333333,6.88314437866211
5.18375,7.05623626708984
5.19041666666667,7.23505020141602
5.19708333333333,7.41815567016602
5.20375,7.60507583618164
5.21041666666667,7.79485702514648
5.21708333333333,7.98702239990234
5.22375,8.1791877746582
5.23041666666667,8.37135314941406
5.23708333333333,8.56161117553711
5.24375,8.74900817871094
5.25041666666667,8.93354415893555
5.25708333333333,9.11283493041992
5.26375,9.28544998168945
5.27041666666667,9.44900512695313
5.27708333333333,9.60254669189453
5.28375,9.74416732788086
5.29041666666667,9.8719596862793
5.29708333333333,9.98544692993164
5.30375,10.0831985473633
5.31041666666667,10.1633071899414
5.31708333333333,10.2248191833496
5.32375,10.2663040161133
5.33041666666667,10.2877616882324
5.33708333333333,10.2887153625488
5.34375,10.2667808532715
5.35041666666667,10.2229118347168
5.35708333333333,10.1580619812012
5.36375,10.0722312927246
5.37041666666667,9.9644660949707
5.37708333333333,9.83524322509766
5.38375,9.68694686889648
5.39041666666667,9.51910018920898
5.39708333333333,9.33361053466797
5.40375,9.13143157958984
5.41041666666667,8.91542434692383
5.41708333333333,8.68749618530273
5.42375,8.44907760620117
5.43041666666667,8.20255279541016
5.43708333333333,7.94887542724609
5.44375,7.6904296875
5.45041666666667,7.42816925048828
5.45708333333333,7.16352462768555
5.46375,6.90031051635742
5.47041666666667,6.63995742797852
5.47708333333333,6.38532638549805
5.48375,6.13689422607422
5.49041666666667,5.89561462402344
5.49708333333333,5.66291809082031
5.50375,5.43975830078125
5.51041666666667,5.22708892822266
5.51708333333333,5.02681732177734
5.52375,4.83894348144531
5.53041666666667,4.66394424438477
5.53708333333333,4.5013427734375
5.54375,4.35113906860352
5.55041666666667,4.21237945556641
5.55708333333333,4.08458709716797
5.56375,3.9677619934082
5.57041666666667,3.86190414428711
5.57708333333333,3.76796722412109
5.58375,3.68499755859375
5.59041666666667,3.61204147338867
5.59708333333333,3.54766845703125
5.60375,3.49187850952148
5.61041666666667,3.44371795654297
5.61708333333333,3.4031867980957
5.62375,3.36837768554688
5.63041666666667,3.3411979675293
5.63708333333333,3.32069396972656
5.64375,3.30591201782227
5.65041666666667,3.29732894897461
5.65708333333333,3.29494476318359
5.66375,3.29971313476563
5.67041666666667,3.31306457519531
5.67708333333333,3.33738327026367
5.68375,3.37553024291992
5.69041666666667,3.42798233032227
5.69708333333333,3.49903106689453
5.70375,3.59010696411133
5.71041666666667,3.70407104492188
5.71708333333333,3.84187698364258
5.72375,4.00543212890625
5.73041666666667,4.19759750366211
5.73708333333333,4.42075729370117
5.74375,4.67538833618164
5.75041666666667,4.96292114257813
5.75708333333333,5.28526306152344
5.76375,5.64146041870117
5.77041666666667,6.03151321411133
5.77708333333333,6.45303726196289
5.78375,6.90460205078125
5.79041666666667,7.38286972045898
5.79708333333333,7.88450241088867
5.80375,8.4071159362793
5.81041666666667,8.94451141357422
5.81708333333333,9.4904899597168
5.82375,10.0388526916504
5.83041666666667,10.5829238891602
5.83708333333333,11.1150741577148
5.84375,11.6291046142578
5.85041666666667,12.1173858642578
5.85708333333333,12.5727653503418
5.86375,12.9895210266113
5.87041666666667,13.3609771728516
5.87708333333333,13.6814117431641
5.88375,13.946533203125
5.89041666666667,14.153003692627
5.89708333333333,14.2984390258789
5.90375,14.3828392028809
5.91041666666667,14.4047737121582
5.91708333333333,14.3671035766602
5.92375,14.2712593078613
5.93041666666667,14.1229629516602
5.93708333333333,13.9265060424805
5.94375,13.6880874633789
5.95041666666667,13.4143829345703
5.95708333333333,13.1111145019531
5.96375,12.7859115600586
5.97041666666667,12.446403503418
5.97708333333333,12.0987892150879
5.98375,11.7511749267578
5.99041666666667,11.4102363586426
5.99708333333333,11.082649230957
6.00375,10.7741355895996
6.01041666666667,10.4885101318359
6.01708333333333,10.2276802062988
6.02375,9.9945068359375
6.03041666666667,9.78946685791016
6.03708333333333,9.61208343505859
6.04375,9.46187973022461
6.05041666666667,9.33837890625
6.05708333333333,9.24062728881836
6.06375,9.16528701782227
6.07041666666667,9.1099739074707
6.07708333333333,9.07182693481445
6.08375,9.04560089111328
6.09041666666667,9.02652740478516
6.09708333333333,9.00983810424805
6.10375,8.98981094360352
6.11041666666667,8.96120071411133
6.11708333333333,8.91923904418945
6.12375,8.85963439941406
6.13041666666667,8.78047943115234
6.13708333333333,8.68082046508789
6.14375,8.56351852416992
6.15041666666667,8.43334197998047
6.15708333333333,8.29887390136719
6.16375,8.16965103149414
6.17041666666667,8.0571174621582
6.17708333333333,7.97462463378906
6.18375,7.93743133544922
6.19041666666667,7.96175003051758
6.19708333333333,8.06379318237305
6.20375,8.26072692871094
6.21041666666667,8.57067108154297
6.21708333333333,9.01222229003906
6.22375,9.60254669189453
6.23041666666667,10.3597640991211
6.23708333333333,11.3000869750977
6.24375,12.4406814575195
6.25041666666667,13.7982368469238
6.25708333333333,15.3861045837402
6.26375,17.2138214111328
6.27041666666667,19.2856788635254
6.27708333333333,21.5988159179688
6.28375,24.1446495056152
6.29041666666667,26.9026756286621
6.29708333333333,29.8442840576172
6.30375,32.9294204711914
6.31041666666667,36.1104011535645
6.31708333333333,39.3338203430176
6.32375,42.5381660461426
6.33041666666667,45.6581115722656
6.33708333333333,48.6292839050293
6.34375,51.3896942138672
6.35041666666667,53.8845062255859
6.35708333333333,56.0665130615234
6.36375,57.8985214233398
6.37041666666667,59.356689453125
6.37708333333333,60.4281425476074
6.38375,61.1104965209961
6.39041666666667,61.4142417907715
6.39708333333333,61.3574981689453
6.40375,60.9650611877441
6.41041666666667,60.267448425293
6.41708333333333,59.3013763427734
6.42375,58.1026077270508
6.43041666666667,56.7073822021484
6.43708333333333,55.150032043457
6.44375,53.4639358520508
6.45041666666667,51.6805648803711
6.45708333333333,49.8266220092773
6.46375,47.9245185852051
6.47041666666667,45.9933280944824
6.47708333333333,44.0492630004883
6.48375,42.1061515808105
6.49041666666667,40.1725769042969
6.49708333333333,38.2547378540039
6.50375,36.3597869873047
6.51041666666667,34.4939231872559
6.51708333333333,32.6633453369141
6.52375,30.8723449707031
6.53041666666667,29.1252136230469
6.53708333333333,27.4257659912109
6.54375,25.7797241210938
6.55041666666667,24.1923332214355
6.55708333333333,22.667407989502
6.56375,21.2082862854004
6.57041666666667,19.8202133178711
6.57708333333333,18.5084342956543
6.58375,17.2772407531738
6.59041666666667,16.1294937133789
6.59708333333333,15.0656700134277
6.60375,14.0881538391113
6.61041666666667,13.1974220275879
6.61708333333333,12.3920440673828
6.62375,11.6682052612305
6.63041666666667,11.0244750976563
6.63708333333333,10.4579925537109
6.64375,9.96494293212891
6.65041666666667,9.54103469848633
6.65708333333333,9.18149948120117
6.66375,8.88299942016602
6.67041666666667,8.64028930664063
6.67708333333333,8.44573974609375
6.68375,8.29505920410156
6.69041666666667,8.18252563476563
6.69708333333333,8.1028938293457
6.70375,8.04996490478516
6.71041666666667,8.02040100097656
6.71708333333333,8.01229476928711
6.72375,8.02278518676758
6.73041666666667,8.05044174194336
6.73708333333333,8.09526443481445
6.74375,8.15868377685547
6.75041666666667,8.24165344238281
6.75708333333333,8.34560394287109
6.76375,8.47482681274414
6.77041666666667,8.63027572631836
6.77708333333333,8.81481170654297
6.78375,9.02938842773438
6.79041666666667,9.27352905273438
6.79708333333333,9.54675674438477
6.80375,9.84573364257813
6.81041666666667,10.1675987243652
6.81708333333333,10.5080604553223
6.82375,10.861873626709
6.83041666666667,11.2223625183105
6.83708333333333,11.5828514099121
6.84375,11.9361877441406
6.85041666666667,12.2771263122559
6.85708333333333,12.5999450683594
6.86375,12.9013061523438
6.87041666666667,13.1807327270508
6.87708333333333,13.4377479553223
6.88375,13.6723518371582
6.89041666666667,13.8850212097168
6.89708333333333,14.0776634216309
6.90375,14.251708984375
6.91041666666667,14.4081115722656
6.91708333333333,14.5468711853027
6.92375,14.6684646606445
6.93041666666667,14.772891998291
6.93708333333333,14.8601531982422
6.94375,14.9292945861816
6.95041666666667,14.9779319763184
6.95708333333333,15.0036811828613
6.96375,15.0065422058105
6.97041666666667,14.9846076965332
6.97708333333333,14.9374008178711
6.98375,14.8639678955078
6.99041666666667,14.7638320922852
6.99708333333333,14.6365165710449
7.00375,14.4810676574707
7.01041666666667,14.2965316772461
7.01708333333333,14.0824317932129
7.02375,13.8382911682129
7.03041666666667,13.5650634765625
7.03708333333333,13.2641792297363
7.04375,12.937068939209
7.05041666666667,12.5861167907715
7.05708333333333,12.2151374816895
7.06375,11.8284225463867
7.07041666666667,11.4293098449707
7.07708333333333,11.0235214233398
7.08375,10.615348815918
7.09041666666667,10.2100372314453
7.09708333333333,9.8114013671875
7.10375,9.42373275756836
7.11041666666667,9.05084609985352
7.11708333333333,8.69655609130859
7.12375,8.36277008056641
7.13041666666667,8.05234909057617
7.13708333333333,7.7672004699707
7.14375,7.50827789306641
7.15041666666667,7.27653503417969
7.15708333333333,7.07244873046875
7.16375,6.89601898193359
7.17041666666667,6.74724578857422
7.17708333333333,6.62565231323242
7.18375,6.5312385559082
7.19041666666667,6.46305084228516
7.19708333333333,6.41918182373047
7.20375,6.39867782592773
7.21041666666667,6.40106201171875
7.21708333333333,6.42299652099609
7.22375,6.46209716796875
7.23041666666667,6.5150260925293
7.23708333333333,6.57844543457031
7.24375,6.64901733398438
7.25041666666667,6.72388076782227
7.25708333333333,6.80065155029297
7.26375,6.87742233276367
7.27041666666667,6.95419311523438
7.27708333333333,7.03001022338867
7.28375,7.10439682006836
7.29041666666667,7.17735290527344
7.29708333333333,7.24983215332031
7.30375,7.32278823852539
7.31041666666667,7.39765167236328
7.31708333333333,7.4763298034668
7.32375,7.56072998046875
7.33041666666667,7.65037536621094
7.33708333333333,7.74478912353516
7.34375,7.84158706665039
7.35041666666667,7.94172286987305
7.35708333333333,8.04471969604492
7.36375,8.15200805664063
7.37041666666667,8.26692581176758
7.37708333333333,8.39471817016602
7.38375,8.54301452636719
7.39041666666667,8.72087478637695
7.39708333333333,8.941650390625
7.40375,9.22203063964844
7.41041666666667,9.58156585693359
7.41708333333333,10.0455284118652
7.42375,10.6439590454102
7.43041666666667,11.4150047302246
7.43708333333333,12.4020576477051
7.44375,13.6570930480957
7.45041666666667,15.2387619018555
7.45708333333333,17.2138214111328
7.46375,19.6537971496582
7.47041666666667,22.6273536682129
7.47708333333333,26.191234588623
7.48375,30.3797721862793
7.49041666666667,35.1958274841309
7.49708333333333,40.5969619750977
7.50375,46.485424041748
7.51041666666667,52.703857421875
7.51708333333333,59.0419769287109
7.52375,65.2475357055664
7.53041666666667,71.0492134094238
7.53708333333333,76.1795043945313
7.54375,80.3985595703125
7.55041666666667,83.5199356079102
7.55708333333333,85.4272842407227
7.56375,86.0795974731445
7.57041666666667,85.5059623718262
7.57708333333333,83.8007926940918
7.58375,81.108570098877
7.59041666666667,77.6090621948242
7.59708333333333,73.5030174255371
7.60375,68.9940452575684
7.61041666666667,64.2790794372559
7.61708333333333,59.542179107666
7.62375,54.9497604370117
7.63041666666667,50.6448745727539
7.63708333333333,46.745777130127
7.64375,43.3483123779297
7.65041666666667,40.5325889587402
7.65708333333333,38.3610725402832
7.66375,36.8824005126953
7.67041666666667,36.1323356628418
7.67708333333333,36.1390113830566
7.68375,36.9176864624023
7.69041666666667,38.4631156921387
7.69708333333333,40.7428741455078
7.70375,43.6916351318359
7.71041666666667,47.2016334533691
7.71708333333333,51.1207580566406
7.72375,55.2563667297363
7.73041666666667,59.3838691711426
7.73708333333333,63.2691383361816
7.74375,66.6847229003906
7.75041666666667,69.4313049316406
7.75708333333333,71.3562965393066
7.76375,72.3667144775391
7.77041666666667,72.4310874938965
7.77708333333333,71.5713500976563
7.78375,69.8580741882324
7.79041666666667,67.3971176147461
7.79708333333333,64.3186569213867
7.80375,60.7638359069824
7.81041666666667,56.8733215332031
7.81708333333333,52.7830123901367
7.82375,48.6202239990234
7.83041666666667,44.4979667663574
7.83708333333333,40.5130386352539
7.84375,36.7422103881836
7.85041666666667,33.2450866699219
7.85708333333333,30.064582824707
7.86375,27.2226333618164
7.87041666666667,24.7254371643066
7.87708333333333,22.5639343261719
7.88375,20.7152366638184
7.89041666666667,19.1493034362793
7.89708333333333,17.8284645080566
7.90375,16.7126655578613
7.91041666666667,15.7618522644043
7.91708333333333,14.9374008178711
7.92375,14.2054557800293
7.93041666666667,13.5407447814941
7.93708333333333,12.9218101501465
7.94375,12.3343467712402
7.95041666666667,11.7697715759277
7.95708333333333,11.225700378418
7.96375,10.7021331787109
7.97041666666667,10.2038383483887
7.97708333333333,9.735107421875
7.98375,9.30404663085938
7.99041666666667,8.91637802124023
7.99708333333333,8.57877731323242
8.00375,8.29601287841797
8.01041666666667,8.0723762512207
8.01708333333333,7.91168212890625
8.02375,7.81679153442383
8.03041666666667,7.78961181640625
8.03708333333333,7.8277587890625
8.04375,7.93027877807617
8.05041666666667,8.09240341186523
8.05708333333333,8.31127166748047
8.06375,8.57925415039063
8.07041666666667,8.88729095458984
8.07708333333333,9.22727584838867
8.08375,9.59062576293945
8.09041666666667,9.96923446655273
8.09708333333333,10.352611541748
8.10375,10.7312202453613
8.11041666666667,11.0979080200195
8.11708333333333,11.4469528198242
8.12375,11.7740631103516
8.13041666666667,12.0730400085449
8.13708333333333,12.3405456542969
8.14375,12.5751495361328
8.15041666666667,12.7754211425781
8.15708333333333,12.941837310791
8.16375,13.0753517150879
8.17041666666667,13.1793022155762
8.17708333333333,13.2603645324707
8.18375,13.3280754089355
8.19041666666667,13.3967399597168
8.19708333333333,13.4882926940918
8.20375,13.6322975158691
8.21041666666667,13.8692855834961
8.21708333333333,14.2569541931152
8.22375,14.8735046386719
8.23041666666667,15.8438682556152
8.23708333333333,17.3983573913574
8.24375,20.0142860412598
8.25041666666667,24.6095657348633
8.25708333333333,32.6986312866211
8.26375,46.4138984680176
8.27041666666667,68.4194564819336
8.27708333333333,101.725578308105
8.28375,149.379253387451
8.29041666666667,214.190483093262
8.29708333333333,298.298835754395
8.30375,401.577949523926
8.31041666666667,519.44637298584
8.31708333333333,642.638683319092
8.32375,759.943008422852
8.33041666666667,861.526012420654
8.33708333333333,940.309524536133
8.34375,992.733955383301
8.35041666666667,1019.99759674072
8.35708333333333,1027.86350250244
8.36375,1023.86808395386
8.37041666666667,1013.99564743042
8.37708333333333,1001.55925750732
8.38375,987.989902496338
8.39041666666667,973.842144012451
8.39708333333333,959.338665008545
8.40375,944.58532333374
8.41041666666667,929.653167724609
8.41708333333333,914.592266082764
8.42375,899.441242218018
8.43041666666667,884.227752685547
8.43708333333333,868.972301483154
8.44375,853.692531585693
8.45041666666667,838.40274810791
8.45708333333333,823.116779327393
8.46375,807.844161987305
8.47041666666667,792.588710784912
8.47708333333333,777.351379394531
8.48375,762.13550567627
8.49041666666667,746.941566467285
8.49708333333333,731.768131256104
8.50375,716.609001159668
8.51041666666667,701.460361480713
8.51708333333333,686.321258544922
8.52375,671.189785003662
8.53041666666667,656.062602996826
8.53708333333333,640.929222106934
8.54375,625.783920288086
8.55041666666667,610.62479019165
8.55708333333333,595.452785491943
8.56375,580.271244049072
8.57041666666667,565.08207321167
8.57708333333333,549.888134002686
8.58375,534.698009490967
8.59041666666667,519.52600479126
8.59708333333333,504.388332366943
8.60375,489.296913146973
8.61041666666667,474.264621734619
8.61708333333333,459.307670593262
8.62375,444.446086883545
8.63041666666667,429.695129394531
8.63708333333333,415.067195892334
8.64375,400.572299957275
8.65041666666667,386.21997833252
8.65708333333333,372.021675109863
8.66375,357.986450195313
8.67041666666667,344.120979309082
8.67708333333333,330.42573928833
8.68375,316.902637481689
8.69041666666667,303.555011749268
8.69708333333333,290.387630462646
8.70375,277.402400970459
8.71041666666667,264.59789276123
8.71708333333333,251.979827880859
8.72375,239.55774307251
8.73041666666667,227.344989776611
8.73708333333333,215.354442596436
8.74375,203.598976135254
8.75041666666667,192.093849182129
8.75708333333333,180.85765838623
8.76375,169.913768768311
8.77041666666667,159.283638000488
8.77708333333333,148.986339569092
8.78375,139.042377471924
8.79041666666667,129.469871520996
8.79708333333333,120.290279388428
8.80375,111.524105072021
8.81041666666667,103.186130523682
8.81708333333333,95.2892303466797
8.82375,87.8438949584961
8.83041666666667,80.8596611022949
8.83708333333333,74.3422508239746
8.84375,68.2902336120605
8.85041666666667,62.6959800720215
8.85708333333333,57.5485229492188
8.86375,52.8354644775391
8.87041666666667,48.5396385192871
8.87708333333333,44.6391105651855
8.88375,41.1067008972168
8.89041666666667,37.9161834716797
8.89708333333333,35.041332244873
8.90375,32.4549674987793
8.91041666666667,30.1294326782227
8.91708333333333,28.0399322509766
8.92375,26.1621475219727
8.93041666666667,24.4736671447754
8.93708333333333,22.9558944702148
8.94375,21.5921401977539
8.95041666666667,20.3661918640137
8.95708333333333,19.2646980285645
8.96375,18.2771682739258
8.97041666666667,17.3959732055664
8.97708333333333,16.6139602661133
8.98375,15.9235000610352
8.99041666666667,15.3183937072754
8.99708333333333,14.7943496704102
9.00375,14.3485069274902
9.01041666666667,13.97705078125
9.01708333333333,13.6761665344238
9.02375,13.4434700012207
9.03041666666667,13.2780075073242
9.03708333333333,13.1778717041016
9.04375,13.1397247314453
9.05041666666667,13.160228729248
9.05708333333333,13.2360458374023
9.06375,13.3647918701172
9.07041666666667,13.5440826416016
9.07708333333333,13.7701034545898
9.08375,14.0380859375
9.09041666666667,14.3446922302246
9.09708333333333,14.6846771240234
9.10375,15.049934387207
9.11041666666667,15.4309272766113
9.11708333333333,15.8166885375977
9.12375,16.1957740783691
9.13041666666667,16.5548324584961
9.13708333333333,16.8795585632324
9.14375,17.155647277832
9.15041666666667,17.3702239990234
9.15708333333333,17.5113677978516
9.16375,17.570972442627
9.17041666666667,17.5423622131348
9.17708333333333,17.423152923584
9.18375,17.2133445739746
9.19041666666667,16.9172286987305
9.19708333333333,16.54052734375
9.20375,16.0918235778809
9.21041666666667,15.5825614929199
9.21708333333333,15.0256156921387
9.22375,14.4352912902832
9.23041666666667,13.8254165649414
9.23708333333333,13.209342956543
9.24375,12.598991394043
9.25041666666667,12.0062828063965
9.25708333333333,11.4421844482422
9.26375,10.9138488769531
9.27041666666667,10.4284286499023
9.27708333333333,9.99212265014648
9.28375,9.60874557495117
9.29041666666667,9.27829742431641
9.29708333333333,9.00030136108398
9.30375,8.77285003662109
9.31041666666667,8.59308242797852
9.31708333333333,8.45479965209961
9.32375,8.35275650024414
9.33041666666667,8.27980041503906
9.33708333333333,8.23020935058594
9.34375,8.19540023803711
9.35041666666667,8.16774368286133
9.35708333333333,8.14056396484375
9.36375,8.10956954956055
9.37041666666667,8.07094573974609
9.37708333333333,8.02373886108398
9.38375,7.96604156494141
9.39041666666667,7.89928436279297
9.39708333333333,7.82632827758789
9.40375,7.74955749511719
9.41041666666667,7.67040252685547
9.41708333333333,7.59220123291016
9.42375,7.51829147338867
9.43041666666667,7.45105743408203
9.43708333333333,7.39145278930664
9.44375,7.34186172485352
9.45041666666667,7.30276107788086
9.45708333333334,7.27367401123047
9.46375,7.25507736206055
9.47041666666667,7.2484016418457
9.47708333333333,7.25364685058594
9.48375,7.27033615112305
9.49041666666667,7.29799270629883
9.49708333333333,7.33423233032227
9.50375,7.37905502319336
9.51041666666667,7.42959976196289
9.51708333333333,7.48395919799805
9.52375,7.54213333129883
9.53041666666667,7.60269165039063
9.53708333333333,7.66468048095703
9.54375,7.72666931152344
9.55041666666667,7.78675079345703
9.55708333333333,7.8434944152832
9.56375,7.89260864257813
9.57041666666667,7.93123245239258
9.57708333333333,7.95841217041016
9.58375,7.97176361083984
9.59041666666667,7.97080993652344
9.59708333333333,7.95412063598633
9.60375,7.92121887207031
9.61041666666667,7.8740119934082
9.61708333333333,7.81345367431641
9.62375,7.74002075195313
9.63041666666667,7.65705108642578
9.63708333333333,7.56645202636719
9.64375,7.47203826904297
9.65041666666667,7.37762451171875
9.65708333333333,7.28607177734375
9.66375,7.20310211181641
9.67041666666667,7.13109970092773
9.67708333333333,7.07435607910156
9.68375,7.0338249206543
9.69041666666667,7.01141357421875
9.69708333333333,7.00950622558594
9.70375,7.02953338623047
9.71041666666667,7.07244873046875
9.71708333333333,7.14111328125
9.72375,7.23838806152344
9.73041666666667,7.36713409423828
9.73708333333333,7.52925872802734
9.74375,7.72571563720703
9.75041666666667,7.95507431030273
9.75708333333333,8.21685791015625
9.76375,8.50629806518555
9.77041666666667,8.81671905517578
9.77708333333333,9.1400146484375
9.78375,9.46378707885742
9.79041666666667,9.77468490600586
9.79708333333333,10.0598335266113
9.80375,10.3068351745605
9.81041666666667,10.5023384094238
9.81708333333333,10.6358528137207
9.82375,10.6997489929199
9.83041666666667,10.6887817382813
9.83708333333333,10.6029510498047
9.84375,10.4455947875977
9.85041666666667,10.2262496948242
9.85708333333333,9.95779037475586
9.86375,9.65547561645508
9.87041666666667,9.33599472045898
9.87708333333333,9.01508331298828
9.88375,8.70561599731445
9.89041666666667,8.41903686523438
9.89708333333333,8.1634521484375
9.90375,7.94458389282227
9.91041666666667,7.76576995849609
9.91708333333333,7.62701034545898
9.92375,7.52639770507813
9.93041666666667,7.45820999145508
9.93708333333333,7.41481781005859
9.94375,7.38811492919922
9.95041666666667,7.3704719543457
9.95708333333334,7.3542594909668
9.96375,7.33232498168945
9.97041666666667,7.29942321777344
9.97708333333333,7.25269317626953
9.98375,7.18927383422852
9.99041666666667,7.10821151733398
9.99708333333333,7.00855255126953
10.00375,6.89268112182617
10.0104166666667,6.76345825195313
10.0170833333333,6.6227912902832
10.02375,6.47544860839844
10.0304166666667,6.32572174072266
10.0370833333333,6.17742538452148
10.04375,6.03294372558594
10.0504166666667,5.89561462402344
10.0570833333333,5.767822265625
10.06375,5.65385818481445
10.0704166666667,5.5546760559082
10.0770833333333,5.47075271606445
10.08375,5.40304183959961
10.0904166666667,5.35297393798828
10.0970833333333,5.32007217407227
10.10375,5.30242919921875
10.1104166666667,5.29670715332031
10.1170833333333,5.30242919921875
10.12375,5.31768798828125
10.1304166666667,5.34248352050781
10.1370833333333,5.37443161010742
10.14375,5.41210174560547
10.1504166666667,5.45501708984375
10.1570833333333,5.50174713134766
10.16375,5.55086135864258
10.1704166666667,5.60235977172852
10.1770833333333,5.65528869628906
10.18375,5.70964813232422
10.1904166666667,5.76543807983398
10.1970833333333,5.82408905029297
10.20375,5.88369369506836
10.2104166666667,5.94186782836914
10.2170833333333,5.99813461303711
10.22375,6.05058670043945
10.2304166666667,6.09827041625977
10.2370833333333,6.13880157470703
10.24375,6.16931915283203
10.2504166666667,6.18886947631836
10.2570833333333,6.1955451965332
10.26375,6.18743896484375
10.2704166666667,6.1640739440918
10.2770833333333,6.12688064575195
10.28375,6.07728958129883
10.2904166666667,6.01816177368164
10.2970833333333,5.95283508300781
10.30375,5.88464736938477
10.3104166666667,5.81645965576172
10.3170833333333,5.7520866394043
10.32375,5.69486618041992
10.3304166666667,5.64765930175781
10.3370833333333,5.61380386352539
10.34375,5.59568405151367
10.3504166666667,5.59473037719727
10.3570833333333,5.61332702636719
10.36375,5.65385818481445
10.3704166666667,5.71775436401367
10.3770833333333,5.80644607543945
10.38375,5.92184066772461
10.3904166666667,6.06489181518555
10.3970833333333,6.23703002929688
10.40375,6.43825531005859
10.4104166666667,6.6685676574707
10.4170833333333,6.92605972290039
10.42375,7.20834732055664
10.4304166666667,7.51113891601563
10.4370833333333,7.82918930053711
10.44375,8.15582275390625
10.4504166666667,8.48484039306641
10.4570833333333,8.81004333496094
10.46375,9.12714004516602
10.4704166666667,9.43183898925781
10.4770833333333,9.72414016723633
10.48375,10.0040435791016
10.4904166666667,10.2753639221191
10.4970833333333,10.5433464050293
10.50375,10.8175277709961
10.5104166666667,11.106014251709
10.5170833333333,11.4178657531738
10.52375,11.7616653442383
10.5304166666667,12.143611907959
10.5370833333333,12.5665664672852
10.54375,13.0281448364258
10.5504166666667,13.524055480957
10.5570833333333,14.0461921691895
10.56375,14.5835876464844
10.5704166666667,15.1209831237793
10.5770833333333,15.6431198120117
10.58375,16.1347389221191
10.5904166666667,16.5796279907227
10.5970833333333,16.9634819030762
10.60375,17.2758102416992
10.6104166666667,17.5113677978516
10.6170833333333,17.6668167114258
10.62375,17.7416801452637
10.6304166666667,17.7407264709473
10.6370833333333,17.6725387573242
10.64375,17.5466537475586
10.6504166666667,17.3745155334473
10.6570833333333,17.1685218811035
10.66375,16.942024230957
10.6704166666667,16.7064666748047
10.6770833333333,16.4699554443359
10.68375,16.2386894226074
10.6904166666667,16.0150527954102
10.6970833333333,15.7999992370605
10.70375,15.5892372131348
10.7104166666667,15.3770446777344
10.7170833333333,15.1567459106445
10.72375,14.920711517334
10.7304166666667,14.6594047546387
10.7370833333333,14.3632888793945
10.74375,14.0266418457031
10.7504166666667,13.646125793457
10.7570833333333,13.2198333740234
10.76375,12.7506256103516
10.7704166666667,12.2432708740234
10.7770833333333,11.7073059082031
10.78375,11.1522674560547
10.7904166666667,10.5876922607422
10.7970833333333,10.0255012512207
10.80375,9.4752311706543
10.8104166666667,8.94594192504883
10.8170833333333,8.44573974609375
10.82375,7.9803466796875
10.8304166666667,7.55453109741211
10.8370833333333,7.1711540222168
10.84375,6.83021545410156
10.8504166666667,6.53219223022461
10.8570833333333,6.27374649047852
10.86375,6.05201721191406
10.8704166666667,5.86462020874023
10.8770833333333,5.70821762084961
10.88375,5.58042526245117
10.8904166666667,5.4774284362793
10.8970833333333,5.39922714233398
10.90375,5.34486770629883
10.9104166666667,5.31339645385742
10.9170833333333,5.30481338500977
10.92375,5.32197952270508
10.9304166666667,5.36870956420898
10.9370833333333,5.45072555541992
10.94375,5.57756423950195
10.9504166666667,5.75971603393555
10.9570833333333,6.0124397277832
10.96375,6.35337829589844
10.9704166666667,6.8058967590332
10.9770833333333,7.39860534667969
10.98375,8.16488265991211
10.9904166666667,9.14859771728516
10.9970833333333,10.4045867919922
11.00375,12.0015144348145
11.0104166666667,14.0223503112793
11.0170833333333,16.5667533874512
11.02375,19.7587013244629
11.0304166666667,23.7507820129395
11.0370833333333,28.7332534790039
11.04375,34.9364280700684
11.0504166666667,42.6449775695801
11.0570833333333,52.2127151489258
11.06375,64.0888214111328
11.0704166666667,78.8516998291016
11.0770833333333,97.2352027893066
11.08375,120.162010192871
11.0904166666667,148.798942565918
11.0970833333333,184.617519378662
11.10375,229.459762573242
11.1104166666667,285.564422607422
11.1170833333333,355.54838180542
11.12375,442.368984222412
11.1304166666667,549.226760864258
11.1370833333333,679.380893707275
11.14375,835.79683303833
11.1504166666667,1020.55406570435
11.1570833333333,1234.08031463623
11.16375,1474.07293319702
11.1704166666667,1734.51566696167
11.1770833333333,2005.40971755981
11.18375,2273.1466293335
11.1904166666667,2523.44655990601
11.1970833333333,2743.91078948975
11.20375,2926.03492736816
11.2104166666667,3066.51258468628
11.2170833333333,3166.98503494263
11.22375,3233.73794555664
11.2304166666667,3273.48375320435
11.2370833333333,3291.97549819946
11.24375,3293.28918457031
11.2504166666667,3279.12092208862
11.2570833333333,3248.10409545898
11.26375,3195.65200805664
11.2704166666667,3116.91331863403
11.2770833333333,3007.51829147339
11.28375,2864.61734771729
11.2904166666667,2687.95299530029
11.2970833333333,2481.35042190552
11.30375,2252.64120101929
11.3104166666667,2011.803150177
11.3170833333333,1769.2346572876
11.32375,1534.12294387817
11.3304166666667,1313.55381011963
11.3370833333333,1112.12301254272
11.34375,932.161331176758
11.3504166666667,774.326324462891
11.3570833333333,638.138771057129
11.36375,522.374153137207
11.3704166666667,425.302028656006
11.3770833333333,344.874858856201
11.38375,278.940677642822
11.3904166666667,225.410938262939
11.3970833333333,182.332992553711
11.40375,147.920608520508
11.4104166666667,120.5735206604
11.4170833333333,98.9084243774414
11.42375,81.7747116088867
11.4304166666667,68.2334899902344
11.4370833333333,57.523250579834
11.44375,49.0264892578125
11.4504166666667,42.2520637512207
11.4570833333333,36.8199348449707
11.46375,32.4387550354004
11.4704166666667,28.8848876953125
11.4770833333333,25.9809494018555
11.48375,23.590087890625
11.4904166666667,21.604061126709
11.4970833333333,19.9418067932129
11.50375,18.5413360595703
11.5104166666667,17.3511505126953
11.5170833333333,16.331672668457
11.52375,15.4504776000977
11.5304166666667,14.6832466125488
11.5370833333333,14.0113830566406
11.54375,13.4201049804688
11.5504166666667,12.8960609436035
11.5570833333333,12.4292373657227
11.56375,12.0129585266113
11.5704166666667,11.6434097290039
11.5770833333333,11.314868927002
11.58375,11.023998260498
11.5904166666667,10.7669830322266
11.5970833333333,10.5438232421875
11.60375,10.3521347045898
11.6104166666667,10.1909637451172
11.6170833333333,10.0588798522949
11.62375,9.95731353759766
11.6304166666667,9.88578796386719
11.6370833333333,9.84477996826172
11.64375,9.83524322509766
11.6504166666667,9.85908508300781
11.6570833333333,9.91916656494141
11.66375,10.0197792053223
11.6704166666667,10.1661682128906
11.6770833333333,10.3664398193359
11.68375,10.6306076049805
11.6904166666667,10.9729766845703
11.6970833333333,11.411190032959
11.70375,11.9667053222656
11.7104166666667,12.6643180847168
11.7170833333333,13.5297775268555
11.72375,14.589786529541
11.7304166666667,15.8653259277344
11.7370833333333,17.3711776733398
11.74375,19.1106796264648
11.7504166666667,21.0723876953125
11.7570833333333,23.2291221618652
11.76375,25.5346298217773
11.7704166666667,27.9264450073242
11.7770833333333,30.3249359130859
11.78375,32.6371192932129
11.7904166666667,34.7633361816406
11.7970833333333,36.6063117980957
11.80375,38.0759239196777
11.8104166666667,39.0968322753906
11.8170833333333,39.6194458007813
11.82375,39.6208763122559
11.8304166666667,39.1077995300293
11.8370833333333,38.114070892334
11.84375,36.7012023925781
11.8504166666667,34.949779510498
11.8570833333333,32.9580307006836
11.86375,30.829906463623
11.8704166666667,28.6717414855957
11.8770833333333,26.5860557556152
11.88375,24.6686935424805
11.8904166666667,23.003101348877
11.8970833333333,21.6631889343262
11.90375,20.7157135009766
11.9104166666667,20.2231407165527
11.9170833333333,20.2474594116211
11.92375,20.8549499511719
11.9304166666667,22.1238136291504
11.9370833333333,24.1489410400391
11.94375,27.045726776123
11.9504166666667,30.9538841247559
11.9570833333333,36.0374450683594
11.96375,42.4818992614746
11.9704166666667,50.4913330078125
11.9770833333333,60.276985168457
11.98375,72.0400810241699
11.9904166666667,85.944652557373
11.9970833333333,102.097034454346
12.00375,120.521545410156
12.0104166666667,141.13712310791
12.0170833333333,163.725852966309
12.02375,187.91389465332
12.0304166666667,213.171005249023
12.0370833333333,238.822460174561
12.04375,264.076232910156
12.0504166666667,288.048267364502
12.0570833333333,309.815883636475
12.06375,328.479766845703
12.0704166666667,343.235015869141
12.0770833333333,353.42264175415
12.08375,358.575344085693
12.0904166666667,358.456611633301
12.0970833333333,353.085517883301
12.10375,342.73624420166
12.1104166666667,327.89945602417
12.1170833333333,309.242248535156
12.12375,287.564277648926
12.1304166666667,263.744831085205
12.1370833333333,238.677978515625
12.14375,213.213443756104
12.1504166666667,188.111782073975
12.1570833333333,164.023876190186
12.16375,141.464233398438
12.1704166666667,120.800971984863
12.1770833333333,102.254390716553
12.18375,85.9174728393555
12.1904166666667,71.782112121582
12.1970833333333,59.7543716430664
12.20375,49.6783256530762
12.2104166666667,41.3517951965332
12.2170833333333,34.5525741577148
12.22375,29.0594100952148
12.2304166666667,24.6615409851074
12.2370833333333,21.1634635925293
12.24375,18.3916091918945
12.2504166666667,16.1948204040527
12.2570833333333,14.4491195678711
12.26375,13.0553245544434
12.2704166666667,11.9338035583496
12.2770833333333,11.0235214233398
12.28375,10.2758407592773
12.2904166666667,9.65642929077148
12.2970833333333,9.1400146484375
12.30375,8.70895385742188
12.3104166666667,8.35037231445313
12.3170833333333,8.0561637878418
12.32375,7.82012939453125
12.3304166666667,7.63797760009766
12.3370833333333,7.50589370727539
12.34375,7.42101669311523
12.3504166666667,7.37905502319336
12.3570833333333,7.37524032592773
12.36375,7.40528106689453
12.3704166666667,7.46297836303711
12.3770833333333,7.54308700561523
12.38375,7.63940811157227
12.3904166666667,7.74526596069336
12.3970833333333,7.85350799560547
12.40375,7.95984268188477
12.4104166666667,8.0571174621582
12.4170833333333,8.14104080200195
12.42375,8.21018218994141
12.4304166666667,8.26501846313477
12.4370833333333,8.30841064453125
12.44375,8.34369659423828
12.4504166666667,8.37993621826172
12.4570833333333,8.42714309692383
12.46375,8.49771499633789
12.4704166666667,8.60214233398438
12.4770833333333,8.75377655029297
12.48375,8.96644592285156
12.4904166666667,9.25540924072266
12.4970833333333,9.63973999023438
12.50375,10.1399421691895
12.5104166666667,10.7779502868652
12.5170833333333,11.5795135498047
12.52375,12.5722885131836
12.5304166666667,13.7848854064941
12.5370833333333,15.2435302734375
12.54375,16.970157623291
12.5504166666667,18.9809799194336
12.5570833333333,21.2826728820801
12.56375,23.869514465332
12.5704166666667,26.7186164855957
12.5770833333333,29.7889709472656
12.58375,33.02001953125
12.5904166666667,36.3330841064453
12.5970833333333,39.6342277526855
12.60375,42.818546295166
12.6104166666667,45.7777976989746
12.6170833333333,48.4075546264648
12.62375,50.6162643432617
12.6304166666667,52.3319244384766
12.6370833333333,53.5092353820801
12.64375,54.1329383850098
12.6504166666667,54.2235374450684
12.6570833333333,53.8325309753418
12.66375,53.0390739440918
12.6704166666667,51.9423484802246
12.6770833333333,50.654411315918
12.68375,49.2916107177734
12.6904166666667,47.9612350463867
12.6970833333333,46.7514991760254
12.70375,45.7277297973633
12.7104166666667,44.9271202087402
12.7170833333333,44.3568229675293
12.72375,43.9920425415039
12.7304166666667,43.7803268432617
12.7370833333333,43.6487197875977
12.74375,43.5123443603516
12.7504166666667,43.2825088500977
12.7570833333333,42.8738594055176
12.76375,42.2143936157227
12.7704166666667,41.2516593933105
12.7770833333333,39.9589538574219
12.78375,38.3319854736328
12.7904166666667,36.3941192626953
12.7970833333333,34.1906547546387
12.80375,31.7826271057129
12.8104166666667,29.2434692382813
12.8170833333333,26.6509056091309
12.82375,24.0836143493652
12.8304166666667,21.6126441955566
12.8370833333333,19.2985534667969
12.84375,17.1895027160645
12.8504166666667,15.3203010559082
12.8570833333333,13.7109756469727
12.86375,12.3720169067383
12.8704166666667,11.3019943237305
12.8770833333333,10.4937553405762
12.88375,9.93585586547852
12.8904166666667,9.61446762084961
12.8970833333333,9.51719284057617
12.90375,9.63401794433594
12.9104166666667,9.96160507202148
12.9170833333333,10.4999542236328
12.92375,11.2566947937012
12.9304166666667,12.2437477111816
12.9370833333333,13.4773254394531
12.94375,14.9760246276855
12.9504166666667,16.7570114135742
12.9570833333333,18.8331604003906
12.96375,21.209716796875
12.9704166666667,23.8790512084961
12.9770833333333,26.8211364746094
12.98375,29.9954414367676
12.9904166666667,33.3423614501953
12.9970833333333,36.7817878723145
13.00375,40.2154922485352
13.0104166666667,43.5323715209961
13.0170833333333,46.6146469116211
13.02375,49.3416786193848
13.0304166666667,51.6033172607422
13.0370833333333,53.3041954040527
13.04375,54.3761253356934
13.0504166666667,54.7819137573242
13.0570833333333,54.5196533203125
13.06375,53.6260604858398
13.0704166666667,52.1750450134277
13.0770833333333,50.2767562866211
13.08375,48.067569732666
13.0904166666667,45.7038879394531
13.0970833333333,43.3535575866699
13.10375,41.1853790283203
13.1104166666667,39.3633842468262
13.1170833333333,38.0353927612305
13.12375,37.3287200927734
13.1304166666667,37.3415946960449
13.1370833333333,38.1383895874023
13.14375,39.7477149963379
13.1504166666667,42.1590805053711
13.1570833333333,45.323371887207
13.16375,49.1552352905273
13.1704166666667,53.5359382629395
13.1770833333333,58.3248138427734
13.18375,63.3664131164551
13.1904166666667,68.5062408447266
13.1970833333333,73.6017227172852
13.20375,78.5403251647949
13.2104166666667,83.254337310791
13.2170833333333,87.7408981323242
13.22375,92.073917388916
13.2304166666667,96.4159965515137
13.2370833333333,101.023197174072
13.24375,106.257438659668
13.2504166666667,112.581729888916
13.2570833333333,120.55778503418
13.26375,130.826473236084
13.2704166666667,144.078731536865
13.2770833333333,161.025047302246
13.28375,182.351589202881
13.2904166666667,208.66870880127
13.2970833333333,240.443706512451
13.30375,277.919292449951
13.3104166666667,321.041107177734
13.3170833333333,369.396686553955
13.32375,422.186374664307
13.3304166666667,478.206157684326
13.3370833333333,535.851955413818
13.34375,593.179702758789
13.3504166666667,648.013591766357
13.3570833333333,698.101997375488
13.36375,741.257667541504
13.3704166666667,775.509834289551
13.3770833333333,799.262523651123
13.38375,811.430931091309
13.3904166666667,811.516284942627
13.3970833333333,799.610137939453
13.40375,776.358127593994
13.4104166666667,742.911815643311
13.4170833333333,700.836181640625
13.42375,651.970863342285
13.4304166666667,598.280906677246
13.4370833333333,541.73469543457
13.44375,484.211921691895
13.4504166666667,427.41060256958
13.4570833333333,372.764587402344
13.46375,321.399211883545
13.4704166666667,274.135112762451
13.4770833333333,231.508731842041
13.48375,193.784713745117
13.4904166666667,160.984992980957
13.4970833333333,132.928371429443
13.50375,109.29536819458
13.5104166666667,89.6821022033691
13.5170833333333,73.6336708068848
13.52375,60.6708526611328
13.5304166666667,50.316333770752
13.5370833333333,42.1276092529297
13.54375,35.7098579406738
13.5504166666667,30.7183265686035
13.5570833333333,26.8573760986328
13.56375,23.8780975341797
13.5704166666667,21.578311920166
13.5770833333333,19.7982788085938
13.58375,18.4140205383301
13.5904166666667,17.3296928405762
13.5970833333333,16.4709091186523
13.60375,15.782356262207
13.6104166666667,15.223503112793
13.6170833333333,14.7638320922852
13.62375,14.3799781799316
13.6304166666667,14.0538215637207
13.6370833333333,13.7715339660645
13.64375,13.5207176208496
13.6504166666667,13.2908821105957
13.6570833333333,13.0743980407715
13.66375,12.8660202026367
13.6704166666667,12.6614570617676
13.6770833333333,12.455940246582
13.68375,12.2489929199219
13.6904166666667,12.0401382446289
13.6970833333333,11.8279457092285
13.70375,11.6143226623535
13.7104166666667,11.4006996154785
13.7170833333333,11.1894607543945
13.72375,10.9848976135254
13.7304166666667,10.7903480529785
13.7370833333333,10.6086730957031
13.74375,10.441780090332
13.7504166666667,10.2910995483398
13.7570833333333,10.1594924926758
13.76375,10.047435760498
13.7704166666667,9.95540618896484
13.7770833333333,9.88245010375977
13.78375,9.82999801635742
13.7904166666667,9.79518890380859
13.7970833333333,9.77659225463867
13.80375,9.77277755737305
13.8104166666667,9.78374481201172
13.8170833333333,9.80854034423828
13.82375,9.84716415405273
13.8304166666667,9.90056991577148
13.8370833333333,9.96875762939453
13.84375,10.0512504577637
13.8504166666667,10.1466178894043
13.8570833333333,10.2553367614746
13.86375,10.378360748291
13.8704166666667,10.5171203613281
13.8770833333333,10.6725692749023
13.88375,10.8485221862793
13.8904166666667,11.0483169555664
13.8970833333333,11.2752914428711
13.90375,11.5346908569336
13.9104166666667,11.8327140808105
13.9170833333333,12.178897857666
13.92375,12.5842094421387
13.9304166666667,13.0624771118164
13.9370833333333,13.6332511901855
13.94375,14.3189430236816
13.9504166666667,15.1448249816895
13.9570833333333,16.1409378051758
13.96375,17.3382759094238
13.9704166666667,18.768310546875
13.9770833333333,20.4572677612305
13.98375,22.4270820617676
13.9904166666667,24.6915817260742
13.9970833333333,27.2507667541504
14.00375,30.0850868225098
14.0104166666667,33.1549644470215
14.0170833333333,36.4017486572266
14.02375,39.7448539733887
14.0304166666667,43.0817604064941
14.0370833333333,46.2961196899414
14.04375,49.2620468139648
14.0504166666667,51.854133605957
14.0570833333333,53.952693939209
14.06375,55.4542541503906
14.0704166666667,56.2820434570313
14.0770833333333,56.3888549804688
14.08375,55.7646751403809
14.0904166666667,54.4328689575195
14.0970833333333,52.4497032165527
14.10375,49.901008605957
14.1104166666667,46.8940734863281
14.1170833333333,43.5500144958496
14.12375,39.9951934814453
14.1304166666667,36.3507270812988
14.1370833333333,32.7281951904297
14.14375,29.2243957519531
14.1504166666667,25.916576385498
14.1570833333333,22.8595733642578
14.16375,20.087718963623
14.1704166666667,17.6186561584473
14.1770833333333,15.4547691345215
14.18375,13.5865211486816
14.1904166666667,11.9929313659668
14.1970833333333,10.6477737426758
14.20375,9.52386856079102
14.2104166666667,8.59355926513672
14.2170833333333,7.82871246337891
14.22375,7.20405578613281
14.2304166666667,6.69527053833008
14.2370833333333,6.28232955932617
14.24375,5.94758987426758
14.2504166666667,5.67531585693359
14.2570833333333,5.45406341552734
14.26375,5.27334213256836
14.2704166666667,5.12599945068359
14.2770833333333,5.00631332397461
14.28375,4.90999221801758
14.2904166666667,4.83369827270508
14.2970833333333,4.7755241394043
14.30375,4.73213195800781
14.3104166666667,4.70352172851563
14.3170833333333,4.68730926513672
14.32375,4.68301773071289
14.3304166666667,4.69112396240234
14.3370833333333,4.71115112304688
14.34375,4.74214553833008
14.3504166666667,4.78219985961914
14.3570833333333,4.82940673828125
14.36375,4.8832893371582
14.3704166666667,4.94241714477539
14.3770833333333,5.00345230102539
14.38375,5.06353378295898
14.3904166666667,5.12170791625977
14.3970833333333,5.17511367797852
14.40375,5.22136688232422
14.4104166666667,5.25856018066406
14.4170833333333,5.28526306152344
14.42375,5.30242919921875
14.4304166666667,5.31101226806641
14.4370833333333,5.31148910522461
14.44375,5.30433654785156
14.4504166666667,5.29098510742188
14.4570833333333,5.27429580688477
14.46375,5.25569915771484
14.4704166666667,5.23567199707031
14.4770833333333,5.21469116210938
14.48375,5.19323348999023
14.4904166666667,5.17511367797852
14.4970833333333,5.15842437744141
14.50375,5.1426887512207
14.5104166666667,5.12886047363281
14.5170833333333,5.11789321899414
14.52375,5.1116943359375
14.5304166666667,5.10931015014648
14.5370833333333,5.11074066162109
14.54375,5.11837005615234
14.5504166666667,5.13410568237305
14.5570833333333,5.16033172607422
14.56375,5.20086288452148
14.5704166666667,5.25951385498047
14.5770833333333,5.3410530090332
14.58375,5.45167922973633
14.5904166666667,5.5999755859375
14.5970833333333,5.79452514648438
14.60375,6.04724884033203
14.6104166666667,6.37245178222656
14.6170833333333,6.78730010986328
14.62375,7.31086730957031
14.6304166666667,7.9646110534668
14.6370833333333,8.77475738525391
14.64375,9.77134704589844
14.6504166666667,10.9891891479492
14.6570833333333,12.4692916870117
14.66375,14.2545700073242
14.6704166666667,16.3941383361816
14.6770833333333,18.9390182495117
14.68375,21.944522857666
14.6904166666667,25.4621505737305
14.6970833333333,29.538631439209
14.70375,34.2130661010742
14.7104166666667,39.5112037658691
14.7170833333333,45.4425811767578
14.72375,51.9900321960449
14.7304166666667,59.1092109680176
14.7370833333333,66.7243003845215
14.74375,74.7251510620117
14.7504166666667,82.9682350158691
14.7570833333333,91.278076171875
14.76375,99.449634552002
14.7704166666667,107.258796691895
14.7770833333333,114.471435546875
14.78375,120.857715606689
14.7904166666667,126.201152801514
14.7970833333333,130.311965942383
14.80375,133.03804397583
14.8104166666667,134.280204772949
14.8170833333333,133.991718292236
14.82375,132.183074951172
14.8304166666667,128.91960144043
14.8370833333333,124.320030212402
14.84375,118.549823760986
14.8504166666667,111.807346343994
14.8570833333333,104.311466217041
14.86375,96.2920188903809
14.8704166666667,87.9802703857422
14.8770833333333,79.5936584472656
14.88375,71.3295936584473
14.8904166666667,63.3544921875
14.8970833333333,55.8066368103027
14.90375,48.7918853759766
14.9104166666667,42.3827171325684
14.9170833333333,36.62109375
14.92375,31.5208435058594
14.9304166666667,27.0729064941406
14.9370833333333,23.2515335083008
14.94375,20.0176239013672
14.9504166666667,17.3225402832031
14.9570833333333,15.1114463806152
14.96375,13.3280754089355
14.9704166666667,11.9185447692871
14.9770833333333,10.8327865600586
14.98375,10.0235939025879
14.9904166666667,9.44805145263672
14.9970833333333,9.06801223754883
15.00375,8.8496208190918
15.0104166666667,8.76426696777344
15.0170833333333,8.78524780273438
15.02375,8.88919830322266
15.0304166666667,9.05370712280273
15.0370833333333,9.25970077514648
15.04375,9.48905944824219
15.0504166666667,9.72509384155273
15.0570833333333,9.95302200317383
15.06375,10.1590156555176
15.0704166666667,10.3306770324707
15.0770833333333,10.4584693908691
15.08375,10.5347633361816
15.0904166666667,10.5533599853516
15.0970833333333,10.5099678039551
15.10375,10.4045867919922
15.1104166666667,10.2376937866211
15.1170833333333,10.0131034851074
15.12375,9.73701477050781
15.1304166666667,9.41658020019531
15.1370833333333,9.06181335449219
15.14375,8.6822509765625
15.1504166666667,8.28838348388672
15.1570833333333,7.8892707824707
15.16375,7.49397277832031
15.1704166666667,7.1101188659668
15.1770833333333,6.7439079284668
15.18375,6.39963150024414
15.1904166666667,6.08205795288086
15.1970833333333,5.79309463500977
15.20375,5.53464889526367
15.2104166666667,5.30767440795898
15.2170833333333,5.11074066162109
15.22375,4.94289398193359
15.2304166666667,4.80175018310547
15.2370833333333,4.68635559082031
15.24375,4.59432601928711
15.2504166666667,4.52375411987305
15.2570833333333,4.47463989257813
15.26375,4.44555282592773
15.2704166666667,4.43506240844727
15.2770833333333,4.4407844543457
15.28375,4.46128845214844
15.2904166666667,4.49419021606445
15.2970833333333,4.53805923461914
15.30375,4.59146499633789
15.3104166666667,4.65202331542969
15.3170833333333,4.71878051757813
15.32375,4.78982925415039
15.3304166666667,4.86278533935547
15.3370833333333,4.93621826171875
15.34375,5.00726699829102
15.3504166666667,5.07593154907227
15.3570833333333,5.14030456542969
15.36375,5.20086288452148
15.3704166666667,5.25760650634766
15.3770833333333,5.30910491943359
15.38375,5.3558349609375
15.3904166666667,5.39827346801758
15.3970833333333,5.43737411499023
15.40375,5.47313690185547
15.4104166666667,5.50603866577148
15.4170833333333,5.53655624389648
15.42375,5.56516647338867
15.4304166666667,5.59139251708984
15.4370833333333,5.61380386352539
15.44375,5.63240051269531
15.4504166666667,5.6452751159668
15.4570833333333,5.65099716186523
15.46375,5.64861297607422
15.4704166666667,5.63812255859375
15.4770833333333,5.61857223510742
15.48375,5.58948516845703
15.4904166666667,5.55133819580078
15.4970833333333,5.50413131713867
15.50375,5.44977188110352
15.5104166666667,5.38921356201172
15.5170833333333,5.3248405456543
15.52375,5.25951385498047
15.5304166666667,5.19800186157227
15.5370833333333,5.14459609985352
15.54375,5.10263442993164
15.5504166666667,5.07497787475586
15.5570833333333,5.06496429443359
15.56375,5.07688522338867
15.5704166666667,5.11360168457031
15.5770833333333,5.17702102661133
15.58375,5.27191162109375
15.5904166666667,5.4011344909668
15.5970833333333,5.5689811706543
15.60375,5.77878952026367
15.6104166666667,6.03485107421875
15.6170833333333,6.34098052978516
15.62375,6.70242309570313
15.6304166666667,7.12394714355469
15.6370833333333,7.60984420776367
15.64375,8.16488265991211
15.6504166666667,8.79430770874023
15.6570833333333,9.50098037719727
15.66375,10.286808013916
15.6704166666667,11.1508369445801
15.6770833333333,12.0892524719238
15.68375,13.0977630615234
15.6904166666667,14.1668319702148
15.6970833333333,15.2835845947266
15.70375,16.4332389831543
15.7104166666667,17.5981521606445
15.7170833333333,18.7568664550781
15.72375,19.8841094970703
15.7304166666667,20.9546089172363
15.7370833333333,21.9411849975586
15.74375,22.8180885314941
15.7504166666667,23.5586166381836
15.7570833333333,24.1408348083496
15.76375,24.5475769042969
15.7704166666667,24.7659683227539
15.7770833333333,24.7864723205566
15.78375,24.6062278747559
15.7904166666667,24.2295265197754
15.7970833333333,23.6654281616211
15.80375,22.9282379150391
15.8104166666667,22.0375061035156
15.8170833333333,21.0170745849609
15.82375,19.895076751709
15.8304166666667,18.6991691589355
15.8370833333333,17.4579620361328
15.84375,16.1991119384766
15.8504166666667,14.9474143981934
15.8570833333333,13.7267112731934
15.86375,12.5560760498047
15.8704166666667,11.4517211914063
15.8770833333333,10.4265213012695
15.88375,9.49001312255859
15.8904166666667,8.64696502685547
15.8970833333333,7.89880752563477
15.90375,7.24506378173828
15.9104166666667,6.68239593505859
15.9170833333333,6.20603561401367
15.92375,5.80835342407227
15.9304166666667,5.48315048217773
15.9370833333333,5.22422790527344
15.94375,5.02347946166992
15.9504166666667,4.87327575683594
15.9570833333333,4.76646423339844
15.96375,4.69589233398438
15.9704166666667,4.6544075012207
15.9770833333333,4.63533401489258
15.98375,4.63294982910156
15.9904166666667,4.64248657226563
15.9970833333333,4.66012954711914
16.00375,4.68301773071289
16.0104166666667,4.70972061157227
16.0170833333333,4.73642349243164
16.02375,4.76169586181641
16.0304166666667,4.78267669677734
16.0370833333333,4.79793548583984
16.04375,4.80747222900391
16.0504166666667,4.81033325195313
16.0570833333333,4.8069953918457
16.06375,4.79888916015625
16.0704166666667,4.78792190551758
16.0770833333333,4.7755241394043
16.08375,4.76264953613281
16.0904166666667,4.75120544433594
16.0970833333333,4.74214553833008
16.10375,4.73737716674805
16.1104166666667,4.74023818969727
16.1170833333333,4.75215911865234
16.12375,4.77409362792969
16.1304166666667,4.8069953918457
16.1370833333333,4.85038757324219
16.14375,4.90474700927734
16.1504166666667,4.96816635131836
16.1570833333333,5.04016876220703
16.16375,5.12075424194336
16.1704166666667,5.20944595336914
16.1770833333333,5.30624389648438
16.18375,5.40876388549805
16.1904166666667,5.51605224609375
16.1970833333333,5.62620162963867
16.20375,5.7368278503418
16.2104166666667,5.84697723388672
16.2170833333333,5.95569610595703
16.22375,6.06203079223633
16.2304166666667,6.16598129272461
16.2370833333333,6.26420974731445
16.24375,6.35623931884766
16.2504166666667,6.44016265869141
16.2570833333333,6.5150260925293
16.26375,6.57892227172852
16.2704166666667,6.62994384765625
16.2770833333333,6.66999816894531
16.28375,6.6990852355957
16.2904166666667,6.71815872192383
16.2970833333333,6.72626495361328
16.30375,6.72435760498047
16.3104166666667,6.71291351318359
16.3170833333333,6.69193267822266
16.32375,6.65998458862305
16.3304166666667,6.61563873291016
16.3370833333333,6.55889511108398
16.34375,6.49023056030273
16.3504166666667,6.41012191772461
16.3570833333333,6.3176155090332
16.36375,6.21366500854492
16.3704166666667,6.09922409057617
16.3770833333333,5.97524642944336
16.38375,5.84125518798828
16.3904166666667,5.69677352905273
16.3970833333333,5.54513931274414
16.40375,5.38825988769531
16.4104166666667,5.22756576538086
16.4170833333333,5.06496429443359
16.42375,4.90331649780273
16.4304166666667,4.74405288696289
16.4370833333333,4.58908081054688
16.44375,4.43935394287109
16.4504166666667,4.29630279541016
16.4570833333333,4.16135787963867
16.46375,4.03642654418945
16.4704166666667,3.92293930053711
16.4770833333333,3.82041931152344
16.48375,3.72886657714844
16.4904166666667,3.64923477172852
16.4970833333333,3.58200073242188
16.50375,3.52573394775391
16.5104166666667,3.4794807434082
16.5170833333333,3.44276428222656
16.52375,3.41510772705078
16.5304166666667,3.39508056640625
16.5370833333333,3.38029861450195
16.54375,3.37076187133789
16.5504166666667,3.36551666259766
16.5570833333333,3.36360931396484
16.56375,3.36360931396484
16.5704166666667,3.36503982543945
16.5770833333333,3.36694717407227
16.58375,3.36885452270508
16.5904166666667,3.36980819702148
16.5970833333333,3.37028503417969
16.60375,3.36933135986328
16.6104166666667,3.36647033691406
16.6170833333333,3.36074829101563
16.62375,3.35264205932617
16.6304166666667,3.34262847900391
16.6370833333333,3.33070755004883
16.64375,3.31735610961914
16.6504166666667,3.30400466918945
16.6570833333333,3.29065322875977
16.66375,3.27920913696289
16.6704166666667,3.26681137084961
16.6770833333333,3.25393676757813
16.68375,3.24010848999023
16.6904166666667,3.22580337524414
16.6970833333333,3.21197509765625
16.70375,3.19766998291016
16.7104166666667,3.18384170532227
16.7170833333333,3.17049026489258
16.72375,3.1580924987793
16.7304166666667,3.14760208129883
16.7370833333333,3.13854217529297
16.74375,3.13043594360352
16.7504166666667,3.12328338623047
16.7570833333333,3.11899185180664
16.76375,3.11660766601563
16.7704166666667,3.11613082885742
16.7770833333333,3.11756134033203
16.78375,3.12042236328125
16.7904166666667,3.12519073486328
16.7970833333333,3.13234329223633
16.80375,3.14092636108398
16.8104166666667,3.15141677856445
16.8170833333333,3.16429138183594
16.82375,3.17955017089844
16.8304166666667,3.19719314575195
16.8370833333333,3.21674346923828
16.84375,3.23772430419922
16.8504166666667,3.26013565063477
16.8570833333333,3.28397750854492
16.86375,3.30924987792969
16.8704166666667,3.33642959594727
16.8770833333333,3.36503982543945
16.88375,3.39603424072266
16.8904166666667,3.42893600463867
16.8970833333333,3.46279144287109
16.90375,3.49855422973633
16.9104166666667,3.53527069091797
16.9170833333333,3.57389450073242
16.92375,3.61490249633789
16.9304166666667,3.65686416625977
16.9370833333333,3.70121002197266
16.94375,3.74794006347656
16.9504166666667,3.79753112792969
16.9570833333333,3.84759902954102
16.96375,3.89766693115234
16.9704166666667,3.94964218139648
16.9770833333333,4.00352478027344
16.98375,4.05979156494141
16.9904166666667,4.11844253540039
16.9970833333333,4.1804313659668
17.00375,4.24671173095703
17.0104166666667,4.3182373046875
17.0170833333333,4.39453125
17.02375,4.47702407836914
17.0304166666667,4.56762313842773
17.0370833333333,4.6687126159668
17.04375,4.78267669677734
17.0504166666667,4.91142272949219
17.0570833333333,5.05733489990234
17.06375,5.22327423095703
17.0704166666667,5.41257858276367
17.0770833333333,5.6304931640625
17.08375,5.88178634643555
17.0904166666667,6.17122650146484
17.0970833333333,6.50453567504883
17.10375,6.88886642456055
17.1104166666667,7.33041763305664
17.1170833333333,7.83586502075195
17.12375,8.41474533081055
17.1304166666667,9.07611846923828
17.1370833333333,9.83333587646484
17.14375,10.7007026672363
17.1504166666667,11.6944313049316
17.1570833333333,12.8312110900879
17.16375,14.1301155090332
17.1704166666667,15.6116485595703
17.1770833333333,17.3001289367676
17.18375,19.2222595214844
17.1904166666667,21.4066505432129
17.1970833333333,23.8828659057617
17.20375,26.6842842102051
17.2104166666667,29.8452377319336
17.2170833333333,33.4014892578125
17.22375,37.3878479003906
17.2304166666667,41.8367385864258
17.2370833333333,46.7782020568848
17.24375,52.238941192627
17.2504166666667,58.2394599914551
17.2570833333333,64.7931098937988
17.26375,71.901798248291
17.2704166666667,79.5536041259766
17.2770833333333,87.7261161804199
17.28375,96.3811874389648
17.2904166666667,105.464458465576
17.2970833333333,114.902019500732
17.30375,124.598979949951
17.3104166666667,134.443283081055
17.3170833333333,144.310474395752
17.32375,154.05797958374
17.3304166666667,163.529396057129
17.3370833333333,172.560214996338
17.34375,180.98258972168
17.3504166666667,188.633441925049
17.3570833333333,195.353507995605
17.36375,200.995922088623
17.3704166666667,205.43098449707
17.3770833333333,208.550453186035
17.38375,210.275173187256
17.3904166666667,210.553169250488
17.3970833333333,209.366321563721
17.40375,206.728458404541
17.4104166666667,202.686786651611
17.4170833333333,197.321891784668
17.42375,190.742492675781
17.4304166666667,183.080673217773
17.4370833333333,174.488544464111
17.44375,165.136337280273
17.4504166666667,155.20191192627
17.4570833333333,144.864559173584
17.46375,134.300231933594
17.4704166666667,123.680114746094
17.4770833333333,113.162517547607
17.48375,102.890491485596
17.4904166666667,92.9841995239258
17.4970833333333,83.5452079772949
17.50375,74.6536254882813
17.5104166666667,66.3704872131348
17.5170833333333,58.7344169616699
17.52375,51.7635345458984
17.5304166666667,45.4578399658203
17.5370833333333,39.8068428039551
17.54375,34.7886085510254
17.5504166666667,30.369758605957
17.5570833333333,26.5073776245117
17.56375,23.1547355651855
17.5704166666667,20.2641487121582
17.5770833333333,17.7884101867676
17.58375,15.678882598877
17.5904166666667,13.8893127441406
17.5970833333333,12.3758316040039
17.60375,11.1002922058105
17.6104166666667,10.0264549255371
17.6170833333333,9.12237167358398
17.62375,8.3613395690918
17.6304166666667,7.71951675415039
17.6370833333333,7.17639923095703
17.64375,6.7138671875
17.6504166666667,6.31952285766602
17.6570833333333,5.98239898681641
17.66375,5.69295883178711
17.6704166666667,5.44309616088867
17.6770833333333,5.22756576538086
17.68375,5.04255294799805
17.6904166666667,4.88519668579102
17.6970833333333,4.75168228149414
17.70375,4.64057922363281
17.7104166666667,4.55141067504883
17.7170833333333,4.48417663574219
17.72375,4.43840026855469
17.7304166666667,4.41360473632813
17.7370833333333,4.4097900390625
17.74375,4.42695617675781
17.7504166666667,4.46605682373047
17.7570833333333,4.52709197998047
17.76375,4.61101531982422
17.7704166666667,4.71973419189453
17.7770833333333,4.85372543334961
17.78375,5.01394271850586
17.7904166666667,5.20181655883789
17.7970833333333,5.41973114013672
17.80375,5.66959381103516
17.8104166666667,5.95474243164063
17.8170833333333,6.27946853637695
17.82375,6.64949417114258
17.8304166666667,7.06911087036133
17.8370833333333,7.54451751708984
17.84375,8.08143615722656
17.8504166666667,8.68892669677734
17.8570833333333,9.37509536743164
17.86375,10.1518630981445
17.8704166666667,11.0340118408203
17.8770833333333,12.0363235473633
17.88375,13.1754875183105
17.8904166666667,14.4720077514648
17.8970833333333,15.9482955932617
17.90375,17.6301002502441
17.9104166666667,19.5455551147461
17.9170833333333,21.7247009277344
17.92375,24.1999626159668
17.9304166666667,27.0066261291504
17.9370833333333,30.1814079284668
17.94375,33.7638854980469
17.9504166666667,37.7941131591797
17.9570833333333,42.3083305358887
17.96375,47.3423004150391
17.9704166666667,52.9279708862305
17.9770833333333,59.0953826904297
17.98375,65.8650398254395
17.9904166666667,73.2479095458984
17.9970833333333,81.2458992004395
18.00375,89.8494720458984
18.0104166666667,99.0352630615234
18.0170833333333,108.763694763184
18.02375,118.978023529053
18.0304166666667,129.60147857666
18.0370833333333,140.540599822998
18.04375,151.684761047363
18.0504166666667,162.910938262939
18.0570833333333,174.07751083374
18.06375,185.027599334717
18.0704166666667,195.598125457764
18.0770833333333,205.621242523193
18.08375,214.930057525635
18.0904166666667,223.358631134033
18.0970833333333,230.749607086182
18.10375,236.961364746094
18.1104166666667,241.873264312744
18.1170833333333,245.386600494385
18.12375,247.426509857178
18.1304166666667,247.948169708252
18.1370833333333,246.93775177002
18.14375,244.412899017334
18.1504166666667,240.418910980225
18.1570833333333,235.029697418213
18.16375,228.345394134521
18.1704166666667,220.489978790283
18.1770833333333,211.607933044434
18.18375,201.852798461914
18.1904166666667,191.390037536621
18.1970833333333,180.391311645508
18.20375,169.029712677002
18.2104166666667,157.473564147949
18.2170833333333,145.880222320557
18.22375,134.397506713867
18.2304166666667,123.160362243652
18.2370833333333,112.288475036621
18.24375,101.884365081787
18.2504166666667,92.0305252075195
18.2570833333333,82.7898979187012
18.26375,74.2082595825195
18.2704166666667,66.3189888000488
18.2770833333333,59.1387748718262
18.28375,52.6695251464844
18.2904166666667,46.8988418579102
18.2970833333333,41.8081283569336
18.30375,37.3740196228027
18.3104166666667,33.5650444030762
18.3170833333333,30.3459167480469
18.32375,27.6775360107422
18.3304166666667,25.5241394042969
18.3370833333333,23.8485336303711
18.34375,22.6168632507324
18.3504166666667,21.796703338623
18.3570833333333,21.3584899902344
18.36375,21.2769508361816
18.3704166666667,21.5296745300293
18.3770833333333,22.1014022827148
18.38375,22.9802131652832
18.3904166666667,24.1575241088867
18.3970833333333,25.629997253418
18.40375,27.4014472961426
18.4104166666667,29.4785499572754
18.4170833333333,31.8722724914551
18.42375,34.5973968505859
18.4304166666667,37.6729965209961
18.4370833333333,41.1195755004883
18.44375,44.9581146240234
18.4504166666667,49.2105484008789
18.4570833333333,53.901195526123
18.46375,59.0524673461914
18.4704166666667,64.6848678588867
18.4770833333333,70.8122253417969
18.48375,77.4435997009277
18.4904166666667,84.5794677734375
18.4970833333333,92.2141075134277
18.50375,100.332736968994
18.5104166666667,108.904838562012
18.5170833333333,117.8879737854
18.52375,127.227783203125
18.5304166666667,136.858463287354
18.5370833333333,146.6965675354
18.54375,156.644344329834
18.5504166666667,166.591167449951
18.5570833333333,176.417827606201
18.56375,185.996055603027
18.5704166666667,195.1904296875
18.5770833333333,203.861236572266
18.58375,211.868286132813
18.5904166666667,219.076633453369
18.5970833333333,225.357532501221
18.60375,230.597019195557
18.6104166666667,234.693050384521
18.6170833333333,237.560749053955
18.62375,239.1357421875
18.6304166666667,239.378929138184
18.6370833333333,238.273143768311
18.64375,235.826015472412
18.6504166666667,232.069969177246
18.6570833333333,227.062702178955
18.66375,220.885276794434
18.6704166666667,213.634967803955
18.6770833333333,205.427646636963
18.68375,196.393489837646
18.6904166666667,186.673164367676
18.6970833333333,176.414966583252
18.70375,165.767192840576
18.7104166666667,154.8752784729
18.7170833333333,143.883228302002
18.72375,132.928848266602
18.7304166666667,122.13659286499
18.7370833333333,111.616134643555
18.74375,101.460933685303
18.7504166666667,91.7534828186035
18.7570833333333,82.5610160827637
18.76375,73.9336013793945
18.7704166666667,65.9027099609375
18.7770833333333,58.4883689880371
18.78375,51.6977310180664
18.7904166666667,45.5288887023926
18.7970833333333,39.9665832519531
18.80375,34.9869728088379
18.8104166666667,30.5595397949219
18.8170833333333,26.6499519348145
18.82375,23.2205390930176
18.8304166666667,20.233154296875
18.8370833333333,17.646312713623
18.84375,15.4199600219727
18.8504166666667,13.5159492492676
18.8570833333333,11.8989944458008
18.86375,10.5352401733398
18.8704166666667,9.39321517944336
18.8770833333333,8.44335556030273
18.88375,7.65895843505859
18.8904166666667,7.01522827148438
18.8970833333333,6.49070739746094
18.90375,6.06679916381836
18.9104166666667,5.72776794433594
18.9170833333333,5.46073913574219
18.92375,5.25283813476563
18.9304166666667,5.09548187255859
18.9370833333333,4.98104095458984
18.94375,4.90283966064453
18.9504166666667,4.8527717590332
18.9570833333333,4.82606887817383
18.96375,4.81843948364258
18.9704166666667,4.82606887817383
18.9770833333333,4.84657287597656
18.98375,4.87756729125977
18.9904166666667,4.91762161254883
18.9970833333333,4.96578216552734
19.00375,5.02109527587891
19.0104166666667,5.08308410644531
19.0170833333333,5.15270233154297
19.02375,5.22994995117188
19.0304166666667,5.31625747680664
19.0370833333333,5.41210174560547
19.04375,5.51939010620117
19.0504166666667,5.64050674438477
19.0570833333333,5.77735900878906
19.06375,5.93328475952148
19.0704166666667,6.11019134521484
19.0770833333333,6.31093978881836
19.08375,6.53934478759766
19.0904166666667,6.80017471313477
19.0970833333333,7.09676742553711
19.10375,7.43436813354492
19.1104166666667,7.81965255737305
19.1170833333333,8.26072692871094
19.12375,8.76474380493164
19.1304166666667,9.33980941772461
19.1370833333333,9.9940299987793
19.14375,10.7388496398926
19.1504166666667,11.5852355957031
19.1570833333333,12.5460624694824
19.16375,13.6337280273438
19.1704166666667,14.8625373840332
19.1770833333333,16.2491798400879
19.18375,17.8127288818359
19.1904166666667,19.5736885070801
19.1970833333333,21.5544700622559
19.20375,23.780345916748
19.2104166666667,26.2799263000488
19.2170833333333,29.0851593017578
19.22375,32.2322845458984
19.2304166666667,35.7632637023926
19.2370833333333,39.7186279296875
19.24375,44.1451072692871
19.2504166666667,49.0975379943848
19.2570833333333,54.6369552612305
19.26375,60.8320236206055
19.2704166666667,67.7528381347656
19.2770833333333,75.4761695861816
19.28375,84.0878486633301
19.2904166666667,93.6803817749023
19.2970833333333,104.354381561279
19.30375,116.209506988525
19.3104166666667,129.347801208496
19.3170833333333,143.874645233154
19.32375,159.897327423096
19.3304166666667,177.525520324707
19.3370833333333,196.860313415527
19.34375,217.987537384033
19.3504166666667,240.983486175537
19.3570833333333,265.910625457764
19.36375,292.816162109375
19.3704166666667,321.72155380249
19.3770833333333,352.609634399414
19.38375,385.433197021484
19.3904166666667,420.11022567749
19.3970833333333,456.524848937988
19.40375,494.519233703613
19.4104166666667,533.881187438965
19.4170833333333,574.352264404297
19.42375,615.630626678467
19.4304166666667,657.373428344727
19.4370833333333,699.20015335083
19.44375,740.689754486084
19.4504166666667,781.386852264404
19.4570833333333,820.811748504639
19.46375,858.475208282471
19.4704166666667,893.890380859375
19.4770833333333,926.568508148193
19.48375,956.032752990723
19.4904166666667,981.831550598145
19.4970833333333,1003.55339050293
19.50375,1020.83301544189
19.5104166666667,1033.35857391357
19.5170833333333,1040.8821105957
19.52375,1043.23482513428
19.5304166666667,1040.32468795776
19.5370833333333,1032.14406967163
19.54375,1018.77021789551
19.5504166666667,1000.36478042603
19.5570833333333,977.178573608398
19.56375,949.536800384521
19.5704166666667,917.831420898438
19.5770833333333,882.508754730225
19.58375,844.070434570313
19.5904166666667,803.056716918945
19.5970833333333,760.023593902588
19.60375,715.527057647705
19.6104166666667,670.115947723389
19.6170833333333,624.330043792725
19.62375,578.68480682373
19.6304166666667,533.652782440186
19.6370833333333,489.652156829834
19.64375,447.044849395752
19.6504166666667,406.145572662354
19.6570833333333,367.218494415283
19.66375,330.469131469727
19.6704166666667,296.041965484619
19.6770833333333,264.023303985596
19.68375,234.455585479736
19.6904166666667,207.345008850098
19.6970833333333,182.660579681396
19.70375,160.331726074219
19.7104166666667,140.254020690918
19.7170833333333,122.308731079102
19.72375,106.366157531738
19.7304166666667,92.2884941101074
19.7370833333333,79.9241065979004
19.74375,69.1165924072266
19.7504166666667,59.7152709960938
19.7570833333333,51.5780448913574
19.76375,44.5675849914551
19.7704166666667,38.5532379150391
19.7770833333333,33.4105491638184
19.78375,29.0265083312988
19.7904166666667,25.3000259399414
19.7970833333333,22.1400260925293
19.80375,19.4668769836426
19.8104166666667,17.2080993652344
19.8170833333333,15.3007507324219
19.82375,13.6904716491699
19.8304166666667,12.3295783996582
19.8370833333333,11.1789703369141
19.84375,10.2043151855469
19.8504166666667,9.37557220458984
19.8570833333333,8.66794586181641
19.86375,8.06283950805664
19.8704166666667,7.54404067993164
19.8770833333333,7.09676742553711
19.88375,6.70909881591797
19.8904166666667,6.37245178222656
19.8970833333333,6.07967376708984
19.90375,5.82408905029297
19.9104166666667,5.5999755859375
19.9170833333333,5.40304183959961
19.92375,5.23042678833008
19.9304166666667,5.07926940917969
19.9370833333333,4.94527816772461
19.94375,4.82702255249023
19.9504166666667,4.72307205200195
19.9570833333333,4.63294982910156
19.96375,4.55522537231445
19.9704166666667,4.48846817016602
19.9770833333333,4.43267822265625
19.98375,4.38690185546875
19.9904166666667,4.35066223144531
19.9970833333333,4.32348251342773
20.00375,4.30631637573242
20.0104166666667,4.29773330688477
20.0170833333333,4.29821014404297
20.02375,4.30631637573242
20.0304166666667,4.32252883911133
20.0370833333333,4.34589385986328
20.04375,4.37641143798828
20.0504166666667,4.41455841064453
20.0570833333333,4.45890426635742
20.06375,4.51040267944336
20.0704166666667,4.56809997558594
20.0770833333333,4.63199615478516
20.08375,4.70066070556641
20.0904166666667,4.77313995361328
20.0970833333333,4.84895706176758
20.10375,4.9281120300293
20.1104166666667,5.01060485839844
20.1170833333333,5.09309768676758
20.12375,5.17511367797852
20.1304166666667,5.25569915771484
20.1370833333333,5.33390045166016
20.14375,5.40828704833984
20.1504166666667,5.47885894775391
20.1570833333333,5.54466247558594
20.16375,5.60474395751953
20.1704166666667,5.65862655639648
20.1770833333333,5.70535659790039
20.18375,5.74302673339844
20.1904166666667,5.77020645141602
20.1970833333333,5.78641891479492
20.20375,5.79118728637695
20.2104166666667,5.78498840332031
20.2170833333333,5.7673454284668
20.22375,5.73873519897461
20.2304166666667,5.69915771484375
20.2370833333333,5.64956665039063
20.24375,5.58948516845703
20.2504166666667,5.51939010620117
20.2570833333333,5.44071197509766
20.26375,5.35345077514648
20.2704166666667,5.25808334350586
20.2770833333333,5.15604019165039
20.28375,5.04827499389648
20.2904166666667,4.93621826171875
20.2970833333333,4.82034683227539
20.30375,4.70066070556641
20.3104166666667,4.58002090454102
20.3170833333333,4.45795059204102
20.32375,4.33683395385742
20.3304166666667,4.21571731567383
20.3370833333333,4.09698486328125
20.34375,3.98159027099609
20.3504166666667,3.87001037597656
20.3570833333333,3.76272201538086
20.36375,3.65924835205078
20.3704166666667,3.56149673461914
20.3770833333333,3.47042083740234
20.38375,3.38602066040039
20.3904166666667,3.30781936645508
20.3970833333333,3.23724746704102
20.40375,3.17573547363281
20.4104166666667,3.12089920043945
20.4170833333333,3.07273864746094
20.42375,3.03125381469727
20.4304166666667,2.99739837646484
20.4370833333333,2.97069549560547
20.44375,2.95162200927734
20.4504166666667,2.94065475463867
20.4570833333333,2.93827056884766
20.46375,2.94399261474609
20.4704166666667,2.95782089233398
20.4770833333333,2.97784805297852
20.48375,3.00502777099609
20.4904166666667,3.03936004638672
20.4970833333333,3.082275390625
20.50375,3.13377380371094
20.5104166666667,3.19433212280273
20.5170833333333,3.26347351074219
20.52375,3.33976745605469
20.5304166666667,3.42178344726563
20.5370833333333,3.509521484375
20.54375,3.60393524169922
20.5504166666667,3.70502471923828
20.5570833333333,3.81278991699219
20.56375,3.92770767211914
20.5704166666667,4.04882431030273
20.5770833333333,4.17613983154297
20.58375,4.30774688720703
20.5904166666667,4.44173812866211
20.5970833333333,4.57859039306641
20.60375,4.71735000610352
20.6104166666667,4.85801696777344
20.6170833333333,5.00011444091797
20.62375,5.1417350769043
20.6304166666667,5.28240203857422
20.6370833333333,5.42163848876953
20.64375,5.55849075317383
20.6504166666667,5.69295883178711
20.6570833333333,5.82265853881836
20.66375,5.94711303710938
20.6704166666667,6.06584548950195
20.6770833333333,6.17790222167969
20.68375,6.28185272216797
20.6904166666667,6.37722015380859
20.6970833333333,6.46352767944336
20.70375,6.54172897338867
20.7104166666667,6.61230087280273
20.7170833333333,6.67428970336914
20.72375,6.72769546508789
20.7304166666667,6.77299499511719
20.7370833333333,6.80875778198242
20.74375,6.83498382568359
20.7504166666667,6.85214996337891
20.7570833333333,6.85882568359375
20.76375,6.85691833496094
20.7704166666667,6.84738159179688
20.7770833333333,6.83116912841797
20.78375,6.80828094482422
20.7904166666667,6.77728652954102
20.7970833333333,6.73961639404297
20.80375,6.69479370117188
20.8104166666667,6.64281845092773
20.8170833333333,6.58369064331055
20.82375,6.51788711547852
20.8304166666667,6.44683837890625
20.8370833333333,6.37149810791016
20.84375,6.29186630249023
20.8504166666667,6.20841979980469
20.8570833333333,6.12163543701172
20.86375,6.03103637695313
20.8704166666667,5.93709945678711
20.8770833333333,5.83934783935547
20.88375,5.7377815246582
20.8904166666667,5.63287734985352
20.8970833333333,5.52511215209961
20.90375,5.41448593139648
20.9104166666667,5.30099868774414
20.9170833333333,5.18512725830078
20.92375,5.06687164306641
20.9304166666667,4.94623184204102
20.9370833333333,4.82368469238281
20.94375,4.7001838684082
20.9504166666667,4.57572937011719
20.9570833333333,4.45079803466797
20.96375,4.32586669921875
20.9704166666667,4.20093536376953
20.9770833333333,4.07552719116211
20.98375,3.9515495300293
20.9904166666667,3.82900238037109
20.9970833333333,3.70883941650391
21.00375,3.59058380126953
21.0104166666667,3.47566604614258
21.0170833333333,3.36360931396484
21.02375,3.25393676757813
21.0304166666667,3.14807891845703
21.0370833333333,3.04746627807617
21.04375,2.95162200927734
21.0504166666667,2.85959243774414
21.0570833333333,2.77185440063477
21.06375,2.69031524658203
21.0704166666667,2.61402130126953
21.0770833333333,2.54249572753906
21.08375,2.47621536254883
21.0904166666667,2.41565704345703
21.0970833333333,2.36129760742188
21.10375,2.31122970581055
21.1104166666667,2.26497650146484
21.1170833333333,2.22206115722656
21.12375,2.18296051025391
21.1304166666667,2.14767456054688
21.1370833333333,2.11668014526367
21.14375,2.0899772644043
21.1504166666667,2.06756591796875
21.1570833333333,2.04849243164063
21.16375,2.03275680541992
21.1704166666667,2.02083587646484
21.1770833333333,2.01225280761719
21.18375,2.00605392456055
21.1904166666667,2.00223922729492
21.1970833333333,2.00128555297852
21.20375,2.00366973876953
21.2104166666667,2.00796127319336
21.2170833333333,2.0136833190918
21.22375,2.02083587646484
21.2304166666667,2.0294189453125
21.2370833333333,2.03943252563477
21.24375,2.05039978027344
21.2504166666667,2.06375122070313
21.2570833333333,2.07948684692383
21.26375,2.09808349609375
21.2704166666667,2.11811065673828
21.2770833333333,2.14004516601563
21.28375,2.16388702392578
21.2904166666667,2.18963623046875
21.2970833333333,2.21681594848633
21.30375,2.24447250366211
21.3104166666667,2.27451324462891
21.3170833333333,2.30789184570313
21.32375,2.34413146972656
21.3304166666667,2.38323211669922
21.3370833333333,2.4266242980957
21.34375,2.47335433959961
21.3504166666667,2.52294540405273
21.3570833333333,2.57635116577148
21.36375,2.63309478759766
21.3704166666667,2.69460678100586
21.3770833333333,2.75945663452148
21.38375,2.82812118530273
21.3904166666667,2.90203094482422
21.3970833333333,2.98118591308594
21.40375,3.06463241577148
21.4104166666667,3.15284729003906
21.4170833333333,3.24583053588867
21.42375,3.34358215332031
21.4304166666667,3.44610214233398
21.4370833333333,3.55243682861328
21.44375,3.66306304931641
21.4504166666667,3.77750396728516
21.4570833333333,3.89575958251953
21.46375,4.01687622070313
21.4704166666667,4.14180755615234
21.4770833333333,4.26959991455078
21.48375,4.40120697021484
21.4904166666667,4.53519821166992
21.4970833333333,4.67205047607422
21.50375,4.81176376342773
21.5104166666667,4.95529174804688
21.5170833333333,5.10215759277344
21.52375,5.25236129760742
21.5304166666667,5.40637969970703
21.5370833333333,5.56755065917969
21.54375,5.73587417602539
21.5504166666667,5.91230392456055
21.5570833333333,6.09827041625977
21.56375,6.29520416259766
21.5704166666667,6.50501251220703
21.5770833333333,6.7296028137207
21.58375,6.9727897644043
21.5904166666667,7.23743438720703
21.5970833333333,7.52830505371094
21.60375,7.84873962402344
21.6104166666667,8.20302963256836
21.6170833333333,8.59689712524414
21.62375,9.0336799621582
21.6304166666667,9.51862335205078
21.6370833333333,10.0574493408203
21.64375,10.657787322998
21.6504166666667,11.3253593444824
21.6570833333333,12.0673179626465
21.66375,12.8927230834961
21.6704166666667,13.8101577758789
21.6770833333333,14.8282051086426
21.68375,15.9554481506348
21.6904166666667,17.2009468078613
21.6970833333333,18.5742378234863
21.70375,20.082950592041
21.7104166666667,21.7366218566895
21.7170833333333,23.5428810119629
21.72375,25.5093574523926
21.7304166666667,27.644157409668
21.7370833333333,29.9534797668457
21.74375,32.4430465698242
21.7504166666667,35.1166725158691
21.7570833333333,37.9762649536133
21.76375,41.0242080688477
21.7704166666667,44.2585945129395
21.7770833333333,47.6746559143066
21.78375,51.2642860412598
21.7904166666667,55.0174713134766
21.7970833333333,58.9237213134766
21.80375,62.9673004150391
21.8104166666667,67.1286582946777
21.8170833333333,71.3839530944824
21.82375,75.709342956543
21.8304166666667,80.0776481628418
21.8370833333333,84.4583511352539
21.84375,88.8171195983887
21.8504166666667,93.1191444396973
21.8570833333333,97.3272323608398
21.86375,101.405620574951
21.8704166666667,105.315208435059
21.8770833333333,109.017848968506
21.88375,112.475395202637
21.8904166666667,115.650177001953
21.8970833333333,118.508815765381
21.90375,121.017456054688
21.9104166666667,123.147487640381
21.9170833333333,124.872207641602
21.92375,126.17301940918
21.9304166666667,127.034187316895
21.9370833333333,127.444267272949
21.94375,127.396583557129
21.9504166666667,126.890182495117
21.9570833333333,125.930786132813
21.96375,124.526977539063
21.9704166666667,122.693061828613
21.9770833333333,120.449542999268
21.98375,117.822170257568
21.9904166666667,114.838123321533
21.9970833333333,111.528396606445
22.00375,107.925891876221
22.0104166666667,104.067325592041
22.0170833333333,99.9913215637207
22.02375,95.7369804382324
22.0304166666667,91.3453102111816
22.0370833333333,86.8535041809082
22.04375,82.298755645752
22.0504166666667,77.7182579040527
22.0570833333333,73.148250579834
22.06375,68.6225891113281
22.0704166666667,64.1708374023438
22.0770833333333,59.8206520080566
22.08375,55.595874786377
22.0904166666667,51.5170097351074
22.0970833333333,47.6012229919434
22.10375,43.8613891601563
22.1104166666667,40.3075218200684
22.1170833333333,36.9477272033691
22.12375,33.7891578674316
22.1304166666667,30.8351516723633
22.1370833333333,28.083324432373
22.14375,25.5312919616699
22.1504166666667,23.1766700744629
22.1570833333333,21.0132598876953
22.16375,19.0339088439941
22.1704166666667,17.2300338745117
22.1770833333333,15.5930519104004
22.18375,14.1129493713379
22.1904166666667,12.7792358398438
22.1970833333333,11.5809440612793
22.20375,10.5080604553223
22.2104166666667,9.54961776733398
22.2170833333333,8.69655609130859
22.22375,7.94076919555664
22.2304166666667,7.27224349975586
22.2370833333333,6.68430328369141
22.24375,6.16884231567383
22.2504166666667,5.71918487548828
22.2570833333333,5.32865524291992
22.26375,4.9896240234375
22.2704166666667,4.69636917114258
22.2770833333333,4.44459915161133
22.28375,4.23002243041992
22.2904166666667,4.04834747314453
22.2970833333333,3.89719009399414
22.30375,3.77368927001953
22.3104166666667,3.6773681640625
22.3170833333333,3.60488891601563
22.32375,3.5552978515625
22.3304166666667,3.52811813354492
22.3370833333333,3.52144241333008
22.34375,3.53670120239258
22.3504166666667,3.57151031494141
22.3570833333333,3.62586975097656
22.36375,3.70168685913086
22.3704166666667,3.79753112792969
22.3770833333333,3.91530990600586
22.38375,4.05645370483398
22.3904166666667,4.22334671020508
22.3970833333333,4.41789627075195
22.40375,4.64057922363281
22.4104166666667,4.89425659179688
22.4170833333333,5.18083572387695
22.42375,5.50317764282227
22.4304166666667,5.86414337158203
22.4370833333333,6.26707077026367
22.44375,6.71768188476563
22.4504166666667,7.21979141235352
22.4570833333333,7.77769088745117
22.46375,8.39662551879883
22.4704166666667,9.08184051513672
22.4770833333333,9.83953475952148
22.48375,10.676383972168
22.4904166666667,11.6000175476074
22.4970833333333,12.6185417175293
22.50375,13.7386322021484
22.5104166666667,14.9688720703125
22.5170833333333,16.319751739502
22.52375,17.8012847900391
22.5304166666667,19.4230079650879
22.5370833333333,21.1954116821289
22.54375,23.1304168701172
22.5504166666667,25.240421295166
22.5570833333333,27.5373458862305
22.56375,30.0331115722656
22.5704166666667,32.7401161193848
22.5770833333333,35.6698036193848
22.58375,38.8350486755371
22.5904166666667,42.2468185424805
22.5970833333333,45.9184646606445
22.60375,49.8580932617188
22.6104166666667,54.0733337402344
22.6170833333333,58.5708618164063
22.62375,63.3563995361328
22.6304166666667,68.4332847595215
22.6370833333333,73.8010406494141
22.64375,79.4558525085449
22.6504166666667,85.3943824768066
22.6570833333333,91.6080474853516
22.66375,98.0863571166992
22.6704166666667,104.812622070313
22.6770833333333,111.765384674072
22.68375,118.92032623291
22.6904166666667,126.246929168701
22.6970833333333,133.713245391846
22.70375,141.281127929688
22.7104166666667,148.90718460083
22.7170833333333,156.544208526611
22.72375,164.142608642578
22.7304166666667,171.652793884277
22.7370833333333,179.02135848999
22.74375,186.191082000732
22.7504166666667,193.105220794678
22.7570833333333,199.706077575684
22.76375,205.93786239624
22.7704166666667,211.745262145996
22.7770833333333,217.073440551758
22.78375,221.871376037598
22.7904166666667,226.090908050537
22.7970833333333,229.691028594971
22.80375,232.634544372559
22.8104166666667,234.888553619385
22.8170833333333,236.428737640381
22.82375,237.235546112061
22.8304166666667,237.299919128418
22.8370833333333,236.616134643555
22.84375,235.187530517578
22.8504166666667,233.025550842285
22.8570833333333,230.147838592529
22.86375,226.581573486328
22.8704166666667,222.358226776123
22.8770833333333,217.51594543457
22.88375,212.100982666016
22.8904166666667,206.162929534912
22.8970833333333,199.75471496582
22.90375,192.931175231934
22.9104166666667,185.750484466553
22.9170833333333,178.27320098877
22.92375,170.560359954834
22.9304166666667,162.671089172363
22.9370833333333,154.664039611816
22.94375,146.595001220703
22.9504166666667,138.518810272217
22.9570833333333,130.490303039551
22.96375,122.557163238525
22.9704166666667,114.764213562012
22.9770833333333,107.149600982666
22.98375,99.7500419616699
22.9904166666667,92.5965309143066
22.9970833333333,85.7162475585938
23.00375,79.1306495666504
23.0104166666667,72.8554725646973
23.0170833333333,66.9031143188477
23.02375,61.2831115722656
23.0304166666667,56.0011863708496
23.0370833333333,51.058292388916
23.04375,46.450138092041
23.0504166666667,42.1710014343262
23.0570833333333,38.2122993469238
23.06375,34.5659255981445
23.0704166666667,31.219482421875
23.0770833333333,28.1586647033691
23.08375,25.3677368164063
23.0904166666667,22.8323936462402
23.0970833333333,20.5378532409668
23.10375,18.4683799743652
23.1104166666667,16.606330871582
23.1170833333333,14.9354934692383
23.12375,13.4410858154297
23.1304166666667,12.1073722839355
23.1370833333333,10.920524597168
23.14375,9.86623764038086
23.1504166666667,8.93163681030273
23.1570833333333,8.10623168945313
23.16375,7.37905502319336
23.1704166666667,6.73866271972656
23.1770833333333,6.17504119873047
23.18375,5.68056106567383
23.1904166666667,5.24616241455078
23.1970833333333,4.86373901367188
23.20375,4.52756881713867
23.2104166666667,4.23240661621094
23.2170833333333,3.97491455078125
23.22375,3.74889373779297
23.2304166666667,3.55005264282227
23.2370833333333,3.37648391723633
23.24375,3.22532653808594
23.2504166666667,3.09324264526367
23.2570833333333,2.97975540161133
23.26375,2.88200378417969
23.2704166666667,2.79903411865234
23.2770833333333,2.72798538208008
23.28375,2.66742706298828
23.2904166666667,2.61735916137695
23.2970833333333,2.57539749145508
23.30375,2.54058837890625
23.3104166666667,2.51293182373047
23.3170833333333,2.49195098876953
23.32375,2.47907638549805
23.3304166666667,2.471923828125
23.3370833333333,2.4714469909668
23.34375,2.47669219970703
23.3504166666667,2.4876594543457
23.3570833333333,2.50482559204102
23.36375,2.52771377563477
23.3704166666667,2.55632400512695
23.3770833333333,2.58970260620117
23.38375,2.62784957885742
23.3904166666667,2.6702880859375
23.3970833333333,2.71701812744141
23.40375,2.76756286621094
23.4104166666667,2.82144546508789
23.4170833333333,2.87914276123047
23.42375,2.94208526611328
23.4304166666667,3.01027297973633
23.4370833333333,3.0827522277832
23.44375,3.1590461730957
23.4504166666667,3.23820114135742
23.4570833333333,3.32069396972656
23.46375,3.40604782104492
23.4704166666667,3.4942626953125
23.4770833333333,3.5858154296875
23.48375,3.67975234985352
23.4904166666667,3.77607345581055
23.4970833333333,3.87382507324219
23.50375,3.97348403930664
23.5104166666667,4.07314300537109
23.5170833333333,4.17232513427734
23.52375,4.27055358886719
23.5304166666667,4.36687469482422
23.5370833333333,4.46176528930664
23.54375,4.55379486083984
23.5504166666667,4.64391708374023
23.5570833333333,4.73213195800781
23.56375,4.81748580932617
23.5704166666667,4.89997863769531
23.5770833333333,4.97913360595703
23.58375,5.05447387695313
23.5904166666667,5.12313842773438
23.5970833333333,5.18512725830078
23.60375,5.24091720581055
23.6104166666667,5.28907775878906
23.6170833333333,5.32770156860352
23.62375,5.35726547241211
23.6304166666667,5.37824630737305
23.6370833333333,5.39064407348633
23.64375,5.39445877075195
23.6504166666667,5.39064407348633
23.6570833333333,5.37824630737305
23.66375,5.35726547241211
23.6704166666667,5.32722473144531
23.6770833333333,5.28812408447266
23.68375,5.23996353149414
23.6904166666667,5.18226623535156
23.6970833333333,5.11741638183594
23.70375,5.04589080810547
23.7104166666667,4.97007369995117
23.7170833333333,4.88853454589844
23.72375,4.80175018310547
23.7304166666667,4.70972061157227
23.7370833333333,4.61339950561523
23.74375,4.51374053955078
23.7504166666667,4.41074371337891
23.7570833333333,4.30488586425781
23.76375,4.19712066650391
23.7704166666667,4.08792495727539
23.7770833333333,3.97872924804688
23.78375,3.86857986450195
23.7904166666667,3.75890731811523
23.7970833333333,3.65066528320313
23.80375,3.54671478271484
23.8104166666667,3.44610214233398
23.8170833333333,3.34930419921875
23.82375,3.25584411621094
23.8304166666667,3.16619873046875
23.8370833333333,3.07989120483398
23.84375,2.99739837646484
23.8504166666667,2.91872024536133
23.8570833333333,2.84433364868164
23.86375,2.77519226074219
23.8704166666667,2.71129608154297
23.8770833333333,2.65169143676758
23.88375,2.59590148925781
23.8904166666667,2.54392623901367
23.8970833333333,2.49671936035156
23.90375,2.45380401611328
23.9104166666667,2.41422653198242
23.9170833333333,2.37751007080078
23.92375,2.34603881835938
23.9304166666667,2.3188591003418
23.9370833333333,2.29597091674805
23.94375,2.27642059326172
23.9504166666667,2.26116180419922
23.9570833333333,2.25067138671875
23.96375,2.2430419921875
23.9704166666667,2.23827362060547
23.9770833333333,2.23493576049805
23.98375,2.23445892333984
23.9904166666667,2.23588943481445
23.9970833333333,2.23922729492188
24.00375,2.24399566650391
24.0104166666667,2.25019454956055
24.0170833333333,2.25830078125
24.02375,2.26831436157227
24.0304166666667,2.27975845336914
24.0370833333333,2.29215621948242
24.04375,2.30598449707031
24.0504166666667,2.32076644897461
24.0570833333333,2.33697891235352
24.06375,2.35319137573242
24.0704166666667,2.36845016479492
24.0770833333333,2.38275527954102
24.08375,2.39706039428711
24.0904166666667,2.41184234619141
24.0970833333333,2.42519378662109
24.10375,2.43806838989258
24.1104166666667,2.45094299316406
24.1170833333333,2.46381759643555
24.12375,2.47669219970703
24.1304166666667,2.48861312866211
24.1370833333333,2.50101089477539
24.14375,2.51340866088867
24.1504166666667,2.52580642700195
24.1570833333333,2.53772735595703
24.16375,2.5486946105957
24.1704166666667,2.55823135375977
24.1770833333333,2.56681442260742
24.18375,2.57444381713867
24.1904166666667,2.58159637451172
24.1970833333333,2.58827209472656
24.20375,2.5944709777832
24.2104166666667,2.60066986083984
24.2170833333333,2.60639190673828
24.22375,2.61116027832031
24.2304166666667,2.61592864990234
24.2370833333333,2.61974334716797
24.24375,2.62308120727539
24.2504166666667,2.62689590454102
24.2570833333333,2.63118743896484
24.26375,2.63595581054688
24.2704166666667,2.64120101928711
24.2770833333333,2.64739990234375
24.28375,2.6545524597168
24.2904166666667,2.66265869140625
24.2970833333333,2.67171859741211
24.30375,2.68173217773438
24.3104166666667,2.69365310668945
24.3170833333333,2.70748138427734
24.32375,2.72321701049805
24.3304166666667,2.74085998535156
24.3370833333333,2.75993347167969
24.34375,2.78234481811523
24.3504166666667,2.8080940246582
24.3570833333333,2.83718109130859
24.36375,2.86960601806641
24.3704166666667,2.90679931640625
24.3770833333333,2.94971466064453
24.38375,2.99787521362305
24.3904166666667,3.05080413818359
24.3970833333333,3.10897827148438
24.40375,3.1743049621582
24.4104166666667,3.24583053588867
24.4170833333333,3.32450866699219
24.42375,3.40986251831055
24.4304166666667,3.50332260131836
24.4370833333333,3.60488891601563
24.44375,3.71265411376953
24.4504166666667,3.82661819458008
24.4570833333333,3.94630432128906
24.46375,4.07266616821289
24.4704166666667,4.20522689819336
24.4770833333333,4.34398651123047
24.48375,4.48799133300781
24.4904166666667,4.63771820068359
24.4970833333333,4.79364395141602
24.50375,4.95529174804688
24.5104166666667,5.12218475341797
24.5170833333333,5.29336929321289
24.52375,5.46741485595703
24.5304166666667,5.64384460449219
24.5370833333333,5.82122802734375
24.54375,5.99765777587891
24.5504166666667,6.17361068725586
24.5570833333333,6.34908676147461
24.56375,6.52360916137695
24.5704166666667,6.69765472412109
24.5770833333333,6.86931610107422
24.58375,7.03859329223633
24.5904166666667,7.20453262329102
24.5970833333333,7.36665725708008
24.60375,7.52353668212891
24.6104166666667,7.67660140991211
24.6170833333333,7.82632827758789
24.62375,7.97128677368164
24.6304166666667,8.11147689819336
24.6370833333333,8.24642181396484
24.64375,8.3770751953125
24.6504166666667,8.50105285644531
24.6570833333333,8.61978530883789
24.66375,8.73327255249023
24.6704166666667,8.84151458740234
24.6770833333333,8.94355773925781
24.68375,9.03987884521484
24.6904166666667,9.13047790527344
24.6970833333333,9.2158317565918
24.70375,9.2926025390625
24.7104166666667,9.36174392700195
24.7170833333333,9.42468643188477
24.72375,9.48047637939453
24.7304166666667,9.52720642089844
24.7370833333333,9.56439971923828
24.74375,9.59205627441406
24.7504166666667,9.61065292358398
24.7570833333333,9.61971282958984
24.76375,9.61780548095703
24.7704166666667,9.60445404052734
24.7770833333333,9.57918167114258
24.78375,9.54246520996094
24.7904166666667,9.49335098266602
24.7970833333333,9.43088531494141
24.80375,9.35554504394531
24.8104166666667,9.26733016967773
24.8170833333333,9.16719436645508
24.82375,9.05561447143555
24.8304166666667,8.93259048461914
24.8370833333333,8.79812240600586
24.84375,8.65268707275391
24.8504166666667,8.49819183349609
24.8570833333333,8.33463668823242
24.86375,8.1629753112793
24.8704166666667,7.98273086547852
24.8770833333333,7.79581069946289
24.88375,7.60412216186523
24.8904166666667,7.40718841552734
24.8970833333333,7.20691680908203
24.90375,7.0042610168457
24.9104166666667,6.79969787597656
24.9170833333333,6.59418106079102
24.92375,6.38866424560547
24.9304166666667,6.18410110473633
24.9370833333333,5.9809684753418
24.94375,5.78069686889648
24.9504166666667,5.584716796875
24.9570833333333,5.39302825927734
24.96375,5.20563125610352
24.9704166666667,5.02300262451172
24.9770833333333,4.84657287597656
24.98375,4.67681884765625
24.9904166666667,4.51326370239258
24.9970833333333,4.35638427734375
25.00375,4.20808792114258
25.0104166666667,4.06742095947266
25.0170833333333,3.93486022949219
25.02375,3.80945205688477
25.0304166666667,3.69167327880859
25.0370833333333,3.58200073242188
25.04375,3.47995758056641
25.0504166666667,3.38411331176758
25.0570833333333,3.2958984375
25.06375,3.21578979492188
25.0704166666667,3.1437873840332
25.0770833333333,3.07846069335938
25.08375,3.02028656005859
25.0904166666667,2.96783447265625
25.0970833333333,2.92015075683594
25.10375,2.87675857543945
25.1104166666667,2.83670425415039
25.1170833333333,2.80094146728516
25.12375,2.76899337768555
25.1304166666667,2.74181365966797
25.1370833333333,2.71940231323242
25.14375,2.7003288269043
25.1504166666667,2.6850700378418
25.1570833333333,2.67219543457031
25.16375,2.66265869140625
25.1704166666667,2.65645980834961
25.1770833333333,2.65264511108398
25.18375,2.65121459960938
25.1904166666667,2.65264511108398
25.1970833333333,2.6555061340332
25.20375,2.65932083129883
25.2104166666667,2.66361236572266
25.2170833333333,2.66885757446289
25.22375,2.67457962036133
25.2304166666667,2.68173217773438
25.2370833333333,2.68936157226563
25.24375,2.69794464111328
25.2504166666667,2.70700454711914
25.2570833333333,2.71701812744141
25.26375,2.72893905639648
25.2704166666667,2.74276733398438
25.2770833333333,2.75754928588867
25.28375,2.77280807495117
25.2904166666667,2.78902053833008
25.2970833333333,2.80666351318359
25.30375,2.82526016235352
25.3104166666667,2.84385681152344
25.3170833333333,2.86483764648438
25.32375,2.88724899291992
25.3304166666667,2.91109085083008
25.3370833333333,2.93684005737305
25.34375,2.96449661254883
25.3504166666667,2.99310684204102
25.3570833333333,3.02267074584961
25.36375,3.05414199829102
25.3704166666667,3.08847427368164
25.3770833333333,3.12471389770508
25.38375,3.16286087036133
25.3904166666667,3.20291519165039
25.3970833333333,3.24440002441406
25.40375,3.28779220581055
25.4104166666667,3.33213806152344
25.4170833333333,3.37791442871094
25.42375,3.42559814453125
25.4304166666667,3.47423553466797
25.4370833333333,3.52382659912109
25.44375,3.57437133789063
25.4504166666667,3.62491607666016
25.4570833333333,3.67403030395508
25.46375,3.72171401977539
25.4704166666667,3.76796722412109
25.4770833333333,3.81326675415039
25.48375,3.85761260986328
25.4904166666667,3.90005111694336
25.4970833333333,3.94105911254883
25.50375,3.98111343383789
25.5104166666667,4.01926040649414
25.5170833333333,4.05597686767578
25.52375,4.0898323059082
25.5304166666667,4.119873046875
25.5370833333333,4.14657592773438
25.54375,4.16994094848633
25.5504166666667,4.18949127197266
25.5570833333333,4.20522689819336
25.56375,4.21857833862305
25.5704166666667,4.22906875610352
25.5770833333333,4.23717498779297
25.58375,4.241943359375
25.5904166666667,4.24480438232422
25.5970833333333,4.24575805664063
25.60375,4.24575805664063
25.6104166666667,4.24385070800781
25.6170833333333,4.24098968505859
25.62375,4.23765182495117
25.6304166666667,4.23336029052734
25.6370833333333,4.22811508178711
25.64375,4.22286987304688
25.6504166666667,4.21762466430664
25.6570833333333,4.21285629272461
25.66375,4.20904159545898
25.6704166666667,4.20618057250977
25.6770833333333,4.20475006103516
25.68375,4.20522689819336
25.6904166666667,4.20618057250977
25.6970833333333,4.20808792114258
25.70375,4.21047210693359
25.7104166666667,4.21380996704102
25.7170833333333,4.21810150146484
25.72375,4.22239303588867
25.7304166666667,4.22763824462891
25.7370833333333,4.23383712768555
25.74375,4.24098968505859
25.7504166666667,4.24766540527344
25.7570833333333,4.25386428833008
25.76375,4.26054000854492
25.7704166666667,4.26721572875977
25.7770833333333,4.27341461181641
25.78375,4.28009033203125
25.7904166666667,4.2877197265625
25.7970833333333,4.29534912109375
25.80375,4.3025016784668
25.8104166666667,4.30822372436523
25.8170833333333,4.31442260742188
25.82375,4.31919097900391
25.8304166666667,4.32205200195313
25.8370833333333,4.32491302490234
25.84375,4.32729721069336
25.8504166666667,4.32968139648438
25.8570833333333,4.33206558227539
25.86375,4.33540344238281
25.8704166666667,4.34064865112305
25.8770833333333,4.34780120849609
25.88375,4.35686111450195
25.8904166666667,4.36830520629883
25.8970833333333,4.38308715820313
25.90375,4.40168380737305
25.9104166666667,4.4245719909668
25.9170833333333,4.45079803466797
25.92375,4.48083877563477
25.9304166666667,4.5161247253418
25.9370833333333,4.55760955810547
25.94375,4.60529327392578
25.9504166666667,4.66012954711914
25.9570833333333,4.72307205200195
25.96375,4.79555130004883
25.9704166666667,4.87804412841797
25.9770833333333,4.96864318847656
25.98375,5.06830215454102
25.9904166666667,5.17797470092773
25.9970833333333,5.29813766479492
26.00375,5.42831420898438
26.0104166666667,5.5694580078125
26.0170833333333,5.72109222412109
26.02375,5.88369369506836
26.0304166666667,6.05678558349609
26.0370833333333,6.23893737792969
26.04375,6.43014907836914
26.0504166666667,6.63042068481445
26.0570833333333,6.83784484863281
26.06375,7.05194473266602
26.0704166666667,7.26985931396484
26.0770833333333,7.49111175537109
26.08375,7.71427154541016
26.0904166666667,7.93600082397461
26.0970833333333,8.15486907958984
26.10375,8.36944580078125
26.1104166666667,8.57925415039063
26.1170833333333,8.78047943115234
26.12375,8.97216796875
26.1304166666667,9.15145874023438
26.1370833333333,9.31739807128906
26.14375,9.46617126464844
26.1504166666667,9.59634780883789
26.1570833333333,9.70697402954102
26.16375,9.79804992675781
26.1704166666667,9.86909866333008
26.1770833333333,9.91964340209961
26.18375,9.95063781738281
26.1904166666667,9.96160507202148
26.1970833333333,9.95254516601563
26.20375,9.92345809936523
26.2104166666667,9.87577438354492
26.2170833333333,9.8114013671875
26.22375,9.73176956176758
26.2304166666667,9.63878631591797
26.2370833333333,9.53388214111328
26.24375,9.41896438598633
26.2504166666667,9.29546356201172
26.2570833333333,9.16576385498047
26.26375,9.03081893920898
26.2704166666667,8.89158248901367
26.2770833333333,8.74996185302734
26.28375,8.6064338684082
26.2904166666667,8.46338272094727
26.2970833333333,8.32080841064453
26.30375,8.17966461181641
26.3104166666667,8.03995132446289
26.3170833333333,7.90262222290039
26.32375,7.7672004699707
26.3304166666667,7.63368606567383
26.3370833333333,7.50160217285156
26.34375,7.37190246582031
26.3504166666667,7.24506378173828
26.3570833333333,7.12108612060547
26.36375,6.99853897094727
26.3704166666667,6.87789916992188
26.3770833333333,6.75868988037109
26.38375,6.64091110229492
26.3904166666667,6.52503967285156
26.3970833333333,6.41012191772461
26.40375,6.29711151123047
26.4104166666667,6.18696212768555
26.4170833333333,6.08015060424805
26.42375,5.97667694091797
26.4304166666667,5.87844848632813
26.4370833333333,5.78594207763672
26.44375,5.69963455200195
26.4504166666667,5.61857223510742
26.4570833333333,5.54370880126953
26.46375,5.47361373901367
26.4704166666667,5.40876388549805
26.4770833333333,5.34963607788086
26.48375,5.29623031616211
26.4904166666667,5.2490234375
26.4970833333333,5.20801544189453
26.50375,5.1732063293457
26.5104166666667,5.14364242553711
26.5170833333333,5.11980056762695
26.52375,5.10120391845703
26.5304166666667,5.08737564086914
26.5370833333333,5.07783889770508
26.54375,5.07259368896484
26.5504166666667,5.07068634033203
26.5570833333333,5.07211685180664
26.56375,5.07545471191406
26.5704166666667,5.08213043212891
26.5770833333333,5.09119033813477
26.58375,5.10120391845703
26.5904166666667,5.11264801025391
26.5970833333333,5.12409210205078
26.60375,5.13601303100586
26.6104166666667,5.14793395996094
26.6170833333333,5.15937805175781
26.62375,5.16939163208008
26.6304166666667,5.17892837524414
26.6370833333333,5.18703460693359
26.64375,5.19418716430664
26.6504166666667,5.19943237304688
26.6570833333333,5.2027702331543
26.66375,5.20515441894531
26.6704166666667,5.20610809326172
26.6770833333333,5.20610809326172
26.68375,5.20563125610352
26.6904166666667,5.20420074462891
26.6970833333333,5.20181655883789
26.70375,5.19847869873047
26.7104166666667,5.19466400146484
26.7170833333333,5.18989562988281
26.72375,5.18512725830078
26.7304166666667,5.17988204956055
26.7370833333333,5.17463684082031
26.74375,5.17034530639648
26.7504166666667,5.16700744628906
26.7570833333333,5.16319274902344
26.76375,5.15937805175781
26.7704166666667,5.15651702880859
26.7770833333333,5.15413284301758
26.78375,5.15174865722656
26.7904166666667,5.14888763427734
26.7970833333333,5.14745712280273
26.80375,5.14698028564453
26.8104166666667,5.14698028564453
26.8170833333333,5.14745712280273
26.82375,5.14888763427734
26.8304166666667,5.15222549438477
26.8370833333333,5.15556335449219
26.84375,5.15937805175781
26.8504166666667,5.16319274902344
26.8570833333333,5.16843795776367
26.86375,5.17416000366211
26.8704166666667,5.18131256103516
26.8770833333333,5.19084930419922
26.88375,5.2032470703125
26.8904166666667,5.21755218505859
26.8970833333333,5.2342414855957
26.90375,5.25474548339844
26.9104166666667,5.27858734130859
26.9170833333333,5.30529022216797
26.92375,5.33485412597656
26.9304166666667,5.37014007568359
26.9370833333333,5.41257858276367
26.94375,5.46026229858398
26.9504166666667,5.51319122314453
26.9570833333333,5.57184219360352
26.96375,5.63621520996094
26.9704166666667,5.70583343505859
26.9770833333333,5.78022003173828
26.98375,5.859375
26.9904166666667,5.94329833984375
26.9970833333333,6.03199005126953
27.00375,6.12401962280273
27.0104166666667,6.21700286865234
27.0170833333333,6.30998611450195
27.02375,6.40201568603516
27.0304166666667,6.49309158325195
27.0370833333333,6.58178329467773
27.04375,6.66666030883789
27.0504166666667,6.74629211425781
27.0570833333333,6.81924819946289
27.06375,6.88552856445313
27.0704166666667,6.94417953491211
27.0770833333333,6.99377059936523
27.08375,7.0338249206543
27.0904166666667,7.0643424987793
27.0970833333333,7.08436965942383
27.10375,7.09295272827148
27.1104166666667,7.08913803100586
27.1170833333333,7.07340240478516
27.12375,7.04717636108398
27.1304166666667,7.01141357421875
27.1370833333333,6.96516036987305
27.14375,6.90889358520508
27.1504166666667,6.84404373168945
27.1570833333333,6.77251815795898
27.16375,6.69431686401367
27.1704166666667,6.60896301269531
27.1770833333333,6.51836395263672
27.18375,6.4239501953125
27.1904166666667,6.32667541503906
27.1970833333333,6.2260627746582
27.20375,6.12449645996094
27.2104166666667,6.02293014526367
27.2170833333333,5.92231750488281
27.22375,5.82361221313477
27.2304166666667,5.72824478149414
27.2370833333333,5.63764572143555
27.24375,5.55133819580078
27.2504166666667,5.46979904174805
27.2570833333333,5.39302825927734
27.26375,5.32150268554688
27.2704166666667,5.25331497192383
27.2770833333333,5.1884651184082
27.28375,5.12838363647461
27.2904166666667,5.07307052612305
27.2970833333333,5.02300262451172
27.30375,4.98008728027344
27.3104166666667,4.9433708190918
27.3170833333333,4.91237640380859
27.32375,4.88519668579102
27.3304166666667,4.86278533935547
27.3370833333333,4.84371185302734
27.34375,4.82749938964844
27.3504166666667,4.81319427490234
27.3570833333333,4.80175018310547
27.36375,4.79459762573242
27.3704166666667,4.79030609130859
27.3770833333333,4.78839874267578
27.38375,4.78839874267578
27.3904166666667,4.78982925415039
27.3970833333333,4.79221343994141
27.40375,4.79507446289063
27.4104166666667,4.79841232299805
27.4170833333333,4.80222702026367
27.42375,4.8065185546875
27.4304166666667,4.81081008911133
27.4370833333333,4.81510162353516
27.44375,4.81796264648438
27.4504166666667,4.81986999511719
27.4570833333333,4.82082366943359
27.46375,4.8213005065918
27.4704166666667,4.8213005065918
27.4770833333333,4.82082366943359
27.48375,4.8213005065918
27.4904166666667,4.82273101806641
27.4970833333333,4.82606887817383
27.50375,4.83083724975586
27.5104166666667,4.83846664428711
27.5170833333333,4.84800338745117
27.52375,4.85897064208984
27.5304166666667,4.87232208251953
27.5370833333333,4.88805770874023
27.54375,4.90617752075195
27.5504166666667,4.92668151855469
27.5570833333333,4.95004653930664
27.56375,4.97627258300781
27.5704166666667,5.0048828125
27.5770833333333,5.0358772277832
27.58375,5.06830215454102
27.5904166666667,5.10358810424805
27.5970833333333,5.14125823974609
27.60375,5.18035888671875
27.6104166666667,5.22089004516602
27.6170833333333,5.26237487792969
27.62375,5.30433654785156
27.6304166666667,5.34582138061523
27.6370833333333,5.38825988769531
27.64375,5.43117523193359
27.6504166666667,5.47409057617188
27.6570833333333,5.51509857177734
27.66375,5.55515289306641
27.6704166666667,5.59473037719727
27.6770833333333,5.63287734985352
27.68375,5.66959381103516
27.6904166666667,5.70535659790039
27.6970833333333,5.74207305908203
27.70375,5.77926635742188
27.7104166666667,5.81693649291992
27.7170833333333,5.85460662841797
27.72375,5.89275360107422
27.7304166666667,5.93090057373047
27.7370833333333,5.96952438354492
27.74375,6.00814819335938
27.7504166666667,6.04772567749023
27.7570833333333,6.08730316162109
27.76375,6.12688064575195
27.7704166666667,6.16741180419922
27.7770833333333,6.20841979980469
27.78375,6.24942779541016
27.7904166666667,6.28948211669922
27.7970833333333,6.33001327514648
27.80375,6.37006759643555
27.8104166666667,6.40869140625
27.8170833333333,6.44588470458984
27.82375,6.48117065429688
27.8304166666667,6.5155029296875
27.8370833333333,6.54888153076172
27.84375,6.58082962036133
27.8504166666667,6.61373138427734
27.8570833333333,6.64663314819336
27.86375,6.67953491210938
27.8704166666667,6.71195983886719
27.8770833333333,6.74581527709961
27.88375,6.78110122680664
27.8904166666667,6.81829452514648
27.8970833333333,6.85787200927734
27.90375,6.90269470214844
27.9104166666667,6.95228576660156
27.9170833333333,7.00712203979492
27.92375,7.06768035888672
27.9304166666667,7.13539123535156
27.9370833333333,7.21168518066406
27.94375,7.29799270629883
27.9504166666667,7.39526748657227
27.9570833333333,7.50446319580078
27.96375,7.62557983398438
27.9704166666667,7.75861740112305
27.9770833333333,7.9035758972168
27.98375,8.05997848510742
27.9904166666667,8.22687149047852
27.9970833333333,8.40425491333008
28.00375,8.59165191650391
28.0104166666667,8.7895393371582
28.0170833333333,8.99600982666016
28.02375,9.21010971069336
28.0304166666667,9.42897796630859
28.0370833333333,9.65166091918945
28.04375,9.87577438354492
28.0504166666667,10.0979804992676
28.0570833333333,10.31494140625
28.06375,10.523796081543
28.0704166666667,10.7235908508301
28.0770833333333,10.9138488769531
28.08375,11.0921859741211
28.0904166666667,11.2571716308594
28.0970833333333,11.4092826843262
28.10375,11.5480422973633
28.1104166666667,11.6734504699707
28.1170833333333,11.784553527832
28.12375,11.8813514709473
28.1304166666667,11.9643211364746
28.1370833333333,12.0339393615723
28.14375,12.092113494873
28.1504166666667,12.1383666992188
28.1570833333333,12.1726989746094
28.16375,12.1955871582031
28.1704166666667,12.20703125
28.1770833333333,12.2075080871582
28.18375,12.1965408325195
28.1904166666667,12.1746063232422
28.1970833333333,12.1407508850098
28.20375,12.0954513549805
28.2104166666667,12.0377540588379
28.2170833333333,11.9690895080566
28.22375,11.8889808654785
28.2304166666667,11.7993354797363
28.2370833333333,11.7006301879883
28.24375,11.5952491760254
28.2504166666667,11.4841461181641
28.2570833333333,11.3697052001953
28.26375,11.2543106079102
28.2704166666667,11.1417770385742
28.2770833333333,11.0359191894531
28.28375,10.9386444091797
28.2904166666667,10.8547210693359
28.2970833333333,10.7870101928711
28.30375,10.7388496398926
28.3104166666667,10.7121467590332
28.3170833333333,10.711669921875
28.32375,10.7402801513672
28.3304166666667,10.8013153076172
28.3370833333333,10.8966827392578
28.34375,11.0282897949219
28.3504166666667,11.1970901489258
28.3570833333333,11.4049911499023
28.36375,11.6534233093262
28.3704166666667,11.9438171386719
28.3770833333333,12.2776031494141
28.38375,12.6566886901855
28.3904166666667,13.0825042724609
28.3970833333333,13.5536193847656
28.40375,14.0690803527832
28.4104166666667,14.6265029907227
28.4170833333333,15.2225494384766
28.42375,15.8529281616211
28.4304166666667,16.510009765625
28.4370833333333,17.1871185302734
28.44375,17.8737640380859
28.4504166666667,18.5599327087402
28.4570833333333,19.2317962646484
28.46375,19.8755264282227
28.4704166666667,20.4768180847168
28.4770833333333,21.021842956543
28.48375,21.4982032775879
28.4904166666667,21.8920707702637
28.4970833333333,22.1929550170898
28.50375,22.3908424377441
28.5104166666667,22.4795341491699
28.5170833333333,22.4566459655762
28.52375,22.3212242126465
28.5304166666667,22.0761299133301
28.5370833333333,21.7280387878418
28.54375,21.2855339050293
28.5504166666667,20.7600593566895
28.5570833333333,20.1654434204102
28.56375,19.5150375366211
28.5704166666667,18.8250541687012
28.5770833333333,18.1102752685547
28.58375,17.387866973877
28.5904166666667,16.669750213623
28.5970833333333,15.9683227539063
28.60375,15.2935981750488
28.6104166666667,14.6551132202148
28.6170833333333,14.0590667724609
28.62375,13.5097503662109
28.6304166666667,13.0095481872559
28.6370833333333,12.5594139099121
28.64375,12.1598243713379
28.6504166666667,11.8083953857422
28.6570833333333,11.502742767334
28.66375,11.2390518188477
28.6704166666667,11.0130310058594
28.6770833333333,10.8199119567871
28.68375,10.6558799743652
28.6904166666667,10.5175971984863
28.6970833333333,10.401725769043
28.70375,10.3049278259277
28.7104166666667,10.2252960205078
28.7170833333333,10.1609230041504
28.72375,10.1079940795898
28.7304166666667,10.0646018981934
28.7370833333333,10.0288391113281
28.74375,9.99879837036133
28.7504166666667,9.97352600097656
28.7570833333333,9.95397567749023
28.76375,9.93919372558594
28.7704166666667,9.92918014526367
28.7770833333333,9.92250442504883
28.78375,9.92059707641602
28.7904166666667,9.92250442504883
28.7970833333333,9.92822647094727
28.80375,9.93776321411133
28.8104166666667,9.95111465454102
28.8170833333333,9.96923446655273
28.82375,9.99212265014648
28.8304166666667,10.0193023681641
28.8370833333333,10.0498199462891
28.84375,10.0827217102051
28.8504166666667,10.1184844970703
28.8570833333333,10.1566314697266
28.86375,10.1957321166992
28.8704166666667,10.2367401123047
28.8770833333333,10.279655456543
28.88375,10.3259086608887
28.8904166666667,10.3721618652344
28.8970833333333,10.4174613952637
28.90375,10.4618072509766
28.9104166666667,10.5042457580566
28.9170833333333,10.5423927307129
28.92375,10.5752944946289
28.9304166666667,10.6039047241211
28.9370833333333,10.6282234191895
28.94375,10.6477737426758
28.9504166666667,10.6606483459473
28.9570833333333,10.6682777404785
28.96375,10.6706619262695
28.9704166666667,10.6697082519531
28.9770833333333,10.6644630432129
28.98375,10.6563568115234
28.9904166666667,10.645866394043
28.9970833333333,10.6348991394043
29.00375,10.622501373291
29.0104166666667,10.6091499328613
29.0170833333333,10.5953216552734
29.02375,10.5814933776855
29.0304166666667,10.5671882629395
29.0370833333333,10.5514526367188
29.04375,10.5338096618652
29.0504166666667,10.5147361755371
29.0570833333333,10.4928016662598
29.06375,10.4656219482422
29.0704166666667,10.432243347168
29.0770833333333,10.3921890258789
29.08375,10.3445053100586
29.0904166666667,10.2872848510742
29.0970833333333,10.2195739746094
29.10375,10.1423263549805
29.1104166666667,10.0560188293457
29.1170833333333,9.96017456054688
29.12375,9.85288619995117
29.1304166666667,9.73367691040039
29.1370833333333,9.60493087768555
29.14375,9.46617126464844
29.1504166666667,9.31787490844727
29.1570833333333,9.16147232055664
29.16375,8.99887084960938
29.1704166666667,8.83293151855469
29.1770833333333,8.66460800170898
29.18375,8.49676132202148
29.1904166666667,8.331298828125
29.1970833333333,8.16965103149414
29.20375,8.01324844360352
29.2104166666667,7.86256790161133
29.2170833333333,7.71856307983398
29.22375,7.58171081542969
29.2304166666667,7.45153427124023
29.2370833333333,7.32946395874023
29.24375,7.21645355224609
29.2504166666667,7.11488723754883
29.2570833333333,7.02285766601563
29.26375,6.94084167480469
29.2704166666667,6.86931610107422
29.2770833333333,6.80685043334961
29.28375,6.75392150878906
29.2904166666667,6.71005249023438
29.2970833333333,6.67572021484375
29.30375,6.65187835693359
29.3104166666667,6.63900375366211
29.3170833333333,6.6380500793457
29.32375,6.64854049682617
29.3304166666667,6.67047500610352
29.3370833333333,6.70337677001953
29.34375,6.74867630004883
29.3504166666667,6.80637359619141
29.3570833333333,6.87599182128906
29.36375,6.9575309753418
29.3704166666667,7.05051422119141
29.3770833333333,7.15541839599609
29.38375,7.26985931396484
29.3904166666667,7.39145278930664
29.3970833333333,7.51686096191406
29.40375,7.64369964599609
29.4104166666667,7.76910781860352
29.4170833333333,7.89070129394531
29.42375,8.00800323486328
29.4304166666667,8.11958312988281
29.4370833333333,8.22687149047852
29.44375,8.33034515380859
29.4504166666667,8.43095779418945
29.4570833333333,8.53204727172852
29.46375,8.63838195800781
29.4704166666667,8.75473022460938
29.4770833333333,8.88872146606445
29.48375,9.04750823974609
29.4904166666667,9.23871994018555
29.4970833333333,9.46998596191406
29.50375,9.74845886230469
29.5104166666667,10.0836753845215
29.5170833333333,10.4837417602539
29.52375,10.9572410583496
29.5304166666667,11.5146636962891
29.5370833333333,12.1650695800781
29.54375,12.9184722900391
29.5504166666667,13.7839317321777
29.5570833333333,14.7705078125
29.56375,15.8891677856445
29.5704166666667,17.1480178833008
29.5770833333333,18.557071685791
29.58375,20.1244354248047
29.5904166666667,21.8582153320313
29.5970833333333,23.7646102905273
29.60375,25.848388671875
29.6104166666667,28.1143188476563
29.6170833333333,30.5633544921875
29.62375,33.1921577453613
29.6304166666667,35.9959602355957
29.6370833333333,38.9666557312012
29.64375,42.0928001403809
29.6504166666667,45.356273651123
29.6570833333333,48.7356185913086
29.66375,52.2036552429199
29.6704166666667,55.7303428649902
29.6770833333333,59.2813491821289
29.68375,62.8175735473633
29.6904166666667,66.2975311279297
29.6970833333333,69.6773529052734
29.70375,72.9117393493652
29.7104166666667,75.953483581543
29.7170833333333,78.7568092346191
29.72375,81.2759399414063
29.7304166666667,83.4689140319824
29.7370833333333,85.296630859375
29.74375,86.7276191711426
29.7504166666667,87.7370834350586
29.7570833333333,88.3064270019531
29.76375,88.4218215942383
29.7704166666667,88.078498840332
29.7770833333333,87.2807502746582
29.78375,86.0395431518555
29.7904166666667,84.3729972839355
29.7970833333333,82.3092460632324
29.80375,79.8830986022949
29.8104166666667,77.1331787109375
29.8170833333333,74.103832244873
29.82375,70.8408355712891
29.8304166666667,67.3942565917969
29.8370833333333,63.814640045166
29.84375,60.1530075073242
29.8504166666667,56.4584732055664
29.8570833333333,52.7811050415039
29.86375,49.1671562194824
29.8704166666667,45.6600189208984
29.8770833333333,42.2959327697754
29.88375,39.1073226928711
29.8904166666667,36.1227989196777
29.8970833333333,33.3657264709473
29.90375,30.8542251586914
29.9104166666667,28.6011695861816
29.9170833333333,26.6151428222656
29.92375,24.9009132385254
29.9304166666667,23.4603881835938
29.9370833333333,22.2911834716797
29.94375,21.388053894043
29.9504166666667,20.7409858703613
29.9570833333333,20.3380584716797
29.96375,20.167350769043
29.9704166666667,20.2150344848633
29.9770833333333,20.4644203186035
29.98375,20.897388458252
29.9904166666667,21.4948654174805
29.9970833333333,22.2373008728027
30.00375,23.101806640625
30.0104166666667,24.0654945373535
30.0170833333333,25.1021385192871
30.02375,26.186466217041
30.0304166666667,27.2922515869141
30.0370833333333,28.3932685852051
30.04375,29.4642448425293
30.0504166666667,30.4789543151855
30.0570833333333,31.4130783081055
30.06375,32.2432518005371
30.0704166666667,32.9499244689941
30.0770833333333,33.5135459899902
30.08375,33.9179039001465
30.0904166666667,34.151554107666
30.0970833333333,34.2063903808594
30.10375,34.0795516967773
30.1104166666667,33.7734222412109
30.1170833333333,33.2913398742676
30.12375,32.6428413391113
30.1304166666667,31.8422317504883
30.1370833333333,30.9062004089355
30.14375,29.8542976379395
30.1504166666667,28.7084579467773
30.1570833333333,27.4910926818848
30.16375,26.2260437011719
30.1704166666667,24.937629699707
30.1770833333333,23.6492156982422
30.18375,22.3832130432129
30.1904166666667,21.1596488952637
30.1970833333333,19.9975967407227
30.20375,18.913745880127
30.2104166666667,17.9224014282227
30.2170833333333,17.0354843139648
30.22375,16.2625312805176
30.2304166666667,15.6097412109375
30.2370833333333,15.0814056396484
30.24375,14.678955078125
30.2504166666667,14.401912689209
30.2570833333333,14.2478942871094
30.26375,14.2107009887695
30.2704166666667,14.2827033996582
30.2770833333333,14.4562721252441
30.28375,14.7218704223633
30.2904166666667,15.0675773620605
30.2970833333333,15.4809951782227
30.30375,15.9478187561035
30.3104166666667,16.453742980957
30.3170833333333,16.9849395751953
30.32375,17.5266265869141
30.3304166666667,18.064022064209
30.3370833333333,18.582820892334
30.34375,19.0668106079102
30.3504166666667,19.5035934448242
30.3570833333333,19.8798179626465
30.36375,20.1859474182129
30.3704166666667,20.4124450683594
30.3770833333333,20.5540657043457
30.38375,20.606517791748
30.3904166666667,20.56884765625
30.3970833333333,20.4415321350098
30.40375,20.2264785766602
30.4104166666667,19.9294090270996
30.4170833333333,19.5579528808594
30.42375,19.1221237182617
30.4304166666667,18.6343193054199
30.4370833333333,18.1050300598145
30.44375,17.547607421875
30.4504166666667,16.9734954833984
30.4570833333333,16.3936614990234
30.46375,15.8195495605469
30.4704166666667,15.2640342712402
30.4770833333333,14.737606048584
30.48375,14.2526626586914
30.4904166666667,13.8211250305176
30.4970833333333,13.4530067443848
30.50375,13.1616592407227
30.5104166666667,12.9585266113281
30.5170833333333,12.855052947998
30.52375,12.8626823425293
30.5304166666667,12.9942893981934
30.5370833333333,13.2637023925781
30.54375,13.6861801147461
30.5504166666667,14.2769813537598
30.5570833333333,15.0504112243652
30.56375,16.021728515625
30.5704166666667,17.2038078308105
30.5770833333333,18.6090469360352
30.58375,20.2488899230957
30.5904166666667,22.1309661865234
30.5970833333333,24.2609977722168
30.60375,26.644229888916
30.6104166666667,29.2844772338867
30.6170833333333,32.1803092956543
30.62375,35.3274345397949
30.6304166666667,38.7177467346191
30.6370833333333,42.3431396484375
30.64375,46.1926460266113
30.6504166666667,50.2519607543945
30.6570833333333,54.5053482055664
30.66375,58.9380264282227
30.6704166666667,63.535213470459
30.6770833333333,68.2821273803711
30.68375,73.1649398803711
30.6904166666667,78.1698226928711
30.6970833333333,83.2815170288086
30.70375,88.4823799133301
30.7104166666667,93.752384185791
30.7170833333333,99.0686416625977
30.72375,104.402542114258
30.7304166666667,109.718799591064
30.7370833333333,114.973068237305
30.74375,120.1171875
30.7504166666667,125.094413757324
30.7570833333333,129.839897155762
30.76375,134.283542633057
30.7704166666667,138.351440429688
30.7770833333333,141.971111297607
30.78375,145.070552825928
30.7904166666667,147.580623626709
30.7970833333333,149.440765380859
30.80375,150.59757232666
30.8104166666667,151.010990142822
30.8170833333333,150.651931762695
30.82375,149.505615234375
30.8304166666667,147.574424743652
30.8370833333333,144.876480102539
30.84375,141.444683074951
30.8504166666667,137.327671051025
30.8570833333333,132.585525512695
30.86375,127.292156219482
30.8704166666667,121.529102325439
30.8770833333333,115.386486053467
30.88375,108.955860137939
30.8904166666667,102.330684661865
30.8970833333333,95.6029891967773
30.90375,88.8628959655762
30.9104166666667,82.1938514709473
30.9170833333333,75.6716728210449
30.92375,69.361686706543
30.9304166666667,63.3206367492676
30.9370833333333,57.5942993164063
30.94375,52.2189140319824
30.9504166666667,47.2168922424316
30.9570833333333,42.6025390625
30.96375,38.3801460266113
30.9704166666667,34.5473289489746
30.9770833333333,31.0959815979004
30.98375,28.0108451843262
30.9904166666667,25.270938873291
30.9970833333333,22.8524208068848
31.00375,20.7304954528809
31.0104166666667,18.8803672790527
31.0170833333333,17.2758102416992
31.02375,15.8896446228027
31.0304166666667,14.6980285644531
31.0370833333333,13.6756896972656
31.04375,12.8011703491211
31.0504166666667,12.0534896850586
31.0570833333333,11.41357421875
31.06375,10.8647346496582
31.0704166666667,10.3931427001953
31.0770833333333,9.98640060424805
31.08375,9.63640213012695
31.0904166666667,9.33551788330078
31.0970833333333,9.07611846923828
31.10375,8.85391235351563
31.1104166666667,8.66508483886719
31.1170833333333,8.50820541381836
31.12375,8.38041305541992
31.1304166666667,8.27884674072266
31.1370833333333,8.20302963256836
31.14375,8.15200805664063
31.1504166666667,8.12578201293945
31.1570833333333,8.12244415283203
31.16375,8.14104080200195
31.1704166666667,8.17966461181641
31.1770833333333,8.23688507080078
31.18375,8.31031799316406
31.1904166666667,8.39710235595703
31.1970833333333,8.49390029907227
31.20375,8.59928131103516
31.2104166666667,8.71181488037109
31.2170833333333,8.82911682128906
31.22375,8.94927978515625
31.2304166666667,9.07087326049805
31.2370833333333,9.19389724731445
31.24375,9.31787490844727
31.2504166666667,9.44280624389648
31.2570833333333,9.56916809082031
31.26375,9.69696044921875
31.2704166666667,9.82522964477539
31.2770833333333,9.95445251464844
31.28375,10.0831985473633
31.2904166666667,10.2105140686035
31.2970833333333,10.3354454040527
31.30375,10.4575157165527
31.3104166666667,10.5767250061035
31.3170833333333,10.6921195983887
31.32375,10.8017921447754
31.3304166666667,10.9033584594727
31.3370833333333,10.9944343566895
31.34375,11.0726356506348
31.3504166666667,11.134147644043
31.3570833333333,11.1780166625977
31.36375,11.2013816833496
31.3704166666667,11.2032890319824
31.3770833333333,11.1818313598633
31.38375,11.1360549926758
31.3904166666667,11.0654830932617
31.3970833333333,10.9686851501465
31.40375,10.8461380004883
31.4104166666667,10.7002258300781
31.4170833333333,10.5328559875488
31.42375,10.3483200073242
31.4304166666667,10.1509094238281
31.4370833333333,9.94777679443359
31.44375,9.74512100219727
31.4504166666667,9.54866409301758
31.4570833333333,9.36508178710938
31.46375,9.2015266418457
31.4704166666667,9.06562805175781
31.4770833333333,8.96453857421875
31.48375,8.90588760375977
31.4904166666667,8.8958740234375
31.4970833333333,8.94021987915039
31.50375,9.04512405395508
31.5104166666667,9.21487808227539
31.5170833333333,9.45091247558594
31.52375,9.75656509399414
31.5304166666667,10.1332664489746
31.5370833333333,10.5819702148438
31.54375,11.1031532287598
31.5504166666667,11.6958618164063
31.5570833333333,12.3600959777832
31.56375,13.0934715270996
31.5704166666667,13.8916969299316
31.5770833333333,14.7495269775391
31.58375,15.660285949707
31.5904166666667,16.6168212890625
31.5970833333333,17.6100730895996
31.60375,18.6338424682617
31.6104166666667,19.6819305419922
31.6170833333333,20.7500457763672
31.62375,21.8358039855957
31.6304166666667,22.9358673095703
31.6370833333333,24.052619934082
31.64375,25.1898765563965
31.6504166666667,26.3576507568359
31.6570833333333,27.5702476501465
31.66375,28.8457870483398
31.6704166666667,30.2057266235352
31.6770833333333,31.6767692565918
31.68375,33.2870483398438
31.6904166666667,35.0651741027832
31.6970833333333,37.0383262634277
31.70375,39.2308235168457
31.7104166666667,41.6646003723145
31.7170833333333,44.3525314331055
31.72375,47.3017692565918
31.7304166666667,50.5075454711914
31.7370833333333,53.9531707763672
31.74375,57.6066970825195
31.7504166666667,61.4233016967773
31.7570833333333,65.3443336486816
31.76375,69.2977905273438
31.7704166666667,73.2002258300781
31.7770833333333,76.9600868225098
31.78375,80.4824829101563
31.7904166666667,83.6715698242188
31.7970833333333,86.4334106445313
31.80375,88.6807441711426
31.8104166666667,90.3415679931641
31.8170833333333,91.3591384887695
31.82375,91.6938781738281
31.8304166666667,91.3271903991699
31.8370833333333,90.2600288391113
31.84375,88.5162353515625
31.8504166666667,86.1396789550781
31.8570833333333,83.1899642944336
31.86375,79.740047454834
31.8704166666667,75.873851776123
31.8770833333333,71.6843605041504
31.88375,67.267894744873
31.8904166666667,62.7174377441406
31.8970833333333,58.1235885620117
31.90375,53.5702705383301
31.9104166666667,49.1342544555664
31.9170833333333,44.8818206787109
31.92375,40.8649444580078
31.9304166666667,37.1236801147461
31.9370833333333,33.6861610412598
31.94375,30.5690765380859
31.9504166666667,27.7786254882813
31.9570833333333,25.3095626831055
31.96375,23.1490135192871
31.9704166666667,21.275520324707
31.9770833333333,19.6638107299805
31.98375,18.2867050170898
31.9904166666667,17.1127319335938
31.9970833333333,16.1094665527344
32.00375,15.2468681335449
32.0104166666667,14.498233795166
32.0170833333333,13.8373374938965
32.02375,13.2431983947754
32.0304166666667,12.6981735229492
32.0370833333333,12.1884346008301
32.04375,11.7044448852539
32.0504166666667,11.2390518188477
32.0570833333333,10.7898712158203
32.06375,10.3549957275391
32.0704166666667,9.93537902832031
32.0770833333333,9.53388214111328
32.08375,9.15431976318359
32.0904166666667,8.80050659179688
32.0970833333333,8.47434997558594
32.10375,8.1791877746582
32.1104166666667,7.91740417480469
32.1170833333333,7.6904296875
32.12375,7.49826431274414
32.1304166666667,7.34090805053711
32.1370833333333,7.21645355224609
32.14375,7.12299346923828
32.1504166666667,7.05766677856445
32.1570833333333,7.01713562011719
32.16375,6.99710845947266
32.1704166666667,6.99520111083984
32.1770833333333,7.00855255126953
32.18375,7.03287124633789
32.1904166666667,7.06577301025391
32.1970833333333,7.10391998291016
32.20375,7.14349746704102
32.2104166666667,7.18021392822266
32.2170833333333,7.21120834350586
32.22375,7.23361968994141
32.2304166666667,7.24601745605469
32.2370833333333,7.24697113037109
32.24375,7.23648071289063
32.2504166666667,7.21502304077148
32.2570833333333,7.18355178833008
32.26375,7.14349746704102
32.2704166666667,7.0958137512207
32.2770833333333,7.04193115234375
32.28375,6.98328018188477
32.2904166666667,6.92319869995117
32.2970833333333,6.86407089233398
32.30375,6.80828094482422
32.3104166666667,6.75773620605469
32.3170833333333,6.71482086181641
32.32375,6.68048858642578
32.3304166666667,6.65569305419922
32.3370833333333,6.63995742797852
32.34375,6.63280487060547
32.3504166666667,6.63566589355469
32.3570833333333,6.64854049682617
32.36375,6.67142868041992
32.3704166666667,6.70385360717773
32.3770833333333,6.74533843994141
32.38375,6.79731369018555
32.3904166666667,6.85787200927734
32.3970833333333,6.92605972290039
32.40375,6.99949264526367
32.4104166666667,7.07769393920898
32.4170833333333,7.15923309326172
32.42375,7.24267959594727
32.4304166666667,7.32660293579102
32.4370833333333,7.40957260131836
32.44375,7.49015808105469
32.4504166666667,7.56740570068359
32.4570833333333,7.64179229736328
32.46375,7.71427154541016
32.4704166666667,7.78436660766602
32.4770833333333,7.85446166992188
32.48375,7.92741775512695
32.4904166666667,8.00657272338867
32.4970833333333,8.09526443481445
32.50375,8.19683074951172
32.5104166666667,8.31413269042969
32.5170833333333,8.45146179199219
32.52375,8.61310958862305
32.5304166666667,8.80336761474609
32.5370833333333,9.02652740478516
32.54375,9.28783416748047
32.5504166666667,9.59157943725586
32.5570833333333,9.94253158569336
32.56375,10.3440284729004
32.5704166666667,10.8003616333008
32.5770833333333,11.3177299499512
32.58375,11.90185546875
32.5904166666667,12.5598907470703
32.5970833333333,13.3013725280762
32.60375,14.1348838806152
32.6104166666667,15.070915222168
32.6170833333333,16.1190032958984
32.62375,17.2877311706543
32.6304166666667,18.5861587524414
32.6370833333333,20.0204849243164
32.64375,21.5959548950195
32.6504166666667,23.3144760131836
32.6570833333333,25.174617767334
32.66375,27.1706581115723
32.6704166666667,29.2911529541016
32.6770833333333,31.5208435058594
32.68375,33.8358879089355
32.6904166666667,36.2091064453125
32.6970833333333,38.6066436767578
32.70375,40.989875793457
32.7104166666667,43.3173179626465
32.7170833333333,45.5436706542969
32.72375,47.6202964782715
32.7304166666667,49.5023727416992
32.7370833333333,51.1441230773926
32.74375,52.5040626525879
32.7504166666667,53.5459518432617
32.7570833333333,54.2411804199219
32.76375,54.570198059082
32.7704166666667,54.5215606689453
32.7770833333333,54.0928840637207
32.78375,53.2927513122559
32.7904166666667,52.1397590637207
32.7970833333333,50.6601333618164
32.80375,48.8872528076172
32.8104166666667,46.8630790710449
32.8170833333333,44.6333885192871
32.82375,42.2453880310059
32.8304166666667,39.7486686706543
32.8370833333333,37.1909141540527
32.84375,34.6188545227051
32.8504166666667,32.0773124694824
32.8570833333333,29.604434967041
32.86375,27.2336006164551
32.8704166666667,24.9905586242676
32.8770833333333,22.8972434997559
32.88375,20.9670066833496
32.8904166666667,19.2074775695801
32.8970833333333,17.6210403442383
32.90375,16.2076950073242
32.9104166666667,14.9636268615723
32.9170833333333,13.8812065124512
32.92375,12.9499435424805
32.9304166666667,12.1588706970215
32.9370833333333,11.4955902099609
32.94375,10.9467506408691
32.9504166666667,10.498046875
32.9570833333333,10.1375579833984
32.96375,9.85288619995117
32.9704166666667,9.63401794433594
32.9770833333333,9.47046279907227
32.98375,9.3531608581543
32.9904166666667,9.27448272705078
32.9970833333333,9.22632217407227
33.00375,9.20391082763672
33.0104166666667,9.2005729675293
33.0170833333333,9.21106338500977
33.02375,9.2310905456543
33.0304166666667,9.25779342651367
33.0370833333333,9.29021835327148
33.04375,9.32645797729492
33.0504166666667,9.36508178710938
33.0570833333333,9.40752029418945
33.06375,9.45615768432617
33.0704166666667,9.51194763183594
33.0770833333333,9.57679748535156
33.08375,9.65166091918945
33.0904166666667,9.73749160766602
33.0970833333333,9.83381271362305
33.10375,9.93919372558594
33.1104166666667,10.0512504577637
33.1170833333333,10.167121887207
33.12375,10.2825164794922
33.1304166666667,10.3931427001953
33.1370833333333,10.4937553405762
33.14375,10.5810165405273
33.1504166666667,10.6496810913086
33.1570833333333,10.6959342956543
33.16375,10.7173919677734
33.1704166666667,10.7150077819824
33.1770833333333,10.6887817382813
33.18375,10.6415748596191
33.1904166666667,10.5772018432617
33.1970833333333,10.5013847351074
33.20375,10.4169845581055
33.2104166666667,10.3306770324707
33.2170833333333,10.2472305297852
33.22375,10.1737976074219
33.2304166666667,10.1137161254883
33.2370833333333,10.0698471069336
33.24375,10.0445747375488
33.2504166666667,10.0407600402832
33.2570833333333,10.0569725036621
33.26375,10.0898742675781
33.2704166666667,10.1380348205566
33.2770833333333,10.1995468139648
33.28375,10.2720260620117
33.2904166666667,10.350227355957
33.2970833333333,10.4327201843262
33.30375,10.5171203613281
33.3104166666667,10.6010437011719
33.3170833333333,10.6821060180664
33.32375,10.7593536376953
33.3304166666667,10.8327865600586
33.3370833333333,10.9024047851563
33.34375,10.9701156616211
33.3504166666667,11.0368728637695
33.3570833333333,11.1050605773926
33.36375,11.176586151123
33.3704166666667,11.2519264221191
33.3770833333333,11.3306045532227
33.38375,11.4116668701172
33.3904166666667,11.4955902099609
33.3970833333333,11.5804672241211
33.40375,11.6634368896484
33.4104166666667,11.7411613464355
33.4170833333333,11.8112564086914
33.42375,11.8708610534668
33.4304166666667,11.9147300720215
33.4370833333333,11.9404792785645
33.44375,11.9447708129883
33.4504166666667,11.9261741638184
33.4570833333333,11.8827819824219
33.46375,11.8141174316406
33.4704166666667,11.7206573486328
33.4770833333333,11.603832244873
33.48375,11.4660263061523
33.4904166666667,11.3110542297363
33.4970833333333,11.1427307128906
33.50375,10.9648704528809
33.5104166666667,10.7812881469727
33.5170833333333,10.5962753295898
33.52375,10.4122161865234
33.5304166666667,10.2295875549316
33.5370833333333,10.0526809692383
33.54375,9.88340377807617
33.5504166666667,9.72318649291992
33.5570833333333,9.57393646240234
33.56375,9.43708419799805
33.5704166666667,9.31406021118164
33.5770833333333,9.20343399047852
33.58375,9.10425186157227
33.5904166666667,9.01603698730469
33.5970833333333,8.93878936767578
33.60375,8.87060165405273
33.6104166666667,8.81099700927734
33.6170833333333,8.75997543334961
33.62375,8.71849060058594
33.6304166666667,8.68558883666992
33.6370833333333,8.65983963012695
33.64375,8.63981246948242
33.6504166666667,8.62741470336914
33.6570833333333,8.62312316894531
33.66375,8.62646102905273
33.6704166666667,8.6369514465332
33.6770833333333,8.65602493286133
33.68375,8.68511199951172
33.6904166666667,8.72278213500977
33.6970833333333,8.76903533935547
33.70375,8.82339477539063
33.7104166666667,8.88681411743164
33.7170833333333,8.95786285400391
33.72375,9.03749465942383
33.7304166666667,9.1252326965332
33.7370833333333,9.21964645385742
33.74375,9.31978225708008
33.7504166666667,9.42420959472656
33.7570833333333,9.53054428100586
33.76375,9.63687896728516
33.7704166666667,9.74321365356445
33.7770833333333,9.84811782836914
33.78375,9.95111465454102
33.7904166666667,10.0517272949219
33.7970833333333,10.1499557495117
33.80375,10.2453231811523
33.8104166666667,10.3368759155273
33.8170833333333,10.4241371154785
33.82375,10.5071067810059
33.8304166666667,10.5853080749512
33.8370833333333,10.657787322998
33.84375,10.7216835021973
33.8504166666667,10.7769966125488
33.8570833333333,10.8227729797363
33.86375,10.8575820922852
33.8704166666667,10.8809471130371
33.8770833333333,10.8928680419922
33.88375,10.8928680419922
33.8904166666667,10.8819007873535
33.8970833333333,10.8590126037598
33.90375,10.8246803283691
33.9104166666667,10.7779502868652
33.9170833333333,10.7192993164063
33.92375,10.6496810913086
33.9304166666667,10.5705261230469
33.9370833333333,10.4827880859375
33.94375,10.3874206542969
33.9504166666667,10.2858543395996
33.9570833333333,10.1799964904785
33.96375,10.0703239440918
33.9704166666667,9.95969772338867
33.9770833333333,9.84859466552734
33.98375,9.73796844482422
33.9904166666667,9.6287727355957
33.9970833333333,9.52339172363281
34.00375,9.42325592041016
34.0104166666667,9.32979583740234
34.0170833333333,9.24301147460938
34.02375,9.16337966918945
34.0304166666667,9.09137725830078
34.0370833333333,9.02605056762695
34.04375,8.96596908569336
34.0504166666667,8.9106559753418
34.0570833333333,8.86011123657227
34.06375,8.81290435791016
34.0704166666667,8.76998901367188
34.0770833333333,8.72993469238281
34.08375,8.69369506835938
34.0904166666667,8.65983963012695
34.0970833333333,8.62646102905273
34.10375,8.59260559082031
34.1104166666667,8.55922698974609
34.1170833333333,8.52489471435547
34.12375,8.48817825317383
34.1304166666667,8.44955444335938
34.1370833333333,8.40950012207031
34.14375,8.36849212646484
34.1504166666667,8.32700729370117
34.1570833333333,8.28361511230469
34.16375,8.2392692565918
34.1704166666667,8.19492340087891
34.1770833333333,8.15105438232422
34.18375,8.10813903808594
34.1904166666667,8.06665420532227
34.1970833333333,8.02898406982422
34.20375,7.99417495727539
34.2104166666667,7.96270370483398
34.2170833333333,7.9345703125
34.22375,7.91168212890625
34.2304166666667,7.89403915405273
34.2370833333333,7.88164138793945
34.24375,7.87496566772461
34.2504166666667,7.87591934204102
34.2570833333333,7.88450241088867
34.26375,7.90119171142578
34.2704166666667,7.92646408081055
34.2770833333333,7.96175003051758
34.28375,8.00752639770508
34.2904166666667,8.06474685668945
34.2970833333333,8.1329345703125
34.30375,8.21495056152344
34.3104166666667,8.31413269042969
34.3170833333333,8.43095779418945
34.32375,8.56781005859375
34.3304166666667,8.72659683227539
34.3370833333333,8.91017913818359
34.34375,9.11903381347656
34.3504166666667,9.35220718383789
34.3570833333333,9.61208343505859
34.36375,9.89818572998047
34.3704166666667,10.2090835571289
34.3770833333333,10.5433464050293
34.38375,10.8957290649414
34.3904166666667,11.2638473510742
34.3970833333333,11.6424560546875
34.40375,12.026309967041
34.4104166666667,12.4077796936035
34.4170833333333,12.7806663513184
34.42375,13.1382942199707
34.4304166666667,13.4754180908203
34.4370833333333,13.7844085693359
34.44375,14.0624046325684
34.4504166666667,14.3065452575684
34.4570833333333,14.5177841186523
34.46375,14.6975517272949
34.4704166666667,14.8496627807617
34.4770833333333,14.9812698364258
34.48375,15.1019096374512
34.4904166666667,15.2239799499512
34.4970833333333,15.3617858886719
34.50375,15.531063079834
34.5104166666667,15.749454498291
34.5170833333333,16.0365104675293
34.52375,16.411304473877
34.5304166666667,16.8929100036621
34.5370833333333,17.5013542175293
34.54375,18.2571411132813
34.5504166666667,19.1793441772461
34.5570833333333,20.287036895752
34.56375,21.5973854064941
34.5704166666667,23.1294631958008
34.5770833333333,24.9009132385254
34.58375,26.9274711608887
34.5904166666667,29.2224884033203
34.5970833333333,31.7974090576172
34.60375,34.6646308898926
34.6104166666667,37.8298759460449
34.6170833333333,41.295051574707
34.62375,45.0558662414551
34.6304166666667,49.1023063659668
34.6370833333333,53.4162521362305
34.64375,57.9676628112793
34.6504166666667,62.7150535583496
34.6570833333333,67.603588104248
34.66375,72.5665092468262
34.6704166666667,77.5260925292969
34.6770833333333,82.392692565918
34.68375,87.0656967163086
34.6904166666667,91.4373397827148
34.6970833333333,95.3989028930664
34.70375,98.844051361084
34.7104166666667,101.670742034912
34.7170833333333,103.787422180176
34.72375,105.120658874512
34.7304166666667,105.619430541992
34.7370833333333,105.255603790283
34.74375,104.026317596436
34.7504166666667,101.955413818359
34.7570833333333,99.0934371948242
34.76375,95.5181121826172
34.7704166666667,91.3286209106445
34.7770833333333,86.639404296875
34.78375,81.578254699707
34.7904166666667,76.2786865234375
34.7970833333333,70.8761215209961
34.80375,65.4993057250977
34.8104166666667,60.2664947509766
34.8170833333333,55.2821159362793
34.82375,50.6367683410645
34.8304166666667,46.4048385620117
34.8370833333333,42.640209197998
34.84375,39.3776893615723
34.8504166666667,36.6349220275879
34.8570833333333,34.4147682189941
34.86375,32.7057838439941
34.8704166666667,31.4826965332031
34.8770833333333,30.7106971740723
34.88375,30.3463935852051
34.8904166666667,30.3401947021484
34.8970833333333,30.6386947631836
34.90375,31.1822891235352
34.9104166666667,31.9104194641113
34.9170833333333,32.7620506286621
34.92375,33.6761474609375
34.9304166666667,34.5926284790039
34.9370833333333,35.4547500610352
34.94375,36.2114906311035
34.9504166666667,36.8170738220215
34.9570833333333,37.2314453125
34.96375,37.4250411987305
34.9704166666667,37.3778343200684
34.9770833333333,37.0802879333496
34.98375,36.5309715270996
34.9904166666667,35.7365608215332
34.9970833333333,34.7151756286621
35.00375,33.4916114807129
35.0104166666667,32.0978164672852
35.0170833333333,30.5681228637695
35.02375,28.9402008056641
35.0304166666667,27.2531509399414
35.0370833333333,25.5470275878906
35.04375,23.857593536377
35.0504166666667,22.2172737121582
35.0570833333333,20.6537246704102
35.06375,19.1879272460938
35.0704166666667,17.8365707397461
35.0770833333333,16.6077613830566
35.08375,15.5067443847656
35.0904166666667,14.5330429077148
35.0970833333333,13.6828422546387
35.10375,12.9494667053223
35.1104166666667,12.3233795166016
35.1170833333333,11.7917060852051
35.12375,11.3420486450195
35.1304166666667,10.960578918457
35.1370833333333,10.6353759765625
35.14375,10.3554725646973
35.1504166666667,10.1122856140137
35.1570833333333,9.89770889282227
35.16375,9.7050666809082
35.1704166666667,9.52816009521484
35.1770833333333,9.36222076416016
35.18375,9.20486450195313
35.1904166666667,9.05370712280273
35.1970833333333,8.90874862670898
35.20375,8.77094268798828
35.2104166666667,8.64076614379883
35.2170833333333,8.52155685424805
35.22375,8.41379165649414
35.2304166666667,8.31890106201172
35.2370833333333,8.23831558227539
35.24375,8.17155838012695
35.2504166666667,8.12005996704102
35.2570833333333,8.08334350585938
35.26375,8.06236267089844
35.2704166666667,8.056640625
35.2770833333333,8.06427001953125
35.28375,8.08429718017578
35.2904166666667,8.11624526977539
35.2970833333333,8.15916061401367
35.30375,8.2097053527832
35.3104166666667,8.26597213745117
35.3170833333333,8.32700729370117
35.32375,8.39090347290039
35.3304166666667,8.45479965209961
35.3370833333333,8.51678848266602
35.34375,8.5749626159668
35.3504166666667,8.62836837768555
35.3570833333333,8.67557525634766
35.36375,8.71706008911133
35.3704166666667,8.75234603881836
35.3770833333333,8.78047943115234
35.38375,8.80193710327148
35.3904166666667,8.81719589233398
35.3970833333333,8.82816314697266
35.40375,8.83626937866211
35.4104166666667,8.84151458740234
35.4170833333333,8.84819030761719
35.42375,8.85963439941406
35.4304166666667,8.87775421142578
35.4370833333333,8.90588760375977
35.44375,8.94832611083984
35.4504166666667,9.00793075561523
35.4570833333333,9.08803939819336
35.46375,9.19151306152344
35.4704166666667,9.32168960571289
35.4770833333333,9.48047637939453
35.48375,9.67025756835938
35.4904166666667,9.89198684692383
35.4970833333333,10.1466178894043
35.50375,10.4351043701172
35.5104166666667,10.7560157775879
35.5170833333333,11.1088752746582
35.52375,11.4927291870117
35.5304166666667,11.9051933288574
35.5370833333333,12.3419761657715
35.54375,12.7997398376465
35.5504166666667,13.2741928100586
35.5570833333333,13.7624740600586
35.56375,14.2583847045898
35.5704166666667,14.7557258605957
35.5770833333333,15.2497291564941
35.58375,15.7361030578613
35.5904166666667,16.2081718444824
35.5970833333333,16.6592597961426
35.60375,17.085075378418
35.6104166666667,17.4827575683594
35.6170833333333,17.8494453430176
35.62375,18.1827545166016
35.6304166666667,18.4822082519531
35.6370833333333,18.7454223632813
35.64375,18.9723968505859
35.6504166666667,19.1621780395508
35.6570833333333,19.3161964416504
35.66375,19.4344520568848
35.6704166666667,19.5178985595703
35.6770833333333,19.5698738098145
35.68375,19.59228515625
35.6904166666667,19.5865631103516
35.6970833333333,19.5536613464355
35.70375,19.4964408874512
35.7104166666667,19.4168090820313
35.7170833333333,19.3147659301758
35.72375,19.1912651062012
35.7304166666667,19.0458297729492
35.7370833333333,18.8794136047363
35.74375,18.6910629272461
35.7504166666667,18.4803009033203
35.7570833333333,18.2456970214844
35.76375,17.9872512817383
35.7704166666667,17.7054405212402
35.7770833333333,17.3988342285156
35.78375,17.0674324035645
35.7904166666667,16.7117118835449
35.7970833333333,16.334056854248
35.80375,15.9358978271484
35.8104166666667,15.5205726623535
35.8170833333333,15.0914192199707
35.82375,14.6522521972656
35.8304166666667,14.2054557800293
35.8370833333333,13.7553215026855
35.84375,13.3056640625
35.8504166666667,12.8602981567383
35.8570833333333,12.4235153198242
35.86375,11.9991302490234
35.8704166666667,11.591911315918
35.8770833333333,11.2037658691406
35.88375,10.838508605957
35.8904166666667,10.4985237121582
35.8970833333333,10.1861953735352
35.90375,9.9024772644043
35.9104166666667,9.64879989624023
35.9170833333333,9.42516326904297
35.92375,9.2320442199707
35.9304166666667,9.06801223754883
35.9370833333333,8.93211364746094
35.94375,8.82291793823242
35.9504166666667,8.73899459838867
35.9570833333333,8.67986679077148
35.96375,8.64219665527344
35.9704166666667,8.62264633178711
35.9770833333333,8.61978530883789
35.98375,8.63218307495117
35.9904166666667,8.65650177001953
35.9970833333333,8.69035720825195
36.00375,8.73184204101563
36.0104166666667,8.78095626831055
36.0170833333333,8.8348388671875
36.02375,8.89205932617188
36.0304166666667,8.94975662231445
36.0370833333333,9.00745391845703
36.04375,9.0641975402832
36.0504166666667,9.11903381347656
36.0570833333333,9.1710090637207
36.06375,9.21964645385742
36.0704166666667,9.26542282104492
36.0770833333333,9.307861328125
36.08375,9.34696197509766
36.0904166666667,9.38224792480469
36.0970833333333,9.41371917724609
36.10375,9.44137573242188
36.1104166666667,9.46617126464844
36.1170833333333,9.48667526245117
36.12375,9.50431823730469
36.1304166666667,9.51862335205078
36.1370833333333,9.53197479248047
36.14375,9.54532623291016
36.1504166666667,9.55963134765625
36.1570833333333,9.57393646240234
36.16375,9.58871841430664
36.1704166666667,9.60493087768555
36.1770833333333,9.62257385253906
36.18375,9.6435546875
36.1904166666667,9.66739654541016
36.1970833333333,9.69648361206055
36.20375,9.73129272460938
36.2104166666667,9.77325439453125
36.2170833333333,9.82332229614258
36.22375,9.87958908081055
36.2304166666667,9.94110107421875
36.2370833333333,10.0069046020508
36.24375,10.0774765014648
36.2504166666667,10.1513862609863
36.2570833333333,10.228157043457
36.26375,10.3068351745605
36.2704166666667,10.3869438171387
36.2770833333333,10.4680061340332
36.28375,10.5490684509277
36.2904166666667,10.6282234191895
36.2970833333333,10.7026100158691
36.30375,10.7707977294922
36.3104166666667,10.8318328857422
36.3170833333333,10.8857154846191
36.32375,10.9314918518066
36.3304166666667,10.9686851501465
36.3370833333333,10.9987258911133
36.34375,11.0206604003906
36.3504166666667,11.0349655151367
36.3570833333333,11.0406875610352
36.36375,11.0383033752441
36.3704166666667,11.0273361206055
36.3770833333333,11.0087394714355
36.38375,10.9829902648926
36.3904166666667,10.9500885009766
36.3970833333333,10.9119415283203
36.40375,10.869026184082
36.4104166666667,10.8218193054199
36.4170833333333,10.7712745666504
36.42375,10.7178688049316
36.4304166666667,10.6620788574219
36.4370833333333,10.6039047241211
36.44375,10.5438232421875
36.4504166666667,10.4832649230957
36.4570833333333,10.4227066040039
36.46375,10.3626251220703
36.4704166666667,10.3020668029785
36.4770833333333,10.2415084838867
36.48375,10.1809501647949
36.4904166666667,10.1199150085449
36.4970833333333,10.0593566894531
36.50375,9.99879837036133
36.5104166666667,9.93871688842773
36.5170833333333,9.87958908081055
36.52375,9.81998443603516
36.5304166666667,9.76133346557617
36.5370833333333,9.70220565795898
36.54375,9.6430778503418
36.5504166666667,9.58490371704102
36.5570833333333,9.52863693237305
36.56375,9.47475433349609
36.5704166666667,9.42087173461914
36.5770833333333,9.36746597290039
36.58375,9.31406021118164
36.5904166666667,9.26017761230469
36.5970833333333,9.20534133911133
36.60375,9.15002822875977
36.6104166666667,9.09519195556641
36.6170833333333,9.04369354248047
36.62375,8.99600982666016
36.6304166666667,8.95118713378906
36.6370833333333,8.90827178955078
36.64375,8.86726379394531
36.6504166666667,8.82673263549805
36.6570833333333,8.78620147705078
36.66375,8.74614715576172
36.6704166666667,8.70752334594727
36.6770833333333,8.66937637329102
36.68375,8.63122940063477
36.6904166666667,8.59355926513672
36.6970833333333,8.55445861816406
36.70375,8.51249694824219
36.7104166666667,8.4686279296875
36.7170833333333,8.42380523681641
36.72375,8.37850570678711
36.7304166666667,8.33272933959961
36.7370833333333,8.28742980957031
36.74375,8.24260711669922
36.7504166666667,8.19778442382813
36.7570833333333,8.15296173095703
36.76375,8.10909271240234
36.7704166666667,8.06665420532227
36.7770833333333,8.02707672119141
36.78375,7.99083709716797
36.7904166666667,7.95841217041016
36.7970833333333,7.93123245239258
36.80375,7.90977478027344
36.8104166666667,7.89499282836914
36.8170833333333,7.88688659667969
36.82375,7.88688659667969
36.8304166666667,7.89594650268555
36.8370833333333,7.91501998901367
36.84375,7.94506072998047
36.8504166666667,7.98702239990234
36.8570833333333,8.04233551025391
36.86375,8.11147689819336
36.8704166666667,8.19540023803711
36.8770833333333,8.29410552978516
36.88375,8.40902328491211
36.8904166666667,8.53919982910156
36.8970833333333,8.68606567382813
36.90375,8.85009765625
36.9104166666667,9.03081893920898
36.9170833333333,9.22822952270508
36.92375,9.44232940673828
36.9304166666667,9.67550277709961
36.9370833333333,9.92631912231445
36.94375,10.1957321166992
36.9504166666667,10.4832649230957
36.9570833333333,10.7889175415039
36.96375,11.1122131347656
36.9704166666667,11.4502906799316
36.9770833333333,11.803150177002
36.98375,12.169361114502
36.9904166666667,12.5494003295898
36.9970833333333,12.9432678222656
37.00375,13.3519172668457
37.0104166666667,13.7763023376465
37.0170833333333,14.218807220459
37.02375,14.6808624267578
37.0304166666667,15.1662826538086
37.0370833333333,15.6793594360352
37.04375,16.2243843078613
37.0504166666667,16.8051719665527
37.0570833333333,17.4269676208496
37.06375,18.096923828125
37.0704166666667,18.8231468200684
37.0770833333333,19.6123123168945
37.08375,20.4720497131348
37.0904166666667,21.4133262634277
37.0970833333333,22.4466323852539
37.10375,23.5800743103027
37.1104166666667,24.8231887817383
37.1170833333333,26.1850357055664
37.12375,27.6756286621094
37.1304166666667,29.3045043945313
37.1370833333333,31.0797691345215
37.14375,33.0119132995605
37.1504166666667,35.1090431213379
37.1570833333333,37.3806953430176
37.16375,39.8354530334473
37.1704166666667,42.4833297729492
37.1770833333333,45.3319549560547
37.18375,48.3908653259277
37.1904166666667,51.6681671142578
37.1970833333333,55.173397064209
37.20375,58.9146614074707
37.2104166666667,62.9005432128906
37.2170833333333,67.1372413635254
37.22375,71.629524230957
37.2304166666667,76.380729675293
37.2370833333333,81.3946723937988
37.24375,86.6742134094238
37.2504166666667,92.2174453735352
37.2570833333333,98.0195999145508
37.26375,104.072570800781
37.2704166666667,110.365390777588
37.2770833333333,116.883754730225
37.28375,123.606204986572
37.2904166666667,130.50651550293
37.2970833333333,137.553691864014
37.30375,144.712448120117
37.3104166666667,151.942253112793
37.3170833333333,159.194946289063
37.32375,166.416168212891
37.3304166666667,173.545360565186
37.3370833333333,180.520057678223
37.34375,187.273979187012
37.3504166666667,193.737983703613
37.3570833333333,199.838161468506
37.36375,205.501079559326
37.3704166666667,210.654258728027
37.3770833333333,215.225219726563
37.38375,219.144344329834
37.3904166666667,222.346305847168
37.3970833333333,224.774837493896
37.40375,226.381301879883
37.4104166666667,227.125644683838
37.4170833333333,226.97925567627
37.42375,225.925445556641
37.4304166666667,223.958969116211
37.4370833333333,221.087455749512
37.44375,217.330932617188
37.4504166666667,212.725162506104
37.4570833333333,207.315921783447
37.46375,201.164722442627
37.4704166666667,194.340705871582
37.4770833333333,186.921119689941
37.48375,178.989887237549
37.4904166666667,170.636177062988
37.4970833333333,161.9553565979
37.50375,153.042793273926
37.5104166666667,143.99242401123
37.5170833333333,134.894371032715
37.52375,125.83589553833
37.5304166666667,116.899490356445
37.5370833333333,108.161449432373
37.54375,99.6870994567871
37.5504166666667,91.5331840515137
37.5570833333333,83.7492942810059
37.56375,76.3754844665527
37.5704166666667,69.4422721862793
37.5770833333333,62.9715919494629
37.58375,56.973934173584
37.5904166666667,51.4531135559082
37.5970833333333,46.4072227478027
37.60375,41.8272018432617
37.6104166666667,37.6987457275391
37.6170833333333,34.0008735656738
37.62375,30.7102203369141
37.6304166666667,27.801513671875
37.6370833333333,25.2509117126465
37.64375,23.0302810668945
37.6504166666667,21.1114883422852
37.6570833333333,19.4668769836426
37.66375,18.0678367614746
37.6704166666667,16.8895721435547
37.6770833333333,15.9077644348145
37.68375,15.0995254516602
37.6904166666667,14.4433975219727
37.6970833333333,13.9203071594238
37.70375,13.5130882263184
37.7104166666667,13.2055282592773
37.7170833333333,12.9837989807129
37.72375,12.8359794616699
37.7304166666667,12.751579284668
37.7370833333333,12.7220153808594
37.74375,12.7410888671875
37.7504166666667,12.8021240234375
37.7570833333333,12.9008293151855
37.76375,13.0348205566406
37.7704166666667,13.2026672363281
37.7770833333333,13.4048461914063
37.78375,13.641357421875
37.7904166666667,13.9145851135254
37.7970833333333,14.225959777832
37.80375,14.5797729492188
37.8104166666667,14.9779319763184
37.8170833333333,15.4232978820801
37.82375,15.9215927124023
37.8304166666667,16.4775848388672
37.8370833333333,17.0955657958984
37.84375,17.7788734436035
37.8504166666667,18.531322479248
37.8570833333333,19.3557739257813
37.86375,20.2541351318359
37.8704166666667,21.2268829345703
37.8770833333333,22.2716331481934
37.88375,23.3855247497559
37.8904166666667,24.5647430419922
37.8970833333333,25.8030891418457
37.90375,27.092456817627
37.9104166666667,28.4218788146973
37.9170833333333,29.7794342041016
37.92375,31.151294708252
37.9304166666667,32.5226783752441
37.9370833333333,33.8783264160156
37.94375,35.2015495300293
37.9504166666667,36.4751815795898
37.9570833333333,37.6825332641602
37.96375,38.8069152832031
37.9704166666667,39.8311614990234
37.9770833333333,40.7376289367676
37.98375,41.5115356445313
37.9904166666667,42.1404838562012
37.9970833333333,42.6154136657715
38.00375,42.9267883300781
38.0104166666667,43.0688858032227
38.0170833333333,43.0374145507813
38.02375,42.8314208984375
38.0304166666667,42.452335357666
38.0370833333333,41.9044494628906
38.04375,41.1944389343262
38.0504166666667,40.3337478637695
38.0570833333333,39.3342971801758
38.06375,38.2122993469238
38.0704166666667,36.9820594787598
38.0770833333333,35.6588363647461
38.08375,34.2607498168945
38.0904166666667,32.8059196472168
38.0970833333333,31.3119888305664
38.10375,29.7956466674805
38.1104166666667,28.2707214355469
38.1170833333333,26.7539024353027
38.12375,25.2590179443359
38.1304166666667,23.7975120544434
38.1370833333333,22.3789215087891
38.14375,21.0137367248535
38.1504166666667,19.7100639343262
38.1570833333333,18.4750556945801
38.16375,17.3125267028809
38.1704166666667,16.2262916564941
38.1770833333333,15.2182579040527
38.18375,14.2884254455566
38.1904166666667,13.4382247924805
38.1970833333333,12.6652717590332
38.20375,11.967658996582
38.2104166666667,11.3415718078613
38.2170833333333,10.7841491699219
38.22375,10.2910995483398
38.2304166666667,9.85813140869141
38.2370833333333,9.48143005371094
38.24375,9.15718078613281
38.2504166666667,8.880615234375
38.2570833333333,8.64887237548828
38.26375,8.45718383789063
38.2704166666667,8.30268859863281
38.2770833333333,8.18157196044922
38.28375,8.09049606323242
38.2904166666667,8.0265998840332
38.2970833333333,7.98749923706055
38.30375,7.97080993652344
38.3104166666667,7.97271728515625
38.3170833333333,7.99226760864258
38.32375,8.02755355834961
38.3304166666667,8.07666778564453
38.3370833333333,8.13674926757813
38.34375,8.20636749267578
38.3504166666667,8.28456878662109
38.3570833333333,8.36849212646484
38.36375,8.45623016357422
38.3704166666667,8.5453987121582
38.3770833333333,8.63504409790039
38.38375,8.72278213500977
38.3904166666667,8.80718231201172
38.3970833333333,8.88776779174805
38.40375,8.96310806274414
38.4104166666667,9.03224945068359
38.4170833333333,9.09233093261719
38.42375,9.14239883422852
38.4304166666667,9.18197631835938
38.4370833333333,9.21010971069336
38.44375,9.22536849975586
38.4504166666667,9.22584533691406
38.4570833333333,9.21249389648438
38.46375,9.1853141784668
38.4704166666667,9.14430618286133
38.4770833333333,9.08946990966797
38.48375,9.01985168457031
38.4904166666667,8.93735885620117
38.4970833333333,8.84294509887695
38.50375,8.73756408691406
38.5104166666667,8.62216949462891
38.5170833333333,8.4991455078125
38.52375,8.37039947509766
38.5304166666667,8.23831558227539
38.5370833333333,8.10432434082031
38.54375,7.96890258789063
38.5504166666667,7.83157348632813
38.5570833333333,7.69376754760742
38.56375,7.55596160888672
38.5704166666667,7.42006301879883
38.5770833333333,7.28654861450195
38.58375,7.1568489074707
38.5904166666667,7.03239440917969
38.5970833333333,6.9127082824707
38.60375,6.79826736450195
38.6104166666667,6.68907165527344
38.6170833333333,6.58512115478516
38.62375,6.48689270019531
38.6304166666667,6.39438629150391
38.6370833333333,6.30760192871094
38.64375,6.22701644897461
38.6504166666667,6.15262985229492
38.6570833333333,6.08491897583008
38.66375,6.02340698242188
38.6704166666667,5.96761703491211
38.6770833333333,5.91707229614258
38.68375,5.87129592895508
38.6904166666667,5.82981109619141
38.6970833333333,5.79166412353516
38.70375,5.75780868530273
38.7104166666667,5.72776794433594
38.7170833333333,5.70201873779297
38.72375,5.68008422851563
38.7304166666667,5.66005706787109
38.7370833333333,5.64146041870117
38.74375,5.62477111816406
38.7504166666667,5.61046600341797
38.7570833333333,5.5994987487793
38.76375,5.59139251708984
38.7704166666667,5.58614730834961
38.7770833333333,5.584716796875
38.78375,5.58567047119141
38.7904166666667,5.58662414550781
38.7970833333333,5.58710098266602
38.80375,5.58757781982422
38.8104166666667,5.58805465698242
38.8170833333333,5.58900833129883
38.82375,5.59234619140625
38.8304166666667,5.59854507446289
38.8370833333333,5.60617446899414
38.84375,5.61618804931641
38.8504166666667,5.62715530395508
38.8570833333333,5.63955307006836
38.86375,5.65242767333984
38.8704166666667,5.66577911376953
38.8770833333333,5.67960739135742
38.88375,5.69438934326172
38.8904166666667,5.71155548095703
38.8970833333333,5.72967529296875
38.90375,5.74922561645508
38.9104166666667,5.76925277709961
38.9170833333333,5.79118728637695
38.92375,5.81455230712891
38.9304166666667,5.83887100219727
38.9370833333333,5.86366653442383
38.94375,5.88893890380859
38.9504166666667,5.91468811035156
38.9570833333333,5.94139099121094
38.96375,5.96904754638672
38.9704166666667,5.99765777587891
38.9770833333333,6.0276985168457
38.98375,6.05964660644531
38.9904166666667,6.09350204467773
38.9970833333333,6.12878799438477
39.00375,6.16455078125
39.0104166666667,6.20126724243164
39.0170833333333,6.23846054077148
39.02375,6.27803802490234
39.0304166666667,6.31999969482422
39.0370833333333,6.36482238769531
39.04375,6.41298294067383
39.0504166666667,6.46495819091797
39.0570833333333,6.51979446411133
39.06375,6.57844543457031
39.0704166666667,6.64091110229492
39.0770833333333,6.70766830444336
39.08375,6.77967071533203
39.0904166666667,6.85644149780273
39.0970833333333,6.94036483764648
39.10375,7.03048706054688
39.1104166666667,7.12728500366211
39.1170833333333,7.23123550415039
39.12375,7.34424591064453
39.1304166666667,7.46536254882813
39.1370833333333,7.59506225585938
39.14375,7.73334503173828
39.1504166666667,7.88068771362305
39.1570833333333,8.03661346435547
39.16375,8.20016860961914
39.1704166666667,8.37182998657227
39.1770833333333,8.55255126953125
39.18375,8.7428092956543
39.1904166666667,8.941650390625
39.1970833333333,9.14955139160156
39.20375,9.36698913574219
39.2104166666667,9.59348678588867
39.2170833333333,9.82952117919922
39.22375,10.0760459899902
39.2304166666667,10.3335380554199
39.2370833333333,10.6019973754883
39.24375,10.8823776245117
39.2504166666667,11.174201965332
39.2570833333333,11.4789009094238
39.26375,11.7955207824707
39.2704166666667,12.1235847473145
39.2770833333333,12.4640464782715
39.28375,12.8159523010254
39.2904166666667,13.1802558898926
39.2970833333333,13.5560035705566
39.30375,13.9431953430176
39.3104166666667,14.3418312072754
39.3170833333333,14.7485733032227
39.32375,15.1615142822266
39.3304166666667,15.5782699584961
39.3370833333333,15.9969329833984
39.34375,16.4132118225098
39.3504166666667,16.8237686157227
39.3570833333333,17.2252655029297
39.36375,17.615795135498
39.3704166666667,17.9924964904785
39.3770833333333,18.3496475219727
39.38375,18.6820030212402
39.3904166666667,18.9852714538574
39.3970833333333,19.256591796875
39.40375,19.4892883300781
39.4104166666667,19.6795463562012
39.4170833333333,19.8245048522949
39.42375,19.9227333068848
39.4304166666667,19.9723243713379
39.4370833333333,19.9708938598633
39.44375,19.9170112609863
39.4504166666667,19.8097229003906
39.4570833333333,19.6495056152344
39.46375,19.4377899169922
39.4704166666667,19.1760063171387
39.4770833333333,18.8660621643066
39.48375,18.5117721557617
39.4904166666667,18.1164741516113
39.4970833333333,17.6830291748047
39.50375,17.2162055969238
39.5104166666667,16.7193412780762
39.5170833333333,16.1986351013184
39.52375,15.6588554382324
39.5304166666667,15.1052474975586
39.5370833333333,14.5416259765625
39.54375,13.9713287353516
39.5504166666667,13.3991241455078
39.5570833333333,12.8288269042969
39.56375,12.2652053833008
39.5704166666667,11.7106437683105
39.5770833333333,11.1703872680664
39.58375,10.645866394043
39.5904166666667,10.1404190063477
39.5970833333333,9.65547561645508
39.60375,9.19389724731445
39.6104166666667,8.75616073608398
39.6170833333333,8.34417343139648
39.62375,7.95841217041016
39.6304166666667,7.5993537902832
39.6370833333333,7.26604461669922
39.64375,6.9584846496582
39.6504166666667,6.67524337768555
39.6570833333333,6.41584396362305
39.66375,6.1798095703125
39.6704166666667,5.9657096862793
39.6770833333333,5.77306747436523
39.68375,5.5994987487793
39.6904166666667,5.44404983520508
39.6970833333333,5.30624389648438
39.70375,5.18369674682617
39.7104166666667,5.07593154907227
39.7170833333333,4.98056411743164
39.72375,4.8975944519043
39.7304166666667,4.82606887817383
39.7370833333333,4.76264953613281
39.74375,4.70590591430664
39.7504166666667,4.65631484985352
39.7570833333333,4.61339950561523
39.76375,4.57668304443359
39.7704166666667,4.54616546630859
39.7770833333333,4.52136993408203
39.78375,4.5008659362793
39.7904166666667,4.48417663574219
39.7970833333333,4.46987152099609
39.80375,4.45795059204102
39.8104166666667,4.44841384887695
39.8170833333333,4.44126129150391
39.82375,4.43506240844727
39.8304166666667,4.43124771118164
39.8370833333333,4.42838668823242
39.84375,4.42647933959961
39.8504166666667,4.4245719909668
39.8570833333333,4.4245719909668
39.86375,4.42695617675781
39.8704166666667,4.43077087402344
39.8770833333333,4.43649291992188
39.88375,4.44269180297852
39.8904166666667,4.44936752319336
39.8970833333333,4.45652008056641
39.90375,4.46462631225586
39.9104166666667,4.47416305541992
39.9170833333333,4.486083984375
39.92375,4.5013427734375
39.9304166666667,4.51803207397461
39.9370833333333,4.53615188598633
39.94375,4.55570220947266
39.9504166666667,4.57668304443359
39.9570833333333,4.59814071655273
39.96375,4.62007522583008
39.9704166666667,4.64248657226563
39.9770833333333,4.66728210449219
39.98375,4.69350814819336
39.9904166666667,4.72164154052734
39.9970833333333,4.75120544433594
40.00375,4.78219985961914
40.0104166666667,4.81557846069336
40.0170833333333,4.85038757324219
40.02375,4.88567352294922
40.0304166666667,4.92095947265625
40.0370833333333,4.95672225952148
40.04375,4.99343872070313
40.0504166666667,5.03158569335938
40.0570833333333,5.07068634033203
40.06375,5.1112174987793
40.0704166666667,5.15079498291016
40.0770833333333,5.19084930419922
40.08375,5.22947311401367
40.0904166666667,5.26762008666992
40.0970833333333,5.30481338500977
40.10375,5.34200668334961
40.1104166666667,5.37919998168945
40.1170833333333,5.41591644287109
40.12375,5.45358657836914
40.1304166666667,5.49077987670898
40.1370833333333,5.52701950073242
40.14375,5.56278228759766
40.1504166666667,5.59854507446289
40.1570833333333,5.63478469848633
40.16375,5.67150115966797
40.1704166666667,5.706787109375
40.1770833333333,5.74064254760742
40.18375,5.77402114868164
40.1904166666667,5.80692291259766
40.1970833333333,5.84077835083008
40.20375,5.87701797485352
40.2104166666667,5.91659545898438
40.2170833333333,5.96046447753906
40.22375,6.00910186767578
40.2304166666667,6.06203079223633
40.2370833333333,6.12020492553711
40.24375,6.18362426757813
40.2504166666667,6.25276565551758
40.2570833333333,6.32905960083008
40.26375,6.41298294067383
40.2704166666667,6.50691986083984
40.2770833333333,6.60991668701172
40.28375,6.72388076782227
40.2904166666667,6.8511962890625
40.2970833333333,6.99234008789063
40.30375,7.14874267578125
40.3104166666667,7.31992721557617
40.3170833333333,7.50827789306641
40.32375,7.71427154541016
40.3304166666667,7.93838500976563
40.3370833333333,8.18061828613281
40.34375,8.44240188598633
40.3504166666667,8.72373580932617
40.3570833333333,9.02366638183594
40.36375,9.34028625488281
40.3704166666667,9.67216491699219
40.3770833333333,10.0202560424805
40.38375,10.383129119873
40.3904166666667,10.7603073120117
40.3970833333333,11.1503601074219
40.40375,11.5518569946289
40.4104166666667,11.9624137878418
40.4170833333333,12.3782157897949
40.42375,12.7959251403809
40.4304166666667,13.2131576538086
40.4370833333333,13.6270523071289
40.44375,14.0352249145508
40.4504166666667,14.4329071044922
40.4570833333333,14.8177146911621
40.46375,15.1853561401367
40.4704166666667,15.5320167541504
40.4770833333333,15.8543586730957
40.48375,16.1495208740234
40.4904166666667,16.416072845459
40.4970833333333,16.6521072387695
40.50375,16.8542861938477
40.5104166666667,17.0221328735352
40.5170833333333,17.1527862548828
40.52375,17.247200012207
40.5304166666667,17.3044204711914
40.5370833333333,17.3258781433105
40.54375,17.3110961914063
40.5504166666667,17.2619819641113
40.5570833333333,17.1799659729004
40.56375,17.0669555664063
40.5704166666667,16.9248580932617
40.5770833333333,16.756534576416
40.58375,16.5657997131348
40.5904166666667,16.3569450378418
40.5970833333333,16.1328315734863
40.60375,15.897274017334
40.6104166666667,15.6536102294922
40.6170833333333,15.4051780700684
40.62375,15.1548385620117
40.6304166666667,14.9059295654297
40.6370833333333,14.6603584289551
40.64375,14.4224166870117
40.6504166666667,14.1944885253906
40.6570833333333,13.9784812927246
40.66375,13.7763023376465
40.6704166666667,13.5903358459473
40.6770833333333,13.4215354919434
40.68375,13.2699012756348
40.6904166666667,13.1354331970215
40.6970833333333,13.0186080932617
40.70375,12.9203796386719
40.7104166666667,12.8397941589355
40.7170833333333,12.7763748168945
40.72375,12.7291679382324
40.7304166666667,12.6986503601074
40.7370833333333,12.6824378967285
40.74375,12.6800537109375
40.7504166666667,12.6900672912598
40.7570833333333,12.7105712890625
40.76375,12.7396583557129
40.7704166666667,12.7749443054199
40.7770833333333,12.8135681152344
40.78375,12.8531455993652
40.7904166666667,12.8936767578125
40.7970833333333,12.9342079162598
40.80375,12.9737854003906
40.8104166666667,13.0114555358887
40.8170833333333,13.0453109741211
40.82375,13.0753517150879
40.8304166666667,13.0996704101563
40.8370833333333,13.1168365478516
40.84375,13.1268501281738
40.8504166666667,13.1287574768066
40.8570833333333,13.1230354309082
40.86375,13.1087303161621
40.8704166666667,13.087272644043
40.8770833333333,13.056755065918
40.88375,13.0181312561035
40.8904166666667,12.9709243774414
40.8970833333333,12.9165649414063
40.90375,12.855052947998
40.9104166666667,12.7854347229004
40.9170833333333,12.7086639404297
40.92375,12.6261711120605
40.9304166666667,12.5393867492676
40.9370833333333,12.448787689209
40.94375,12.3553276062012
40.9504166666667,12.2580528259277
40.9570833333333,12.1588706970215
40.96375,12.0573043823242
40.9704166666667,11.9538307189941
40.9770833333333,11.847972869873
40.98375,11.7406845092773
40.9904166666667,11.6333961486816
40.9970833333333,11.5261077880859
41.00375,11.4178657531738
41.0104166666667,11.3091468811035
41.0170833333333,11.2004280090332
41.02375,11.0926628112793
41.0304166666667,10.9853744506836
41.0370833333333,10.8785629272461
41.04375,10.7736587524414
41.0504166666667,10.6706619262695
41.0570833333333,10.5695724487305
41.06375,10.4689598083496
41.0704166666667,10.3693008422852
41.0770833333333,10.2705955505371
41.08375,10.1723670959473
41.0904166666667,10.0736618041992
41.0970833333333,9.97495651245117
41.10375,9.87768173217773
41.1104166666667,9.7808837890625
41.1170833333333,9.68503952026367
41.12375,9.58776473999023
41.1304166666667,9.49001312255859
41.1370833333333,9.39178466796875
41.14375,9.29403305053711
41.1504166666667,9.19675827026367
41.1570833333333,9.09996032714844
41.16375,9.00411605834961
41.1704166666667,8.90970230102539
41.1770833333333,8.81671905517578
41.18375,8.72373580932617
41.1904166666667,8.63122940063477
41.1970833333333,8.53919982910156
41.20375,8.44812393188477
41.2104166666667,8.35800170898438
41.2170833333333,8.2697868347168
41.22375,8.18252563476563
41.2304166666667,8.09764862060547
41.2370833333333,8.01467895507813
41.24375,7.9340934753418
41.2504166666667,7.85589218139648
41.2570833333333,7.77959823608398
41.26375,7.7061653137207
41.2704166666667,7.63559341430664
41.2770833333333,7.56740570068359
41.28375,7.50255584716797
41.2904166666667,7.44009017944336
41.2970833333333,7.38000869750977
41.30375,7.32183456420898
41.3104166666667,7.26604461669922
41.3170833333333,7.21359252929688
41.32375,7.16447830200195
41.3304166666667,7.11917877197266
41.3370833333333,7.07864761352539
41.34375,7.04431533813477
41.3504166666667,7.01522827148438
41.3570833333333,6.99138641357422
41.36375,6.9737434387207
41.3704166666667,6.96229934692383
41.3770833333333,6.95705413818359
41.38375,6.9575309753418
41.3904166666667,6.96372985839844
41.3970833333333,6.97422027587891
41.40375,6.9890022277832
41.4104166666667,7.00807571411133
41.4170833333333,7.03191757202148
41.42375,7.06005096435547
41.4304166666667,7.09295272827148
41.4370833333333,7.13062286376953
41.44375,7.17306137084961
41.4504166666667,7.21883773803711
41.4570833333333,7.26747512817383
41.46375,7.31706619262695
41.4704166666667,7.36761093139648
41.4770833333333,7.41863250732422
41.48375,7.47013092041016
41.4904166666667,7.52019882202148
41.4970833333333,7.5688362121582
41.50375,7.61556625366211
41.5104166666667,7.65848159790039
41.5170833333333,7.69662857055664
41.52375,7.72953033447266
41.5304166666667,7.75718688964844
41.5370833333333,7.77959823608398
41.54375,7.79628753662109
41.5504166666667,7.80582427978516
41.5570833333333,7.80963897705078
41.56375,7.80534744262695
41.5704166666667,7.79342651367188
41.5770833333333,7.77244567871094
41.58375,7.74335861206055
41.5904166666667,7.7056884765625
41.5970833333333,7.659912109375
41.60375,7.60650634765625
41.6104166666667,7.54690170288086
41.6170833333333,7.48109817504883
41.62375,7.40861892700195
41.6304166666667,7.32946395874023
41.6370833333333,7.24601745605469
41.64375,7.15827941894531
41.6504166666667,7.06672668457031
41.6570833333333,6.97183609008789
41.66375,6.87551498413086
41.6704166666667,6.77776336669922
41.6770833333333,6.67905807495117
41.68375,6.57987594604492
41.6904166666667,6.48069381713867
41.6970833333333,6.38151168823242
41.70375,6.28376007080078
41.7104166666667,6.18791580200195
41.7170833333333,6.09493255615234
41.72375,6.00481033325195
41.7304166666667,5.91754913330078
41.7370833333333,5.83314895629883
41.74375,5.7520866394043
41.7504166666667,5.67626953125
41.7570833333333,5.60474395751953
41.76375,5.53607940673828
41.7704166666667,5.47122955322266
41.7770833333333,5.41067123413086
41.78375,5.35392761230469
41.7904166666667,5.29956817626953
41.7970833333333,5.2490234375
41.80375,5.2032470703125
41.8104166666667,5.16271591186523
41.8170833333333,5.12552261352539
41.82375,5.09023666381836
41.8304166666667,5.05781173706055
41.8370833333333,5.02824783325195
41.84375,5.00154495239258
41.8504166666667,4.97579574584961
41.8570833333333,4.95243072509766
41.86375,4.93192672729492
41.8704166666667,4.9138069152832
41.8770833333333,4.89664077758789
41.88375,4.88090515136719
41.8904166666667,4.86660003662109
41.8970833333333,4.85324859619141
41.90375,4.84228134155273
41.9104166666667,4.83322143554688
41.9170833333333,4.82463836669922
41.92375,4.81653213500977
41.9304166666667,4.80985641479492
41.9370833333333,4.80556488037109
41.94375,4.80318069458008
41.9504166666667,4.79984283447266
41.9570833333333,4.79602813720703
41.96375,4.79221343994141
41.9704166666667,4.78887557983398
41.9770833333333,4.78553771972656
41.98375,4.78267669677734
41.9904166666667,4.78219985961914
41.9970833333333,4.78458404541016
42.00375,4.78887557983398
42.0104166666667,4.79316711425781
42.0170833333333,4.79698181152344
42.02375,4.80079650878906
42.0304166666667,4.80556488037109
42.0370833333333,4.81128692626953
42.04375,4.81748580932617
42.0504166666667,4.82654571533203
42.0570833333333,4.8375129699707
42.06375,4.84991073608398
42.0704166666667,4.86230850219727
42.0770833333333,4.87422943115234
42.08375,4.88662719726563
42.0904166666667,4.8985481262207
42.0970833333333,4.91094589233398
42.10375,4.92286682128906
42.1104166666667,4.93526458740234
42.1170833333333,4.94813919067383
42.12375,4.96196746826172
42.1304166666667,4.97579574584961
42.1370833333333,4.9901008605957
42.14375,5.00345230102539
42.1504166666667,5.01585006713867
42.1570833333333,5.02824783325195
42.16375,5.04064559936523
42.1704166666667,5.05208969116211
42.1770833333333,5.06305694580078
42.18375,5.07354736328125
42.1904166666667,5.08451461791992
42.1970833333333,5.09452819824219
42.20375,5.10263442993164
42.2104166666667,5.10787963867188
42.2170833333333,5.11264801025391
42.22375,5.11598587036133
42.2304166666667,5.11837005615234
42.2370833333333,5.11980056762695
42.24375,5.11932373046875
42.2504166666667,5.11789321899414
42.2570833333333,5.11503219604492
42.26375,5.11026382446289
42.2704166666667,5.10263442993164
42.2770833333333,5.09262084960938
42.28375,5.08213043212891
42.2904166666667,5.06973266601563
42.2970833333333,5.05590438842773
42.30375,5.04064559936523
42.3104166666667,5.02395629882813
42.3170833333333,5.00726699829102
42.32375,4.98867034912109
42.3304166666667,4.96768951416016
42.3370833333333,4.94527816772461
42.34375,4.92143630981445
42.3504166666667,4.89711761474609
42.3570833333333,4.87089157104492
42.36375,4.84514236450195
42.3704166666667,4.81939315795898
42.3770833333333,4.79364395141602
42.38375,4.76741790771484
42.3904166666667,4.74071502685547
42.3970833333333,4.71401214599609
42.40375,4.68730926513672
42.4104166666667,4.66156005859375
42.4170833333333,4.63581085205078
42.42375,4.61053848266602
42.4304166666667,4.58574295043945
42.4370833333333,4.5619010925293
42.44375,4.53948974609375
42.4504166666667,4.5170783996582
42.4570833333333,4.49419021606445
42.46375,4.47177886962891
42.4704166666667,4.44984436035156
42.4770833333333,4.42981719970703
42.48375,4.41074371337891
42.4904166666667,4.39310073852539
42.4970833333333,4.37736511230469
42.50375,4.3644905090332
42.5104166666667,4.35352325439453
42.5170833333333,4.34446334838867
42.52375,4.33588027954102
42.5304166666667,4.32825088500977
42.5370833333333,4.32157516479492
42.54375,4.31585311889648
42.5504166666667,4.31156158447266
42.5570833333333,4.30870056152344
42.56375,4.30679321289063
42.5704166666667,4.30631637573242
42.5770833333333,4.30583953857422
42.58375,4.30583953857422
42.5904166666667,4.30679321289063
42.5970833333333,4.30965423583984
42.60375,4.31442260742188
42.6104166666667,4.32109832763672
42.6170833333333,4.32920455932617
42.62375,4.33826446533203
42.6304166666667,4.34637069702148
42.6370833333333,4.35400009155273
42.64375,4.35972213745117
42.6504166666667,4.36544418334961
42.6570833333333,4.37068939208984
42.66375,4.37545776367188
42.6704166666667,4.38070297241211
42.6770833333333,4.38642501831055
42.68375,4.39310073852539
42.6904166666667,4.40025329589844
42.6970833333333,4.40692901611328
42.70375,4.41312789916992
42.7104166666667,4.41789627075195
42.7170833333333,4.42075729370117
42.72375,4.42075729370117
42.7304166666667,4.41837310791016
42.7370833333333,4.41503524780273
42.74375,4.41169738769531
42.7504166666667,4.40740585327148
42.7570833333333,4.40073013305664
42.76375,4.39310073852539
42.7704166666667,4.38404083251953
42.7770833333333,4.37307357788086
42.78375,4.36115264892578
42.7904166666667,4.34970855712891
42.7970833333333,4.33969497680664
42.80375,4.33063507080078
42.8104166666667,4.32252883911133
42.8170833333333,4.31489944458008
42.82375,4.30679321289063
42.8304166666667,4.29868698120117
42.8370833333333,4.29058074951172
42.84375,4.28152084350586
42.8504166666667,4.2724609375
42.8570833333333,4.26340103149414
42.86375,4.25624847412109
42.8704166666667,4.25004959106445
42.8770833333333,4.24480438232422
42.88375,4.24051284790039
42.8904166666667,4.23765182495117
42.8970833333333,4.23622131347656
42.90375,4.23717498779297
42.9104166666667,4.23860549926758
42.9170833333333,4.2414665222168
42.92375,4.24671173095703
42.9304166666667,4.25481796264648
42.9370833333333,4.26530838012695
42.94375,4.27722930908203
42.9504166666667,4.29105758666992
42.9570833333333,4.30631637573242
42.96375,4.32395935058594
42.9704166666667,4.34207916259766
42.9770833333333,4.36115264892578
42.98375,4.38165664672852
42.9904166666667,4.40502166748047
42.9970833333333,4.43029403686523
43.00375,4.45842742919922
43.0104166666667,4.48799133300781
43.0170833333333,4.51993942260742
43.02375,4.55331802368164
43.0304166666667,4.58908081054688
43.0370833333333,4.62675094604492
43.04375,4.66585159301758
43.0504166666667,4.70542907714844
43.0570833333333,4.74643707275391
43.06375,4.78935241699219
43.0704166666667,4.83179092407227
43.0770833333333,4.87375259399414
43.08375,4.91523742675781
43.0904166666667,4.95767593383789
43.0970833333333,5.00154495239258
43.10375,5.04589080810547
43.1104166666667,5.09166717529297
43.1170833333333,5.13792037963867
43.12375,5.18465042114258
43.1304166666667,5.22994995117188
43.1370833333333,5.27334213256836
43.14375,5.31435012817383
43.1504166666667,5.35345077514648
43.1570833333333,5.39112091064453
43.16375,5.42688369750977
43.1704166666667,5.46073913574219
43.1770833333333,5.4926872253418
43.18375,5.52177429199219
43.1904166666667,5.54752349853516
43.1970833333333,5.5699348449707
43.20375,5.58996200561523
43.2104166666667,5.60903549194336
43.2170833333333,5.62667846679688
43.22375,5.64241409301758
43.2304166666667,5.65624237060547
43.2370833333333,5.66864013671875
43.24375,5.67865371704102
43.2504166666667,5.68580627441406
43.2570833333333,5.6910514831543
43.26375,5.69438934326172
43.2704166666667,5.69534301757813
43.2770833333333,5.69438934326172
43.28375,5.69057464599609
43.2904166666667,5.68485260009766
43.2970833333333,5.67770004272461
43.30375,5.67007064819336
43.3104166666667,5.6614875793457
43.3170833333333,5.65290451049805
43.32375,5.64384460449219
43.3304166666667,5.63430786132813
43.3370833333333,5.62429428100586
43.34375,5.61428070068359
43.3504166666667,5.60474395751953
43.3570833333333,5.59520721435547
43.36375,5.58710098266602
43.3704166666667,5.57947158813477
43.3770833333333,5.57231903076172
43.38375,5.56516647338867
43.3904166666667,5.55849075317383
43.3970833333333,5.55181503295898
43.40375,5.54561614990234
43.4104166666667,5.53989410400391
43.4170833333333,5.53417205810547
43.42375,5.52797317504883
43.4304166666667,5.52177429199219
43.4370833333333,5.51557540893555
43.44375,5.51033020019531
43.4504166666667,5.50508499145508
43.4570833333333,5.49936294555664
43.46375,5.4931640625
43.4704166666667,5.48553466796875
43.4770833333333,5.47552108764648
43.48375,5.46455383300781
43.4904166666667,5.45215606689453
43.4970833333333,5.44023513793945
43.50375,5.42736053466797
43.5104166666667,5.41400909423828
43.5170833333333,5.39970397949219
43.52375,5.38396835327148
43.5304166666667,5.36680221557617
43.5370833333333,5.34772872924805
43.54375,5.32817840576172
43.5504166666667,5.3095817565918
43.5570833333333,5.29146194458008
43.56375,5.27191162109375
43.5704166666667,5.25188446044922
43.5770833333333,5.23138046264648
43.58375,5.21087646484375
43.5904166666667,5.18894195556641
43.5970833333333,5.16605377197266
43.60375,5.14316558837891
43.6104166666667,5.12123107910156
43.6170833333333,5.10072708129883
43.62375,5.0811767578125
43.6304166666667,5.06210327148438
43.6370833333333,5.04493713378906
43.64375,5.02920150756836
43.6504166666667,5.01537322998047
43.6570833333333,5.00297546386719
43.66375,4.99248504638672
43.6704166666667,4.98342514038086
43.6770833333333,4.97531890869141
43.68375,4.96816635131836
43.6904166666667,4.96101379394531
43.6970833333333,4.95386123657227
43.70375,4.94766235351563
43.7104166666667,4.94289398193359
43.7170833333333,4.93907928466797
43.72375,4.93621826171875
43.7304166666667,4.93383407592773
43.7370833333333,4.93097305297852
43.74375,4.92763519287109
43.7504166666667,4.92382049560547
43.7570833333333,4.91857528686523
43.76375,4.91237640380859
43.7704166666667,4.90522384643555
43.7770833333333,4.8975944519043
43.78375,4.88853454589844
43.7904166666667,4.87852096557617
43.7970833333333,4.8670768737793
43.80375,4.85467910766602
43.8104166666667,4.84037399291992
43.8170833333333,4.82368469238281
43.82375,4.80508804321289
43.8304166666667,4.78458404541016
43.8370833333333,4.76169586181641
43.84375,4.73642349243164
43.8504166666667,4.70972061157227
43.8570833333333,4.68206405639648
43.86375,4.65250015258789
43.8704166666667,4.62198257446289
43.8770833333333,4.59003448486328
43.88375,4.55760955810547
43.8904166666667,4.52327728271484
43.8970833333333,4.48846817016602
43.90375,4.45318222045898
43.9104166666667,4.41646575927734
43.9170833333333,4.3792724609375
43.92375,4.34255599975586
43.9304166666667,4.30679321289063
43.9370833333333,4.27150726318359
43.94375,4.23765182495117
43.9504166666667,4.20522689819336
43.9570833333333,4.17327880859375
43.96375,4.14180755615234
43.9704166666667,4.11033630371094
43.9770833333333,4.07934188842773
43.98375,4.04930114746094
43.9904166666667,4.02164459228516
43.9970833333333,3.99637222290039
44.00375,3.97443771362305
44.0104166666667,3.95441055297852
44.0170833333333,3.936767578125
44.02375,3.91960144042969
44.0304166666667,3.90243530273438
44.0370833333333,3.88526916503906
44.04375,3.86810302734375
44.0504166666667,3.85189056396484
44.0570833333333,3.83663177490234
44.06375,3.82328033447266
44.0704166666667,3.81183624267578
44.0770833333333,3.80182266235352
44.08375,3.79276275634766
44.0904166666667,3.7846565246582
44.0970833333333,3.77702713012695
44.10375,3.77035140991211
44.1104166666667,3.76367568969727
44.1170833333333,3.75795364379883
44.12375,3.753662109375
44.1304166666667,3.74984741210938
44.1370833333333,3.74650955200195
44.14375,3.74317169189453
44.1504166666667,3.73935699462891
44.1570833333333,3.73649597167969
44.16375,3.73458862304688
44.1704166666667,3.73268127441406
44.1770833333333,3.73172760009766
44.18375,3.73125076293945
44.1904166666667,3.73125076293945
44.1970833333333,3.73125076293945
44.20375,3.73077392578125
44.2104166666667,3.72982025146484
44.2170833333333,3.72886657714844
44.22375,3.72934341430664
44.2304166666667,3.72982025146484
44.2370833333333,3.73125076293945
44.24375,3.73268127441406
44.2504166666667,3.73458862304688
44.2570833333333,3.73697280883789
44.26375,3.73935699462891
44.2704166666667,3.74126434326172
44.2770833333333,3.74269485473633
44.28375,3.74364852905273
44.2904166666667,3.74460220336914
44.2970833333333,3.74603271484375
44.30375,3.74794006347656
44.3104166666667,3.75080108642578
44.3170833333333,3.7541389465332
44.32375,3.75795364379883
44.3304166666667,3.76129150390625
44.3370833333333,3.76462936401367
44.34375,3.76749038696289
44.3504166666667,3.7693977355957
44.3570833333333,3.77130508422852
44.36375,3.77368927001953
44.3704166666667,3.77655029296875
44.3770833333333,3.77988815307617
44.38375,3.78322601318359
44.3904166666667,3.78608703613281
44.3970833333333,3.78990173339844
44.40375,3.79323959350586
44.4104166666667,3.79657745361328
44.4170833333333,3.7999153137207
44.42375,3.80420684814453
44.4304166666667,3.80945205688477
44.4370833333333,3.81374359130859
44.44375,3.81803512573242
44.4504166666667,3.82184982299805
44.4570833333333,3.82566452026367
44.46375,3.82804870605469
44.4704166666667,3.8304328918457
44.4770833333333,3.83281707763672
44.48375,3.83472442626953
44.4904166666667,3.83710861206055
44.4970833333333,3.84140014648438
44.50375,3.84664535522461
44.5104166666667,3.85236740112305
44.5170833333333,3.85904312133789
44.52375,3.86619567871094
44.5304166666667,3.87382507324219
44.5370833333333,3.88193130493164
44.54375,3.8909912109375
44.5504166666667,3.90100479125977
44.5570833333333,3.91197204589844
44.56375,3.92436981201172
44.5704166666667,3.93772125244141
44.5770833333333,3.9525032043457
44.58375,3.96823883056641
44.5904166666667,3.98588180541992
44.5970833333333,4.00495529174805
44.60375,4.02498245239258
44.6104166666667,4.04644012451172
44.6170833333333,4.06980514526367
44.62375,4.09412384033203
44.6304166666667,4.1203498840332
44.6370833333333,4.1499137878418
44.64375,4.18281555175781
44.6504166666667,4.21857833862305
44.6570833333333,4.2572021484375
44.66375,4.29868698120117
44.6704166666667,4.34303283691406
44.6770833333333,4.38976287841797
44.68375,4.4398307800293
44.6904166666667,4.49275970458984
44.6970833333333,4.54950332641602
44.70375,4.61101531982422
44.7104166666667,4.67777252197266
44.7170833333333,4.74929809570313
44.72375,4.82654571533203
44.7304166666667,4.90999221801758
44.7370833333333,4.99963760375977
44.74375,5.09500503540039
44.7504166666667,5.19609451293945
44.7570833333333,5.30385971069336
44.76375,5.41782379150391
44.7704166666667,5.53798675537109
44.7770833333333,5.66530227661133
44.78375,5.80120086669922
44.7904166666667,5.94711303710938
44.7970833333333,6.10113143920898
44.80375,6.26373291015625
44.8104166666667,6.43539428710938
44.8170833333333,6.61516189575195
44.82375,6.80208206176758
44.8304166666667,6.99615478515625
44.8370833333333,7.19833374023438
44.84375,7.40766525268555
44.8504166666667,7.62367248535156
44.8570833333333,7.84587860107422
44.86375,8.07571411132813
44.8704166666667,8.31079483032227
44.8770833333333,8.55159759521484
44.88375,8.79716873168945
44.8904166666667,9.04750823974609
44.8970833333333,9.29975509643555
44.90375,9.5524787902832
44.9104166666667,9.80472564697266
44.9170833333333,10.0560188293457
44.92375,10.3049278259277
44.9304166666667,10.5490684509277
44.9370833333333,10.7879638671875
44.94375,11.0206604003906
44.9504166666667,11.2457275390625
44.9570833333333,11.4617347717285
44.96375,11.6672515869141
44.9704166666667,11.8603706359863
44.9770833333333,12.0401382446289
44.98375,12.2056007385254
44.9904166666667,12.3553276062012
44.9970833333333,12.4878883361816
45.00375,12.6023292541504
45.0104166666667,12.6981735229492
45.0170833333333,12.7754211425781
45.02375,12.8326416015625
45.0304166666667,12.8684043884277
45.0370833333333,12.8827095031738
45.04375,12.8765106201172
45.0504166666667,12.8507614135742
45.0570833333333,12.8045082092285
45.06375,12.7382278442383
45.0704166666667,12.6533508300781
45.0770833333333,12.5508308410645
45.08375,12.4320983886719
45.0904166666667,12.2971534729004
45.0970833333333,12.1474266052246
45.10375,11.9833946228027
45.1104166666667,11.8064880371094
45.1170833333333,11.6167068481445
45.12375,11.4150047302246
45.1304166666667,11.2028121948242
45.1370833333333,10.9829902648926
45.14375,10.7569694519043
45.1504166666667,10.5266571044922
45.1570833333333,10.2939605712891
45.16375,10.0593566894531
45.1704166666667,9.82379913330078
45.1770833333333,9.58728790283203
45.18375,9.35268402099609
45.1904166666667,9.12094116210938
45.1970833333333,8.89348983764648
45.20375,8.67128372192383
45.2104166666667,8.45479965209961
45.2170833333333,8.24499130249023
45.22375,8.0418586730957
45.2304166666667,7.84683227539063
45.2370833333333,7.65895843505859
45.24375,7.48014450073242
45.2504166666667,7.30991363525391
45.2570833333333,7.14874267578125
45.26375,6.99615478515625
45.2704166666667,6.8516731262207
45.2770833333333,6.71625137329102
45.28375,6.58893585205078
45.2904166666667,6.4702033996582
45.2970833333333,6.36005401611328
45.30375,6.25753402709961
45.3104166666667,6.16264343261719
45.3170833333333,6.07490539550781
45.32375,5.99527359008789
45.3304166666667,5.92327117919922
45.3370833333333,5.85842132568359
45.34375,5.80072402954102
45.3504166666667,5.74922561645508
45.3570833333333,5.70392608642578
45.36375,5.66434860229492
45.3704166666667,5.6309700012207
45.3770833333333,5.60379028320313
45.38375,5.58280944824219
45.3904166666667,5.56707382202148
45.3970833333333,5.55753707885742
45.40375,5.55276870727539
45.4104166666667,5.55276870727539
45.4170833333333,5.55753707885742
45.42375,5.5689811706543
45.4304166666667,5.58710098266602
45.4370833333333,5.61237335205078
45.44375,5.64479827880859
45.4504166666667,5.68532943725586
45.4570833333333,5.73396682739258
45.46375,5.79071044921875
45.4704166666667,5.85556030273438
45.4770833333333,5.92851638793945
45.48375,6.01053237915039
45.4904166666667,6.10208511352539
45.4970833333333,6.20412826538086
45.50375,6.31618499755859
45.5104166666667,6.439208984375
45.5170833333333,6.57510757446289
45.52375,6.72340393066406
45.5304166666667,6.88552856445313
45.5370833333333,7.06052780151367
45.54375,7.24887847900391
45.5504166666667,7.45058059692383
45.5570833333333,7.66563415527344
45.56375,7.89594650268555
45.5704166666667,8.14199447631836
45.5770833333333,8.40377807617188
45.58375,8.6817741394043
45.5904166666667,8.97645950317383
45.5970833333333,9.28735733032227
45.60375,9.61446762084961
45.6104166666667,9.95588302612305
45.6170833333333,10.3111267089844
45.62375,10.6801986694336
45.6304166666667,11.0635757446289
45.6370833333333,11.4603042602539
45.64375,11.8694305419922
45.6504166666667,12.2895240783691
45.6570833333333,12.721061706543
45.66375,13.1630897521973
45.6704166666667,13.6117935180664
45.6770833333333,14.0652656555176
45.68375,14.5220756530762
45.6904166666667,14.9822235107422
45.6970833333333,15.44189453125
45.70375,15.899658203125
45.7104166666667,16.3531303405762
45.7170833333333,16.7999267578125
45.72375,17.2386169433594
45.7304166666667,17.6653861999512
45.7370833333333,18.0788040161133
45.74375,18.4764862060547
45.7504166666667,18.8579559326172
45.7570833333333,19.2203521728516
45.76375,19.5622444152832
45.7704166666667,19.8798179626465
45.7770833333333,20.1716423034668
45.78375,20.4358100891113
45.7904166666667,20.6689834594727
45.7970833333333,20.8697319030762
45.80375,21.0371017456055
45.8104166666667,21.1687088012695
45.8170833333333,21.2650299072266
45.82375,21.3255882263184
45.8304166666667,21.3494300842285
45.8370833333333,21.3360786437988
45.84375,21.2855339050293
45.8504166666667,21.1987495422363
45.8570833333333,21.0771560668945
45.86375,20.9202766418457
45.8704166666667,20.7300186157227
45.8770833333333,20.5078125
45.88375,20.2546119689941
45.8904166666667,19.9723243713379
45.8970833333333,19.6628570556641
45.90375,19.3276405334473
45.9104166666667,18.9700126647949
45.9170833333333,18.5918807983398
45.92375,18.1951522827148
45.9304166666667,17.7817344665527
45.9370833333333,17.3540115356445
45.94375,16.9148445129395
45.9504166666667,16.4666175842285
45.9570833333333,16.0117149353027
45.96375,15.5506134033203
45.9704166666667,15.0880813598633
45.9770833333333,14.6265029907227
45.98375,14.1668319702148
45.9904166666667,13.7114524841309
45.9970833333333,13.2613182067871
46.00375,12.819766998291
46.0104166666667,12.387752532959
46.0170833333333,11.9662284851074
46.02375,11.5566253662109
46.0304166666667,11.1598968505859
46.0370833333333,10.777473449707
46.04375,10.4079246520996
46.0504166666667,10.0531578063965
46.0570833333333,9.71317291259766
46.06375,9.38796997070313
46.0704166666667,9.07707214355469
46.0770833333333,8.78143310546875
46.08375,8.50200653076172
46.0904166666667,8.23688507080078
46.0970833333333,7.98559188842773
46.10375,7.74717330932617
46.1104166666667,7.52162933349609
46.1170833333333,7.3084831237793
46.12375,7.10773468017578
46.1304166666667,6.91843032836914
46.1370833333333,6.74009323120117
46.14375,6.57176971435547
46.1504166666667,6.41202926635742
46.1570833333333,6.26182556152344
46.16375,6.12020492553711
46.1704166666667,5.98526000976563
46.1770833333333,5.85556030273438
46.18375,5.73253631591797
46.1904166666667,5.6157112121582
46.1970833333333,5.50222396850586
46.20375,5.39159774780273
46.2104166666667,5.28478622436523
46.2170833333333,5.18131256103516
46.22375,5.07974624633789
46.2304166666667,4.98104095458984
46.2370833333333,4.88519668579102
46.24375,4.7917366027832
46.2504166666667,4.6992301940918
46.2570833333333,4.608154296875
46.26375,4.51803207397461
46.2704166666667,4.42743301391602
46.2770833333333,4.33731079101563
46.28375,4.24766540527344
46.2904166666667,4.15897369384766
46.2970833333333,4.07171249389648
46.30375,3.98492813110352
46.3104166666667,3.89862060546875
46.3170833333333,3.81231307983398
46.32375,3.72648239135742
46.3304166666667,3.64208221435547
46.3370833333333,3.55911254882813
46.34375,3.47614288330078
46.3504166666667,3.39317321777344
46.3570833333333,3.3116340637207
46.36375,3.23200225830078
46.3704166666667,3.15237045288086
46.3770833333333,3.07321548461914
46.38375,2.99501419067383
46.3904166666667,2.91824340820313
46.3970833333333,2.84242630004883
46.40375,2.76708602905273
46.4104166666667,2.69222259521484
46.4170833333333,2.61878967285156
46.42375,2.54726409912109
46.4304166666667,2.47764587402344
46.4370833333333,2.40945816040039
46.44375,2.34270095825195
46.4504166666667,2.27642059326172
46.4570833333333,2.21061706542969
46.46375,2.14672088623047
46.4704166666667,2.08473205566406
46.4770833333333,2.02322006225586
46.48375,1.96313858032227
46.4904166666667,1.90591812133789
46.4970833333333,1.85251235961914
46.50375,1.79958343505859
46.5104166666667,1.74617767333984
46.5170833333333,1.6942024230957
46.52375,1.64413452148438
46.5304166666667,1.59406661987305
46.5370833333333,1.54447555541992
46.54375,1.4958381652832
46.5504166666667,1.4495849609375
46.5570833333333,1.40523910522461
46.56375,1.36232376098633
46.5704166666667,1.32036209106445
46.5770833333333,1.27935409545898
46.58375,1.23977661132813
46.5904166666667,1.20258331298828
46.5970833333333,1.16729736328125
46.60375,1.13201141357422
46.6104166666667,1.09624862670898
46.6170833333333,1.06191635131836
46.62375,1.02853775024414
46.6304166666667,0.996112823486328
46.6370833333333,0.964641571044922
46.64375,0.933647155761719
46.6504166666667,0.904560089111328
46.6570833333333,0.876903533935547
46.66375,0.850677490234375
46.6704166666667,0.824928283691406
46.6770833333333,0.798702239990234
46.68375,0.772476196289063
46.6904166666667,0.748157501220703
46.6970833333333,0.72479248046875
46.70375,0.701427459716797
46.7104166666667,0.678062438964844
46.7170833333333,0.6561279296875
46.72375,0.636577606201172
46.7304166666667,0.618457794189453
46.7370833333333,0.599861145019531
46.74375,0.580787658691406
46.7504166666667,0.563144683837891
46.7570833333333,0.547409057617188
46.76375,0.532627105712891
46.7704166666667,0.517845153808594
46.7770833333333,0.504016876220703
46.78375,0.491619110107422
46.7904166666667,0.478744506835938
46.7970833333333,0.465869903564453
46.80375,0.452518463134766
46.8104166666667,0.439167022705078
46.8170833333333,0.426769256591797
46.82375,0.415802001953125
46.8304166666667,0.405311584472656
46.8370833333333,0.394344329833984
46.84375,0.383377075195313
46.8504166666667,0.374317169189453
46.8570833333333,0.366687774658203
46.86375,0.359058380126953
46.8704166666667,0.3509521484375
46.8770833333333,0.34332275390625
46.88375,0.337123870849609
46.8904166666667,0.330924987792969
46.8970833333333,0.323772430419922
46.90375,0.316619873046875
46.9104166666667,0.309944152832031
46.9170833333333,0.304222106933594
46.92375,0.299453735351563
46.9304166666667,0.294208526611328
46.9370833333333,0.288963317871094
46.94375,0.284194946289063
46.9504166666667,0.280380249023438
46.9570833333333,0.277996063232422
46.96375,0.275611877441406
46.9704166666667,0.272274017333984
46.9770833333333,0.268936157226563
46.98375,0.266075134277344
46.9904166666667,0.264644622802734
46.9970833333333,0.262737274169922
47.00375,0.260829925537109
47.0104166666667,0.259876251220703
47.0170833333333,0.259876251220703
47.02375,0.260353088378906
47.0304166666667,0.260829925537109
47.0370833333333,0.260829925537109
47.04375,0.260829925537109
47.0504166666667,0.261306762695313
47.0570833333333,0.261306762695313
47.06375,0.260829925537109
47.0704166666667,0.260353088378906
47.0770833333333,0.2593994140625
47.08375,0.258922576904297
47.0904166666667,0.258922576904297
47.0970833333333,0.258922576904297
47.10375,0.258922576904297
47.1104166666667,0.2593994140625
47.1170833333333,0.259876251220703
47.12375,0.260829925537109
47.1304166666667,0.261306762695313
47.1370833333333,0.261783599853516
47.14375,0.262260437011719
47.1504166666667,0.262737274169922
47.1570833333333,0.263690948486328
47.16375,0.264167785644531
47.1704166666667,0.264644622802734
47.1770833333333,0.265598297119141
47.18375,0.267505645751953
47.1904166666667,0.268936157226563
47.1970833333333,0.269889831542969
47.20375,0.269412994384766
47.2104166666667,0.270843505859375
47.2170833333333,0.272750854492188
47.22375,0.274181365966797
47.2304166666667,0.274658203125
47.2370833333333,0.275135040283203
47.24375,0.276565551757813
47.2504166666667,0.277042388916016
47.2570833333333,0.277519226074219
47.26375,0.277996063232422
47.2704166666667,0.278472900390625
47.2770833333333,0.278472900390625
47.28375,0.278949737548828
47.2904166666667,0.278949737548828
47.2970833333333,0.278949737548828
47.30375,0.278472900390625
47.3104166666667,0.278472900390625
47.3170833333333,0.278472900390625
47.32375,0.279426574707031
47.3304166666667,0.279426574707031
47.3370833333333,0.279903411865234
47.34375,0.280380249023438
47.3504166666667,0.281810760498047
47.3570833333333,0.283241271972656
47.36375,0.284194946289063
47.3704166666667,0.285148620605469
47.3770833333333,0.285148620605469
47.38375,0.285625457763672
47.3904166666667,0.285148620605469
47.3970833333333,0.284194946289063
47.40375,0.284194946289063
47.4104166666667,0.284671783447266
47.4170833333333,0.285148620605469
47.42375,0.285148620605469
47.4304166666667,0.285148620605469
47.4370833333333,0.285148620605469
47.44375,0.285148620605469
47.4504166666667,0.285148620605469
47.4570833333333,0.285148620605469
47.46375,0.284671783447266
47.4704166666667,0.284194946289063
47.4770833333333,0.283718109130859
47.48375,0.284194946289063
47.4904166666667,0.284671783447266
47.4970833333333,0.284671783447266
47.50375,0.284671783447266
47.5104166666667,0.285625457763672
47.5170833333333,0.286579132080078
47.52375,0.286102294921875
47.5304166666667,0.284671783447266
47.5370833333333,0.283718109130859
47.54375,0.284194946289063
47.5504166666667,0.284671783447266
47.5570833333333,0.283718109130859
47.56375,0.283718109130859
47.5704166666667,0.285148620605469
47.5770833333333,0.286102294921875
47.58375,0.286102294921875
47.5904166666667,0.284671783447266
47.5970833333333,0.284194946289063
47.60375,0.284194946289063
47.6104166666667,0.284194946289063
47.6170833333333,0.284194946289063
47.62375,0.284671783447266
47.6304166666667,0.286102294921875
47.6370833333333,0.287532806396484
47.64375,0.288486480712891
47.6504166666667,0.289440155029297
47.6570833333333,0.2899169921875
47.66375,0.2899169921875
47.6704166666667,0.2899169921875
47.6770833333333,0.288963317871094
47.68375,0.288009643554688
47.6904166666667,0.287055969238281
47.6970833333333,0.286102294921875
47.70375,0.286102294921875
47.7104166666667,0.287532806396484
47.7170833333333,0.290393829345703
47.72375,0.293254852294922
47.7304166666667,0.296115875244141
47.7370833333333,0.298023223876953
47.74375,0.298500061035156
47.7504166666667,0.298023223876953
47.7570833333333,0.296592712402344
47.76375,0.295162200927734
47.7704166666667,0.293731689453125
47.7770833333333,0.292301177978516
47.78375,0.291824340820313
47.7904166666667,0.291347503662109
47.7970833333333,0.291824340820313
47.80375,0.291824340820313
47.8104166666667,0.292301177978516
47.8170833333333,0.292778015136719
47.82375,0.292778015136719
47.8304166666667,0.292301177978516
47.8370833333333,0.290393829345703
47.84375,0.288486480712891
47.8504166666667,0.287055969238281
47.8570833333333,0.286102294921875
47.86375,0.284671783447266
47.8704166666667,0.284194946289063
47.8770833333333,0.284671783447266
47.88375,0.286579132080078
47.8904166666667,0.288486480712891
47.8970833333333,0.2899169921875
47.90375,0.291347503662109
47.9104166666667,0.293254852294922
47.9170833333333,0.294208526611328
47.92375,0.294208526611328
47.9304166666667,0.295162200927734
47.9370833333333,0.295639038085938
47.94375,0.296115875244141
47.9504166666667,0.295639038085938
47.9570833333333,0.295162200927734
47.96375,0.294208526611328
47.9704166666667,0.293731689453125
47.9770833333333,0.293254852294922
47.98375,0.292301177978516
47.9904166666667,0.292301177978516
47.9970833333333,0.292301177978516
48.00375,0.292778015136719
48.0104166666667,0.293254852294922
48.0170833333333,0.293731689453125
48.02375,0.294208526611328
48.0304166666667,0.294685363769531
48.0370833333333,0.294208526611328
48.04375,0.292778015136719
48.0504166666667,0.290870666503906
48.0570833333333,0.288963317871094
48.06375,0.288009643554688
48.0704166666667,0.288009643554688
48.0770833333333,0.288486480712891
48.08375,0.288963317871094
48.0904166666667,0.288963317871094
48.0970833333333,0.289440155029297
48.10375,0.288963317871094
48.1104166666667,0.288009643554688
48.1170833333333,0.287055969238281
48.12375,0.286579132080078
48.1304166666667,0.286579132080078
48.1370833333333,0.287532806396484
48.14375,0.288486480712891
48.1504166666667,0.289440155029297
48.1570833333333,0.290393829345703
48.16375,0.291347503662109
48.1704166666667,0.291824340820313
48.1770833333333,0.291824340820313
48.18375,0.291824340820313
48.1904166666667,0.291347503662109
48.1970833333333,0.291824340820313
48.20375,0.292301177978516
48.2104166666667,0.291824340820313
48.2170833333333,0.290393829345703
48.22375,0.288963317871094
48.2304166666667,0.286579132080078
48.2370833333333,0.284671783447266
48.24375,0.283241271972656
48.2504166666667,0.283241271972656
48.2570833333333,0.285148620605469
48.26375,0.288009643554688
48.2704166666667,0.290393829345703
48.2770833333333,0.293254852294922
48.28375,0.295639038085938
48.2904166666667,0.297069549560547
48.2970833333333,0.298023223876953
48.30375,0.298500061035156
48.3104166666667,0.297069549560547
48.3170833333333,0.294208526611328
48.32375,0.291824340820313
48.3304166666667,0.289440155029297
48.3370833333333,0.288486480712891
48.34375,0.288486480712891
48.3504166666667,0.289440155029297
48.3570833333333,0.291347503662109
48.36375,0.293254852294922
48.3704166666667,0.294685363769531
48.3770833333333,0.294685363769531
48.38375,0.294208526611328
48.3904166666667,0.293731689453125
48.3970833333333,0.293254852294922
48.40375,0.292301177978516
48.4104166666667,0.291824340820313
48.4170833333333,0.291824340820313
48.42375,0.292301177978516
48.4304166666667,0.293254852294922
48.4370833333333,0.294208526611328
48.44375,0.294208526611328
48.4504166666667,0.294208526611328
48.4570833333333,0.293731689453125
48.46375,0.292778015136719
48.4704166666667,0.292301177978516
48.4770833333333,0.291824340820313
48.48375,0.291347503662109
48.4904166666667,0.291347503662109
48.4970833333333,0.290393829345703
48.50375,0.290393829345703
48.5104166666667,0.290870666503906
48.5170833333333,0.291347503662109
48.52375,0.291824340820313
48.5304166666667,0.292778015136719
48.5370833333333,0.293731689453125
48.54375,0.294685363769531
48.5504166666667,0.295162200927734
48.5570833333333,0.295162200927734
48.56375,0.294685363769531
48.5704166666667,0.294208526611328
48.5770833333333,0.293731689453125
48.58375,0.292301177978516
48.5904166666667,0.290393829345703
48.5970833333333,0.288009643554688
48.60375,0.286579132080078
48.6104166666667,0.286102294921875
48.6170833333333,0.287055969238281
48.62375,0.288486480712891
48.6304166666667,0.290393829345703
48.6370833333333,0.293254852294922
48.64375,0.296115875244141
48.6504166666667,0.29754638671875
48.6570833333333,0.29754638671875
48.66375,0.297069549560547
48.6704166666667,0.297069549560547
48.6770833333333,0.297069549560547
48.68375,0.298023223876953
48.6904166666667,0.29754638671875
48.6970833333333,0.297069549560547
48.70375,0.296115875244141
48.7104166666667,0.295162200927734
48.7170833333333,0.294208526611328
48.72375,0.293254852294922
48.7304166666667,0.291824340820313
48.7370833333333,0.290870666503906
48.74375,0.290393829345703
48.7504166666667,0.289440155029297
48.7570833333333,0.288486480712891
48.76375,0.287532806396484
48.7704166666667,0.288009643554688
48.7770833333333,0.288963317871094
48.78375,0.2899169921875
48.7904166666667,0.291347503662109
48.7970833333333,0.293254852294922
48.80375,0.295639038085938
48.8104166666667,0.297069549560547
48.8170833333333,0.29754638671875
48.82375,0.298023223876953
48.8304166666667,0.298500061035156
48.8370833333333,0.298500061035156
48.84375,0.29754638671875
48.8504166666667,0.297069549560547
48.8570833333333,0.296592712402344
48.86375,0.296115875244141
48.8704166666667,0.295639038085938
48.8770833333333,0.293731689453125
48.88375,0.292301177978516
48.8904166666667,0.291824340820313
48.8970833333333,0.292301177978516
48.90375,0.292778015136719
48.9104166666667,0.293254852294922
48.9170833333333,0.294685363769531
48.92375,0.295639038085938
48.9304166666667,0.296115875244141
48.9370833333333,0.295639038085938
48.94375,0.295162200927734
48.9504166666667,0.294208526611328
48.9570833333333,0.293254852294922
48.96375,0.292301177978516
48.9704166666667,0.292301177978516
48.9770833333333,0.292301177978516
48.98375,0.292778015136719
48.9904166666667,0.294685363769531
48.9970833333333,0.296592712402344
49.00375,0.298500061035156
49.0104166666667,0.299453735351563
49.0170833333333,0.299453735351563
49.02375,0.299453735351563
49.0304166666667,0.29754638671875
49.0370833333333,0.295639038085938
49.04375,0.294685363769531
49.0504166666667,0.294685363769531
49.0570833333333,0.295639038085938
49.06375,0.296115875244141
49.0704166666667,0.297069549560547
49.0770833333333,0.298500061035156
49.08375,0.300407409667969
49.0904166666667,0.301361083984375
49.0970833333333,0.300884246826172
49.10375,0.300407409667969
49.1104166666667,0.298976898193359
49.1170833333333,0.297069549560547
49.12375,0.294208526611328
49.1304166666667,0.291347503662109
49.1370833333333,0.290393829345703
49.14375,0.291824340820313
49.1504166666667,0.294208526611328
49.1570833333333,0.296592712402344
49.16375,0.298976898193359
49.1704166666667,0.300884246826172
49.1770833333333,0.301361083984375
49.18375,0.299930572509766
49.1904166666667,0.298023223876953
49.1970833333333,0.295639038085938
49.20375,0.293731689453125
49.2104166666667,0.293254852294922
49.2170833333333,0.293254852294922
49.22375,0.293731689453125
49.2304166666667,0.293731689453125
49.2370833333333,0.294685363769531
49.24375,0.295162200927734
49.2504166666667,0.294208526611328
49.2570833333333,0.293254852294922
49.26375,0.293254852294922
49.2704166666667,0.293731689453125
49.2770833333333,0.293731689453125
49.28375,0.293254852294922
49.2904166666667,0.292301177978516
49.2970833333333,0.292301177978516
49.30375,0.291824340820313
49.3104166666667,0.291824340820313
49.3170833333333,0.291824340820313
49.32375,0.292301177978516
49.3304166666667,0.292778015136719
49.3370833333333,0.293254852294922
49.34375,0.293254852294922
49.3504166666667,0.293254852294922
49.3570833333333,0.294208526611328
49.36375,0.295639038085938
49.3704166666667,0.296592712402344
49.3770833333333,0.297069549560547
49.38375,0.297069549560547
49.3904166666667,0.29754638671875
49.3970833333333,0.29754638671875
49.40375,0.297069549560547
49.4104166666667,0.296592712402344
49.4170833333333,0.297069549560547
49.42375,0.296592712402344
49.4304166666667,0.295639038085938
49.4370833333333,0.294208526611328
49.44375,0.292778015136719
49.4504166666667,0.291824340820313
49.4570833333333,0.291347503662109
49.46375,0.291824340820313
49.4704166666667,0.292301177978516
49.4770833333333,0.293254852294922
49.48375,0.294685363769531
49.4904166666667,0.295639038085938
49.4970833333333,0.296115875244141
49.50375,0.296115875244141
49.5104166666667,0.296592712402344
49.5170833333333,0.296592712402344
49.52375,0.296592712402344
49.5304166666667,0.296115875244141
49.5370833333333,0.296115875244141
49.54375,0.296592712402344
49.5504166666667,0.298023223876953
49.5570833333333,0.298976898193359
49.56375,0.299453735351563
49.5704166666667,0.299453735351563
49.5770833333333,0.298500061035156
49.58375,0.296115875244141
49.5904166666667,0.293254852294922
49.5970833333333,0.291347503662109
49.60375,0.290393829345703
49.6104166666667,0.290393829345703
49.6170833333333,0.291824340820313
49.62375,0.293731689453125
49.6304166666667,0.295639038085938
49.6370833333333,0.297069549560547
49.64375,0.297069549560547
49.6504166666667,0.296592712402344
49.6570833333333,0.296115875244141
49.66375,0.296115875244141
49.6704166666667,0.296115875244141
49.6770833333333,0.296115875244141
49.68375,0.295639038085938
49.6904166666667,0.295639038085938
49.6970833333333,0.294208526611328
49.70375,0.292778015136719
49.7104166666667,0.291824340820313
49.7170833333333,0.292301177978516
49.72375,0.292778015136719
49.7304166666667,0.293254852294922
49.7370833333333,0.294208526611328
49.74375,0.294208526611328
49.7504166666667,0.293254852294922
49.7570833333333,0.290870666503906
49.76375,0.2899169921875
49.7704166666667,0.2899169921875
49.7770833333333,0.2899169921875
49.78375,0.290393829345703
49.7904166666667,0.291347503662109
49.7970833333333,0.292301177978516
49.80375,0.292778015136719
49.8104166666667,0.293254852294922
49.8170833333333,0.292778015136719
49.82375,0.292301177978516
49.8304166666667,0.291347503662109
49.8370833333333,0.290870666503906
49.84375,0.290393829345703
49.8504166666667,0.289440155029297
49.8570833333333,0.288963317871094
49.86375,0.288486480712891
49.8704166666667,0.287532806396484
49.8770833333333,0.287055969238281
49.88375,0.288009643554688
49.8904166666667,0.288486480712891
49.8970833333333,0.288486480712891
49.90375,0.287532806396484
49.9104166666667,0.287055969238281
49.9170833333333,0.287055969238281
49.92375,0.287055969238281
49.9304166666667,0.287055969238281
49.9370833333333,0.287055969238281
49.94375,0.287532806396484
49.9504166666667,0.286579132080078
49.9570833333333,0.285148620605469
49.96375,0.283241271972656
49.9704166666667,0.281810760498047
49.9770833333333,0.281333923339844
49.98375,0.28228759765625
49.9904166666667,0.283718109130859
49.9970833333333,0.284194946289063
