0.00416666666666667,-0.0290870666503906
0.0108333333333333,-0.0290870666503906
0.0175,-0.0295639038085938
0.0241666666666667,-0.0300407409667969
0.0308333333333333,-0.0319480895996094
0.0375,-0.0333786010742188
0.0441666666666667,-0.034332275390625
0.0508333333333333,-0.034332275390625
0.0575,-0.0333786010742188
0.0641666666666667,-0.0324249267578125
0.0708333333333333,-0.0314712524414063
0.0775,-0.0300407409667969
0.0841666666666667,-0.0290870666503906
0.0908333333333333,-0.0281333923339844
0.0975,-0.0286102294921875
0.104166666666667,-0.0290870666503906
0.110833333333333,-0.0300407409667969
0.1175,-0.0309944152832031
0.124166666666667,-0.0319480895996094
0.130833333333333,-0.0329017639160156
0.1375,-0.034332275390625
0.144166666666667,-0.0352859497070313
0.150833333333333,-0.0352859497070313
0.1575,-0.0352859497070313
0.164166666666667,-0.0352859497070313
0.170833333333333,-0.0352859497070313
0.1775,-0.034332275390625
0.184166666666667,-0.0338554382324219
0.190833333333333,-0.0338554382324219
0.1975,-0.034332275390625
0.204166666666667,-0.0338554382324219
0.210833333333333,-0.0338554382324219
0.2175,-0.0338554382324219
0.224166666666667,-0.0348091125488281
0.230833333333333,-0.0352859497070313
0.2375,-0.0357627868652344
0.244166666666667,-0.0362396240234375
0.250833333333333,-0.0371932983398438
0.2575,-0.03814697265625
0.264166666666667,-0.0400543212890625
0.270833333333333,-0.041961669921875
0.2775,-0.0443458557128906
0.284166666666667,-0.0462532043457031
0.290833333333333,-0.0472068786621094
0.2975,-0.0462532043457031
0.304166666666667,-0.0438690185546875
0.310833333333333,-0.0405311584472656
0.3175,-0.0367164611816406
0.324166666666667,-0.0333786010742188
0.330833333333333,-0.0324249267578125
0.3375,-0.0338554382324219
0.344166666666667,-0.0362396240234375
0.350833333333333,-0.03814697265625
0.3575,-0.0395774841308594
0.364166666666667,-0.0414848327636719
0.370833333333333,-0.0433921813964844
0.3775,-0.0448226928710938
0.384166666666667,-0.0462532043457031
0.390833333333333,-0.0467300415039063
0.3975,-0.0472068786621094
0.404166666666667,-0.0472068786621094
0.410833333333333,-0.0467300415039063
0.4175,-0.0462532043457031
0.424166666666667,-0.0457763671875
0.430833333333333,-0.0448226928710938
0.4375,-0.0448226928710938
0.444166666666667,-0.0438690185546875
0.450833333333333,-0.0424385070800781
0.4575,-0.0410079956054688
0.464166666666667,-0.0400543212890625
0.470833333333333,-0.0405311584472656
0.4775,-0.0405311584472656
0.484166666666667,-0.0405311584472656
0.490833333333333,-0.0410079956054688
0.4975,-0.0424385070800781
0.504166666666667,-0.0424385070800781
0.510833333333333,-0.0414848327636719
0.5175,-0.0414848327636719
0.524166666666667,-0.0414848327636719
0.530833333333333,-0.0410079956054688
0.5375,-0.0400543212890625
0.544166666666667,-0.0400543212890625
0.550833333333333,-0.041961669921875
0.5575,-0.0443458557128906
0.564166666666667,-0.0481605529785156
0.570833333333333,-0.0514984130859375
0.5775,-0.0543594360351563
0.584166666666667,-0.0557899475097656
0.590833333333333,-0.0557899475097656
0.5975,-0.05340576171875
0.604166666666667,-0.0500679016113281
0.610833333333333,-0.0467300415039063
0.6175,-0.0452995300292969
0.624166666666667,-0.0443458557128906
0.630833333333333,-0.0438690185546875
0.6375,-0.0448226928710938
0.644166666666667,-0.0462532043457031
0.650833333333333,-0.0481605529785156
0.6575,-0.0486373901367188
0.664166666666667,-0.0500679016113281
0.670833333333333,-0.0514984130859375
0.6775,-0.0519752502441406
0.684166666666667,-0.0519752502441406
0.690833333333333,-0.0514984130859375
0.6975,-0.0524520874023438
0.704166666666667,-0.0529289245605469
0.710833333333333,-0.0538825988769531
0.7175,-0.0548362731933594
0.724166666666667,-0.0557899475097656
0.730833333333333,-0.0562667846679688
0.7375,-0.0553131103515625
0.744166666666667,-0.0538825988769531
0.750833333333333,-0.0524520874023438
0.7575,-0.0514984130859375
0.764166666666667,-0.0514984130859375
0.770833333333333,-0.0529289245605469
0.7775,-0.0543594360351563
0.784166666666667,-0.0562667846679688
0.790833333333333,-0.0576972961425781
0.7975,-0.0596046447753906
0.804166666666667,-0.0615119934082031
0.810833333333333,-0.0629425048828125
0.8175,-0.0638961791992188
0.824166666666667,-0.064849853515625
0.830833333333333,-0.0653266906738281
0.8375,-0.0643730163574219
0.844166666666667,-0.0629425048828125
0.850833333333333,-0.0615119934082031
0.8575,-0.0596046447753906
0.864166666666667,-0.0581741333007813
0.870833333333333,-0.057220458984375
0.8775,-0.0581741333007813
0.884166666666667,-0.0596046447753906
0.890833333333333,-0.0615119934082031
0.8975,-0.0629425048828125
0.904166666666667,-0.0634193420410156
0.910833333333333,-0.0634193420410156
0.9175,-0.0624656677246094
0.924166666666667,-0.0615119934082031
0.930833333333333,-0.0596046447753906
0.9375,-0.0586509704589844
0.944166666666667,-0.0596046447753906
0.950833333333333,-0.0600814819335938
0.9575,-0.0596046447753906
0.964166666666667,-0.0581741333007813
0.970833333333333,-0.057220458984375
0.9775,-0.0562667846679688
0.984166666666667,-0.0553131103515625
0.990833333333333,-0.0557899475097656
0.9975,-0.0576972961425781
1.00416666666667,-0.0600814819335938
1.01083333333333,-0.0629425048828125
1.0175,-0.0658035278320313
1.02416666666667,-0.0672340393066406
1.03083333333333,-0.0681877136230469
1.0375,-0.0681877136230469
1.04416666666667,-0.0677108764648438
1.05083333333333,-0.0658035278320313
1.0575,-0.0643730163574219
1.06416666666667,-0.0629425048828125
1.07083333333333,-0.0619888305664063
1.0775,-0.06103515625
1.08416666666667,-0.0619888305664063
1.09083333333333,-0.0629425048828125
1.0975,-0.0638961791992188
1.10416666666667,-0.0638961791992188
1.11083333333333,-0.0638961791992188
1.1175,-0.0634193420410156
1.12416666666667,-0.0615119934082031
1.13083333333333,-0.0600814819335938
1.1375,-0.0591278076171875
1.14416666666667,-0.0591278076171875
1.15083333333333,-0.0591278076171875
1.1575,-0.0605583190917969
1.16416666666667,-0.0615119934082031
1.17083333333333,-0.0629425048828125
1.1775,-0.0634193420410156
1.18416666666667,-0.0638961791992188
1.19083333333333,-0.0643730163574219
1.1975,-0.0638961791992188
1.20416666666667,-0.0643730163574219
1.21083333333333,-0.0643730163574219
1.2175,-0.064849853515625
1.22416666666667,-0.0653266906738281
1.23083333333333,-0.0653266906738281
1.2375,-0.064849853515625
1.24416666666667,-0.064849853515625
1.25083333333333,-0.064849853515625
1.2575,-0.0653266906738281
1.26416666666667,-0.0658035278320313
1.27083333333333,-0.0667572021484375
1.2775,-0.0681877136230469
1.28416666666667,-0.06866455078125
1.29083333333333,-0.0677108764648438
1.2975,-0.0658035278320313
1.30416666666667,-0.0643730163574219
1.31083333333333,-0.0634193420410156
1.3175,-0.0624656677246094
1.32416666666667,-0.0624656677246094
1.33083333333333,-0.0638961791992188
1.3375,-0.0653266906738281
1.34416666666667,-0.0658035278320313
1.35083333333333,-0.0662803649902344
1.3575,-0.0667572021484375
1.36416666666667,-0.0667572021484375
1.37083333333333,-0.0658035278320313
1.3775,-0.0662803649902344
1.38416666666667,-0.0667572021484375
1.39083333333333,-0.0677108764648438
1.3975,-0.0681877136230469
1.40416666666667,-0.06866455078125
1.41083333333333,-0.0681877136230469
1.4175,-0.0667572021484375
1.42416666666667,-0.0653266906738281
1.43083333333333,-0.0638961791992188
1.4375,-0.0629425048828125
1.44416666666667,-0.0629425048828125
1.45083333333333,-0.0638961791992188
1.4575,-0.064849853515625
1.46416666666667,-0.0658035278320313
1.47083333333333,-0.0662803649902344
1.4775,-0.0658035278320313
1.48416666666667,-0.0643730163574219
1.49083333333333,-0.0629425048828125
1.4975,-0.0624656677246094
1.50416666666667,-0.0624656677246094
1.51083333333333,-0.0605583190917969
1.5175,-0.0596046447753906
1.52416666666667,-0.0586509704589844
1.53083333333333,-0.0576972961425781
1.5375,-0.0567436218261719
1.54416666666667,-0.0548362731933594
1.55083333333333,-0.0519752502441406
1.5575,-0.0467300415039063
1.56416666666667,-0.0352859497070313
1.57083333333333,-0.00715255737304688
1.5775,0.0543594360351563
1.58416666666667,0.171184539794922
1.59083333333333,0.358104705810547
1.5975,0.607967376708984
1.60416666666667,0.888824462890625
1.61083333333333,1.15346908569336
1.6175,1.35707855224609
1.62416666666667,1.46579742431641
1.63083333333333,1.4653205871582
1.6375,1.36947631835938
1.64416666666667,1.21259689331055
1.65083333333333,1.03902816772461
1.6575,0.880241394042969
1.66416666666667,0.751018524169922
1.67083333333333,0.651359558105469
1.6775,0.576496124267578
1.68416666666667,0.518798828125
1.69083333333333,0.473499298095703
1.6975,0.437736511230469
1.70416666666667,0.408649444580078
1.71083333333333,0.385284423828125
1.7175,0.365257263183594
1.72416666666667,0.349044799804688
1.73083333333333,0.336170196533203
1.7375,0.325679779052734
1.74416666666667,0.317573547363281
1.75083333333333,0.310897827148438
1.7575,0.306606292724609
1.76416666666667,0.304698944091797
1.77083333333333,0.303745269775391
1.7775,0.304222106933594
1.78416666666667,0.306606292724609
1.79083333333333,0.310897827148438
1.7975,0.316619873046875
1.80416666666667,0.321865081787109
1.81083333333333,0.326633453369141
1.8175,0.332832336425781
1.82416666666667,0.339508056640625
1.83083333333333,0.346660614013672
1.8375,0.354290008544922
1.84416666666667,0.364303588867188
1.85083333333333,0.376224517822266
1.8575,0.389575958251953
1.86416666666667,0.405311584472656
1.87083333333333,0.422477722167969
1.8775,0.441551208496094
1.88416666666667,0.463485717773438
1.89083333333333,0.48828125
1.8975,0.514984130859375
1.90416666666667,0.542163848876953
1.91083333333333,0.570297241210938
1.9175,0.598907470703125
1.92416666666667,0.626087188720703
1.93083333333333,0.650882720947266
1.9375,0.675201416015625
1.94416666666667,0.699520111083984
1.95083333333333,0.723361968994141
1.9575,0.746250152587891
1.96416666666667,0.770092010498047
1.97083333333333,0.794887542724609
1.9775,0.819206237792969
1.98416666666667,0.840187072753906
1.99083333333333,0.857353210449219
1.9975,0.871181488037109
2.00416666666667,0.882625579833984
2.01083333333333,0.891685485839844
2.0175,0.898838043212891
2.02416666666667,0.90789794921875
2.03083333333333,0.921249389648438
2.0375,0.940799713134766
2.04416666666667,0.96893310546875
2.05083333333333,1.01041793823242
2.0575,1.07002258300781
2.06416666666667,1.15442276000977
2.07083333333333,1.26838684082031
2.0775,1.40953063964844
2.08416666666667,1.56211853027344
2.09083333333333,1.70230865478516
2.0975,1.81436538696289
2.10416666666667,1.89304351806641
2.11083333333333,1.93548202514648
2.1175,1.94597244262695
2.12416666666667,1.93929672241211
2.13083333333333,1.93500518798828
2.1375,1.94406509399414
2.14416666666667,1.96456909179688
2.15083333333333,1.99365615844727
2.1575,2.0289421081543
2.16416666666667,2.07138061523438
2.17083333333333,2.1214485168457
2.1775,2.17771530151367
2.18416666666667,2.23684310913086
2.19083333333333,2.29120254516602
2.1975,2.3350715637207
2.20416666666667,2.3646354675293
2.21083333333333,2.37846374511719
2.2175,2.3798942565918
2.22416666666667,2.37798690795898
2.23083333333333,2.38418579101563
2.2375,2.40850448608398
2.24416666666667,2.45809555053711
2.25083333333333,2.53534317016602
2.2575,2.6392936706543
2.26416666666667,2.76565551757813
2.27083333333333,2.91204452514648
2.2775,3.08132171630859
2.28416666666667,3.27539443969727
2.29083333333333,3.49521636962891
2.2975,3.7379264831543
2.30416666666667,3.99541854858398
2.31083333333333,4.25815582275391
2.3175,4.52136993408203
2.32416666666667,4.7907829284668
2.33083333333333,5.08737564086914
2.3375,5.43975830078125
2.34416666666667,5.84840774536133
2.35083333333333,6.27422332763672
2.3575,6.65807723999023
2.36416666666667,6.93702697753906
2.37083333333333,7.05337524414063
2.3775,6.9727897644043
2.38416666666667,6.73341751098633
2.39083333333333,6.42919540405273
2.3975,6.14547729492188
2.40416666666667,5.89704513549805
2.41083333333333,5.59663772583008
2.4175,5.10883331298828
2.42416666666667,4.29296493530273
2.43083333333333,3.13711166381836
2.4375,1.81150436401367
2.44416666666667,0.642299652099609
2.45083333333333,-0.0600814819335938
2.4575,-0.154972076416016
2.46416666666667,0.345706939697266
2.47083333333333,1.27649307250977
2.4775,2.36749649047852
2.48416666666667,3.33261489868164
2.49083333333333,4.03785705566406
2.4975,4.51231002807617
2.50416666666667,4.80413436889648
2.51083333333333,4.93955612182617
2.5175,4.97102737426758
2.52416666666667,4.95672225952148
2.53083333333333,4.87232208251953
2.5375,4.64773178100586
2.54416666666667,4.30631637573242
2.55083333333333,3.97157669067383
2.5575,3.72600555419922
2.56416666666667,3.54194641113281
2.57083333333333,3.3574104309082
2.5775,3.1590461730957
2.58416666666667,2.97451019287109
2.59083333333333,2.8080940246582
2.5975,2.62165069580078
2.60416666666667,2.39419937133789
2.61083333333333,2.16102600097656
2.6175,1.98507308959961
2.62416666666667,1.89352035522461
2.63083333333333,1.86252593994141
2.6375,1.86586380004883
2.64416666666667,1.89018249511719
2.65083333333333,1.93214416503906
2.6575,1.98936462402344
2.66416666666667,2.06136703491211
2.67083333333333,2.14862823486328
2.6775,2.25496292114258
2.68416666666667,2.38943099975586
2.69083333333333,2.55680084228516
2.6975,2.75039672851563
2.70416666666667,2.94208526611328
2.71083333333333,3.09419631958008
2.7175,3.17764282226563
2.72416666666667,3.18288803100586
2.73083333333333,3.11517715454102
2.7375,2.98786163330078
2.74416666666667,2.82573699951172
2.75083333333333,2.66218185424805
2.7575,2.5177001953125
2.76416666666667,2.39467620849609
2.77083333333333,2.27928161621094
2.7775,2.16341018676758
2.78416666666667,2.04944610595703
2.79083333333333,1.94549560546875
2.7975,1.85918807983398
2.80416666666667,1.79338455200195
2.81083333333333,1.74999237060547
2.8175,1.72853469848633
2.82416666666667,1.7247200012207
2.83083333333333,1.73568725585938
2.8375,1.7542839050293
2.84416666666667,1.77669525146484
2.85083333333333,1.79958343505859
2.8575,1.82199478149414
2.86416666666667,1.84392929077148
2.87083333333333,1.86491012573242
2.8775,1.88636779785156
2.88416666666667,1.90925598144531
2.89083333333333,1.93548202514648
2.8975,1.96552276611328
2.90416666666667,1.99985504150391
2.91083333333333,2.03800201416016
2.9175,2.07710266113281
2.92416666666667,2.11381912231445
2.93083333333333,2.14529037475586
2.9375,2.16913223266602
2.94416666666667,2.18343734741211
2.95083333333333,2.18915939331055
2.9575,2.19011306762695
2.96416666666667,2.19202041625977
2.97083333333333,2.19917297363281
2.9775,2.21443176269531
2.98416666666667,2.24018096923828
2.99083333333333,2.27737426757813
2.9975,2.32601165771484
3.00416666666667,2.38418579101563
3.01083333333333,2.45094299316406
3.0175,2.52199172973633
3.02416666666667,2.59256362915039
3.03083333333333,2.65645980834961
3.0375,2.71034240722656
3.04416666666667,2.75802612304688
3.05083333333333,2.81572341918945
3.0575,2.92634963989258
3.06416666666667,3.18050384521484
3.07083333333333,3.80182266235352
3.0775,5.47313690185547
3.08416666666667,9.5210075378418
3.09083333333333,17.4775123596191
3.0975,30.632495880127
3.10416666666667,49.9091148376465
3.11083333333333,75.1848220825195
3.1175,103.563785552979
3.12416666666667,129.075050354004
3.13083333333333,145.266532897949
3.1375,148.606777191162
3.14416666666667,139.110565185547
3.15083333333333,119.277954101563
3.1575,93.5845375061035
3.16416666666667,67.866325378418
3.17083333333333,47.492504119873
3.1775,34.7833633422852
3.18416666666667,28.6550521850586
3.19083333333333,26.362419128418
3.1975,25.4826545715332
3.20416666666667,24.7001647949219
3.21083333333333,23.4994888305664
3.2175,21.7757225036621
3.22416666666667,19.6399688720703
3.23083333333333,17.3063278198242
3.2375,15.0017738342285
3.24416666666667,12.8984451293945
3.25083333333333,11.0874176025391
3.2575,9.58347320556641
3.26416666666667,8.35514068603516
3.27083333333333,7.35282897949219
3.2775,6.52599334716797
3.28416666666667,5.83410263061523
3.29083333333333,5.24520874023438
3.2975,4.73880767822266
3.30416666666667,4.30154800415039
3.31083333333333,3.92293930053711
3.3175,3.59535217285156
3.32416666666667,3.31020355224609
3.33083333333333,3.06177139282227
3.3375,2.84385681152344
3.34416666666667,2.65216827392578
3.35083333333333,2.48384475708008
3.3575,2.33316421508789
3.36416666666667,2.19631195068359
3.37083333333333,2.07138061523438
3.3775,1.95693969726563
3.38416666666667,1.85203552246094
3.39083333333333,1.7542839050293
3.3975,1.66416168212891
3.40416666666667,1.58166885375977
3.41083333333333,1.50585174560547
3.4175,1.43623352050781
3.42416666666667,1.373291015625
3.43083333333333,1.31511688232422
3.4375,1.26075744628906
3.44416666666667,1.20878219604492
3.45083333333333,1.1601448059082
3.4575,1.11579895019531
3.46416666666667,1.07383728027344
3.47083333333333,1.03378295898438
3.4775,0.996112823486328
3.48416666666667,0.960350036621094
3.49083333333333,0.926971435546875
3.4975,0.895500183105469
3.50416666666667,0.864982604980469
3.51083333333333,0.835895538330078
3.5175,0.8087158203125
3.52416666666667,0.783920288085938
3.53083333333333,0.760078430175781
3.5375,0.736236572265625
3.54416666666667,0.713348388671875
3.55083333333333,0.691890716552734
3.5575,0.673294067382813
3.56416666666667,0.658035278320313
3.57083333333333,0.644207000732422
3.5775,0.631809234619141
3.58416666666667,0.620841979980469
3.59083333333333,0.611305236816406
3.5975,0.604152679443359
3.60416666666667,0.598907470703125
3.61083333333333,0.595569610595703
3.6175,0.5950927734375
3.62416666666667,0.597000122070313
3.63083333333333,0.601291656494141
3.6375,0.605583190917969
3.64416666666667,0.608444213867188
3.65083333333333,0.611782073974609
3.6575,0.617027282714844
3.66416666666667,0.623703002929688
3.67083333333333,0.631332397460938
3.6775,0.639438629150391
3.68416666666667,0.648975372314453
3.69083333333333,0.658512115478516
3.6975,0.667095184326172
3.70416666666667,0.675678253173828
3.71083333333333,0.683784484863281
3.7175,0.691413879394531
3.72416666666667,0.699996948242188
3.73083333333333,0.708580017089844
3.7375,0.718116760253906
3.74416666666667,0.727176666259766
3.75083333333333,0.735282897949219
3.7575,0.742435455322266
3.76416666666667,0.748634338378906
3.77083333333333,0.754356384277344
3.7775,0.760078430175781
3.78416666666667,0.766277313232422
3.79083333333333,0.772476196289063
3.7975,0.7781982421875
3.80416666666667,0.784397125244141
3.81083333333333,0.790596008300781
3.8175,0.795364379882813
3.82416666666667,0.799179077148438
3.83083333333333,0.804424285888672
3.8375,0.810146331787109
3.84416666666667,0.817298889160156
3.85083333333333,0.824451446533203
3.8575,0.831127166748047
3.86416666666667,0.836849212646484
3.87083333333333,0.841140747070313
3.8775,0.844955444335938
3.88416666666667,0.848293304443359
3.89083333333333,0.851154327392578
3.8975,0.853538513183594
3.90416666666667,0.856399536132813
3.91083333333333,0.859260559082031
3.9175,0.862598419189453
3.92416666666667,0.866889953613281
3.93083333333333,0.871658325195313
3.9375,0.875949859619141
3.94416666666667,0.880241394042969
3.95083333333333,0.884056091308594
3.9575,0.887393951416016
3.96416666666667,0.890254974365234
3.97083333333333,0.89263916015625
3.9775,0.895500183105469
3.98416666666667,0.898838043212891
3.99083333333333,0.901699066162109
3.9975,0.904083251953125
4.00416666666667,0.906467437744141
4.01083333333333,0.909805297851563
4.0175,0.914573669433594
4.02416666666667,0.920295715332031
4.03083333333333,0.925540924072266
4.0375,0.931739807128906
4.04416666666667,0.937938690185547
4.05083333333333,0.943660736083984
4.0575,0.947952270507813
4.06416666666667,0.953197479248047
4.07083333333333,0.959873199462891
4.0775,0.966548919677734
4.08416666666667,0.972270965576172
4.09083333333333,0.977039337158203
4.0975,0.981330871582031
4.10416666666667,0.985622406005859
4.11083333333333,0.988960266113281
4.1175,0.992774963378906
4.12416666666667,0.998497009277344
4.13083333333333,1.0066032409668
4.1375,1.01518630981445
4.14416666666667,1.02329254150391
4.15083333333333,1.03092193603516
4.1575,1.03950500488281
4.16416666666667,1.04713439941406
4.17083333333333,1.05381011962891
4.1775,1.06048583984375
4.18416666666667,1.0676383972168
4.19083333333333,1.07431411743164
4.1975,1.08051300048828
4.20416666666667,1.08718872070313
4.21083333333333,1.09481811523438
4.2175,1.10292434692383
4.22416666666667,1.11055374145508
4.23083333333333,1.11770629882813
4.2375,1.12581253051758
4.24416666666667,1.13296508789063
4.25083333333333,1.13916397094727
4.2575,1.1444091796875
4.26416666666667,1.15013122558594
4.27083333333333,1.15585327148438
4.2775,1.16157531738281
4.28416666666667,1.16777420043945
4.29083333333333,1.17397308349609
4.2975,1.18017196655273
4.30416666666667,1.18684768676758
4.31083333333333,1.19256973266602
4.3175,1.19781494140625
4.32416666666667,1.20258331298828
4.33083333333333,1.20687484741211
4.3375,1.21164321899414
4.34416666666667,1.21593475341797
4.35083333333333,1.2202262878418
4.3575,1.22451782226563
4.36416666666667,1.22833251953125
4.37083333333333,1.23214721679688
4.3775,1.2354850769043
4.38416666666667,1.23691558837891
4.39083333333333,1.23739242553711
4.3975,1.23786926269531
4.40416666666667,1.23786926269531
4.41083333333333,1.23739242553711
4.4175,1.23739242553711
4.42416666666667,1.23786926269531
4.43083333333333,1.23882293701172
4.4375,1.24025344848633
4.44416666666667,1.24216079711914
4.45083333333333,1.24454498291016
4.4575,1.24692916870117
4.46416666666667,1.24931335449219
4.47083333333333,1.2516975402832
4.4775,1.25408172607422
4.48416666666667,1.25646591186523
4.49083333333333,1.25885009765625
4.4975,1.26218795776367
4.50416666666667,1.2660026550293
4.51083333333333,1.27029418945313
4.5175,1.27458572387695
4.52416666666667,1.27983093261719
4.53083333333333,1.28459930419922
4.5375,1.28936767578125
4.54416666666667,1.29365921020508
4.55083333333333,1.29938125610352
4.5575,1.30558013916016
4.56416666666667,1.31130218505859
4.57083333333333,1.31702423095703
4.5775,1.32322311401367
4.58416666666667,1.32989883422852
4.59083333333333,1.33609771728516
4.5975,1.3427734375
4.60416666666667,1.35087966918945
4.61083333333333,1.36041641235352
4.6175,1.37186050415039
4.62416666666667,1.38425827026367
4.63083333333333,1.39617919921875
4.6375,1.40762329101563
4.64416666666667,1.4190673828125
4.65083333333333,1.43003463745117
4.6575,1.44052505493164
4.66416666666667,1.45053863525391
4.67083333333333,1.46150588989258
4.6775,1.47390365600586
4.68416666666667,1.48677825927734
4.69083333333333,1.50060653686523
4.6975,1.51586532592773
4.70416666666667,1.53255462646484
4.71083333333333,1.55019760131836
4.7175,1.56879425048828
4.72416666666667,1.58834457397461
4.73083333333333,1.60980224609375
4.7375,1.6331672668457
4.74416666666667,1.65748596191406
4.75083333333333,1.68275833129883
4.7575,1.7094612121582
4.76416666666667,1.73807144165039
4.77083333333333,1.76906585693359
4.7775,1.80149078369141
4.78416666666667,1.83773040771484
4.79083333333333,1.87778472900391
4.7975,1.9221305847168
4.80416666666667,1.9683837890625
4.81083333333333,2.01702117919922
4.8175,2.06613540649414
4.82416666666667,2.11715698242188
4.83083333333333,2.16960906982422
4.8375,2.22301483154297
4.84416666666667,2.27880477905273
4.85083333333333,2.33745574951172
4.8575,2.39849090576172
4.86416666666667,2.46191024780273
4.87083333333333,2.52723693847656
4.8775,2.5935173034668
4.88416666666667,2.66027450561523
4.89083333333333,2.72703170776367
4.8975,2.79474258422852
4.90416666666667,2.86388397216797
4.91083333333333,2.93445587158203
4.9175,3.00502777099609
4.92416666666667,3.07655334472656
4.93083333333333,3.14903259277344
4.9375,3.22246551513672
4.94416666666667,3.29685211181641
4.95083333333333,3.37123870849609
4.9575,3.44705581665039
4.96416666666667,3.52382659912109
4.97083333333333,3.60107421875
4.9775,3.6773681640625
4.98416666666667,3.7531852722168
4.99083333333333,3.8304328918457
4.9975,3.90815734863281
5.00416666666667,3.98635864257813
5.01083333333333,4.06599044799805
5.0175,4.14609909057617
5.02416666666667,4.2271614074707
5.03083333333333,4.30822372436523
5.0375,4.39071655273438
5.04416666666667,4.47511672973633
5.05083333333333,4.5619010925293
5.0575,4.65059280395508
5.06416666666667,4.74071502685547
5.07083333333333,4.83322143554688
5.0775,4.9285888671875
5.08416666666667,5.02681732177734
5.09083333333333,5.12886047363281
5.0975,5.23662567138672
5.10416666666667,5.35154342651367
5.11083333333333,5.47504425048828
5.1175,5.60665130615234
5.12416666666667,5.74827194213867
5.13083333333333,5.89990615844727
5.1375,6.06250762939453
5.14416666666667,6.23607635498047
5.15083333333333,6.42156600952148
5.1575,6.61849975585938
5.16416666666667,6.82783126831055
5.17083333333333,7.049560546875
5.1775,7.28416442871094
5.18416666666667,7.53307342529297
5.19083333333333,7.79628753662109
5.1975,8.07285308837891
5.20416666666667,8.36181640625
5.21083333333333,8.66317749023438
5.2175,8.97693634033203
5.22416666666667,9.29975509643555
5.23083333333333,9.62972640991211
5.2375,9.96494293212891
5.24416666666667,10.3039741516113
5.25083333333333,10.6439590454102
5.2575,10.9820365905762
5.26416666666667,11.317253112793
5.27083333333333,11.6472244262695
5.2775,11.9686126708984
5.28416666666667,12.2790336608887
5.29083333333333,12.575626373291
5.2975,12.8560066223145
5.30416666666667,13.1158828735352
5.31083333333333,13.3514404296875
5.3175,13.5607719421387
5.32416666666667,13.7419700622559
5.33083333333333,13.8936042785645
5.3375,14.0128135681152
5.34416666666667,14.09912109375
5.35083333333333,14.1520500183105
5.3575,14.1696929931641
5.36416666666667,14.1501426696777
5.37083333333333,14.0924453735352
5.3775,13.9975547790527
5.38416666666667,13.8673782348633
5.39083333333333,13.7019157409668
5.3975,13.5025978088379
5.40416666666667,13.272762298584
5.41083333333333,13.0143165588379
5.4175,12.728214263916
5.42416666666667,12.415885925293
5.43083333333333,12.0806694030762
5.4375,11.7273330688477
5.44416666666667,11.3587379455566
5.45083333333333,10.9777450561523
5.4575,10.5881690979004
5.46416666666667,10.1933479309082
5.47083333333333,9.7966194152832
5.4775,9.40036773681641
5.48416666666667,9.00745391845703
5.49083333333333,8.61978530883789
5.4975,8.2402229309082
5.50416666666667,7.87067413330078
5.51083333333333,7.51256942749023
5.5175,7.16781616210938
5.52416666666667,6.83689117431641
5.53083333333333,6.52170181274414
5.5375,6.22224807739258
5.54416666666667,5.94043731689453
5.55083333333333,5.6757926940918
5.5575,5.42831420898438
5.56416666666667,5.19704818725586
5.57083333333333,4.98247146606445
5.5775,4.78458404541016
5.58416666666667,4.60290908813477
5.59083333333333,4.43744659423828
5.5975,4.2872428894043
5.60416666666667,4.15277481079102
5.61083333333333,4.03308868408203
5.6175,3.92532348632813
5.62416666666667,3.8299560546875
5.63083333333333,3.74603271484375
5.6375,3.67355346679688
5.64416666666667,3.61251831054688
5.65083333333333,3.56292724609375
5.6575,3.5243034362793
5.66416666666667,3.49855422973633
5.67083333333333,3.48567962646484
5.6775,3.48806381225586
5.68416666666667,3.50618362426758
5.69083333333333,3.54099273681641
5.6975,3.59630584716797
5.70416666666667,3.67450714111328
5.71083333333333,3.77702713012695
5.7175,3.9067268371582
5.72416666666667,4.06837463378906
5.73083333333333,4.26530838012695
5.7375,4.49991226196289
5.74416666666667,4.7755241394043
5.75083333333333,5.09548187255859
5.7575,5.46073913574219
5.76416666666667,5.87368011474609
5.77083333333333,6.33668899536133
5.7775,6.8507194519043
5.78416666666667,7.4152946472168
5.79083333333333,8.02993774414063
5.7975,8.69369506835938
5.80416666666667,9.40370559692383
5.81083333333333,10.1556777954102
5.8175,10.9438896179199
5.82416666666667,11.7626190185547
5.83083333333333,12.603759765625
5.8375,13.458251953125
5.84416666666667,14.3165588378906
5.85083333333333,15.169620513916
5.8575,16.0050392150879
5.86416666666667,16.8123245239258
5.87083333333333,17.5800323486328
5.8775,18.2981491088867
5.88416666666667,18.956184387207
5.89083333333333,19.5431709289551
5.8975,20.0514793395996
5.90416666666667,20.4734802246094
5.91083333333333,20.8048820495605
5.9175,21.0404396057129
5.92416666666667,21.1782455444336
5.93083333333333,21.2187767028809
5.9375,21.1644172668457
5.94416666666667,21.0185050964355
5.95083333333333,20.7867622375488
5.9575,20.4787254333496
5.96416666666667,20.103931427002
5.97083333333333,19.6719169616699
5.9775,19.1926956176758
5.98416666666667,18.6781883239746
5.99083333333333,18.1393623352051
5.9975,17.5867080688477
6.00416666666667,17.0302391052246
6.01083333333333,16.4799690246582
6.0175,15.9459114074707
6.02416666666667,15.4352188110352
6.03083333333333,14.9540901184082
6.0375,14.5072937011719
6.04416666666667,14.096736907959
6.05083333333333,13.7228965759277
6.0575,13.3848190307617
6.06416666666667,13.0801200866699
6.07083333333333,12.8083229064941
6.0775,12.566089630127
6.08416666666667,12.3500823974609
6.09083333333333,12.1550559997559
6.0975,11.9771957397461
6.10416666666667,11.810302734375
6.11083333333333,11.6491317749023
6.1175,11.4865303039551
6.12416666666667,11.3167762756348
6.13083333333333,11.1336708068848
6.1375,10.9310150146484
6.14416666666667,10.7059478759766
6.15083333333333,10.4551315307617
6.1575,10.1776123046875
6.16416666666667,9.87482070922852
6.17083333333333,9.55104827880859
6.1775,9.21106338500977
6.18416666666667,8.86344909667969
6.19083333333333,8.51535797119141
6.1975,8.17584991455078
6.20416666666667,7.85636901855469
6.21083333333333,7.56740570068359
6.2175,7.31801986694336
6.22416666666667,7.11584091186523
6.23083333333333,6.96897506713867
6.2375,6.88648223876953
6.24416666666667,6.87551498413086
6.25083333333333,6.94417953491211
6.2575,7.10153579711914
6.26416666666667,7.35855102539063
6.27083333333333,7.72476196289063
6.2775,8.21161270141602
6.28416666666667,8.83150100708008
6.29083333333333,9.59968566894531
6.2975,10.530948638916
6.30416666666667,11.6391181945801
6.31083333333333,12.9404067993164
6.3175,14.4505500793457
6.32416666666667,16.181468963623
6.33083333333333,18.1412696838379
6.3375,20.3342437744141
6.34416666666667,22.758960723877
6.35083333333333,25.4082679748535
6.3575,28.2669067382813
6.36416666666667,31.3100814819336
6.37083333333333,34.5029830932617
6.3775,37.8031730651855
6.38416666666667,41.1601066589355
6.39083333333333,44.5208549499512
6.3975,47.8272438049316
6.40416666666667,51.0187149047852
6.41083333333333,54.039478302002
6.4175,56.8408966064453
6.42416666666667,59.3791007995605
6.43083333333333,61.6159439086914
6.4375,63.5199546813965
6.44416666666667,65.0711059570313
6.45083333333333,66.258430480957
6.4575,67.0762062072754
6.46416666666667,67.5234794616699
6.47083333333333,67.6054954528809
6.4775,67.3327445983887
6.48416666666667,66.7204856872559
6.49083333333333,65.7877922058105
6.4975,64.5527839660645
6.50416666666667,63.0378723144531
6.51083333333333,61.2678527832031
6.5175,59.2708587646484
6.52416666666667,57.0740699768066
6.53083333333333,54.7060966491699
6.5375,52.1984100341797
6.54416666666667,49.586296081543
6.55083333333333,46.903133392334
6.5575,44.1803932189941
6.56416666666667,41.450023651123
6.57083333333333,38.7425422668457
6.5775,36.0865592956543
6.58416666666667,33.5068702697754
6.59083333333333,31.0254096984863
6.5975,28.658390045166
6.60416666666667,26.421070098877
6.61083333333333,24.3253707885742
6.6175,22.3798751831055
6.62416666666667,20.5883979797363
6.63083333333333,18.9509391784668
6.6375,17.4689292907715
6.64416666666667,16.1399841308594
6.65083333333333,14.9579048156738
6.6575,13.9150619506836
6.66416666666667,13.0047798156738
6.67083333333333,12.2175216674805
6.6775,11.5437507629395
6.68416666666667,10.9734535217285
6.69083333333333,10.4966163635254
6.6975,10.1032257080078
6.70416666666667,9.78279113769531
6.71083333333333,9.52625274658203
6.7175,9.32645797729492
6.72416666666667,9.17577743530273
6.73083333333333,9.06705856323242
6.7375,8.99600982666016
6.74416666666667,8.95977020263672
6.75083333333333,8.9569091796875
6.7575,8.98551940917969
6.76416666666667,9.0479850769043
6.77083333333333,9.14621353149414
6.7775,9.28211212158203
6.78416666666667,9.45758819580078
6.79083333333333,9.67502593994141
6.7975,9.93871688842773
6.80416666666667,10.2486610412598
6.81083333333333,10.6034278869629
6.8175,11.0011100769043
6.82416666666667,11.4378929138184
6.83083333333333,11.9075775146484
6.8375,12.3996734619141
6.84416666666667,12.9055976867676
6.85083333333333,13.4172439575195
6.8575,13.9245986938477
6.86416666666667,14.4171714782715
6.87083333333333,14.8868560791016
6.8775,15.3284072875977
6.88416666666667,15.7370567321777
6.89083333333333,16.1104202270508
6.8975,16.4475440979004
6.90416666666667,16.751766204834
6.91083333333333,17.0254707336426
6.9175,17.270565032959
6.92416666666667,17.491340637207
6.93083333333333,17.6901817321777
6.9375,17.8689956665039
6.94416666666667,18.0301666259766
6.95083333333333,18.1727409362793
6.9575,18.2967185974121
6.96416666666667,18.399715423584
6.97083333333333,18.4812545776367
6.9775,18.5399055480957
6.98416666666667,18.5718536376953
6.99083333333333,18.5761451721191
6.9975,18.549919128418
7.00416666666667,18.4903144836426
7.01083333333333,18.3935165405273
7.0175,18.2571411132813
7.02416666666667,18.0792808532715
7.03083333333333,17.8570747375488
7.0375,17.5876617431641
7.04416666666667,17.2710418701172
7.05083333333333,16.9057846069336
7.0575,16.4923667907715
7.06416666666667,16.0336494445801
7.07083333333333,15.5348777770996
7.0775,15.0017738342285
7.08416666666667,14.441967010498
7.09083333333333,13.8635635375977
7.0975,13.2765769958496
7.10416666666667,12.690544128418
7.11083333333333,12.113094329834
7.1175,11.5513801574707
7.12416666666667,11.0125541687012
7.13083333333333,10.5032920837402
7.1375,10.0274085998535
7.14416666666667,9.58681106567383
7.15083333333333,9.18340682983398
7.1575,8.81862640380859
7.16416666666667,8.49246978759766
7.17083333333333,8.20350646972656
7.1775,7.9498291015625
7.18416666666667,7.73048400878906
7.19083333333333,7.54451751708984
7.1975,7.39240646362305
7.20416666666667,7.27367401123047
7.21083333333333,7.1864128112793
7.2175,7.12919235229492
7.22416666666667,7.10058212280273
7.23083333333333,7.09724426269531
7.2375,7.11393356323242
7.24416666666667,7.14588165283203
7.25083333333333,7.18832015991211
7.2575,7.23695755004883
7.26416666666667,7.28607177734375
7.27083333333333,7.32946395874023
7.2775,7.36331939697266
7.28416666666667,7.38382339477539
7.29083333333333,7.38763809204102
7.2975,7.37190246582031
7.30416666666667,7.33709335327148
7.31083333333333,7.28368759155273
7.3175,7.21502304077148
7.32416666666667,7.13348388671875
7.33083333333333,7.04288482666016
7.3375,6.94847106933594
7.34416666666667,6.85691833496094
7.35083333333333,6.77156448364258
7.3575,6.6986083984375
7.36416666666667,6.64186477661133
7.37083333333333,6.6065788269043
7.3775,6.59561157226563
7.38416666666667,6.61087036132813
7.39083333333333,6.65426254272461
7.3975,6.72626495361328
7.40416666666667,6.82783126831055
7.41083333333333,6.9575309753418
7.4175,7.11441040039063
7.42416666666667,7.29751586914063
7.43083333333333,7.50494003295898
7.4375,7.73477554321289
7.44416666666667,7.98559188842773
7.45083333333333,8.2545280456543
7.4575,8.54396820068359
7.46416666666667,8.85534286499023
7.47083333333333,9.19580459594727
7.4775,9.57727432250977
7.48416666666667,10.0183486938477
7.49083333333333,10.5447769165039
7.4975,11.192798614502
7.50416666666667,12.0096206665039
7.51083333333333,13.0548477172852
7.5175,14.3976211547852
7.52416666666667,16.115665435791
7.53083333333333,18.2967185974121
7.5375,21.0227966308594
7.54416666666667,24.3663787841797
7.55083333333333,28.3746719360352
7.5575,33.0624580383301
7.56416666666667,38.3987426757813
7.57083333333333,44.2976951599121
7.5775,50.6110191345215
7.58416666666667,57.136058807373
7.59083333333333,63.626766204834
7.5975,69.8132514953613
7.60416666666667,75.4241943359375
7.61083333333333,80.2116394042969
7.6175,83.9719772338867
7.62416666666667,86.5650177001953
7.63083333333333,87.9206657409668
7.6375,88.0374908447266
7.64416666666667,86.9722366333008
7.65083333333333,84.8350524902344
7.6575,81.7751884460449
7.66416666666667,77.9662132263184
7.67083333333333,73.5902786254883
7.6775,68.8290596008301
7.68416666666667,63.8599395751953
7.69083333333333,58.8469505310059
7.6975,53.9350509643555
7.70416666666667,49.2467880249023
7.71083333333333,44.884204864502
7.7175,40.9278869628906
7.72416666666667,37.4360084533691
7.73083333333333,34.4476699829102
7.7375,31.9857597351074
7.74416666666667,30.0588607788086
7.75083333333333,28.6641120910645
7.7575,27.7876853942871
7.76416666666667,27.4081230163574
7.77083333333333,27.4934768676758
7.7775,28.0027389526367
7.78416666666667,28.8825035095215
7.79083333333333,30.0655364990234
7.7975,31.4736366271973
7.80416666666667,33.0142974853516
7.81083333333333,34.5873832702637
7.8175,36.0875129699707
7.82416666666667,37.4164581298828
7.83083333333333,38.4869575500488
7.8375,39.2279624938965
7.84416666666667,39.5913124084473
7.85083333333333,39.5522117614746
7.8575,39.1120910644531
7.86416666666667,38.294792175293
7.87083333333333,37.142276763916
7.8775,35.710334777832
7.88416666666667,34.0614318847656
7.89083333333333,32.2656631469727
7.8975,30.388355255127
7.90416666666667,28.4943580627441
7.91083333333333,26.6375541687012
7.9175,24.8641967773438
7.92416666666667,23.2095718383789
7.93083333333333,21.6970443725586
7.9375,20.3394889831543
7.94416666666667,19.1378593444824
7.95083333333333,18.0840492248535
7.9575,17.1632766723633
7.96416666666667,16.3583755493164
7.97083333333333,15.6459808349609
7.9775,15.0041580200195
7.98416666666667,14.4128799438477
7.99083333333333,13.8540267944336
7.9975,13.3152008056641
8.00416666666667,12.7873420715332
8.01083333333333,12.2652053833008
8.0175,11.749267578125
8.02416666666667,11.2433433532715
8.03083333333333,10.7536315917969
8.0375,10.289192199707
8.04416666666667,9.86051559448242
8.05083333333333,9.47713851928711
8.0575,9.14764404296875
8.06416666666667,8.87823104858398
8.07083333333333,8.67366790771484
8.0775,8.53633880615234
8.08416666666667,8.46481323242188
8.09083333333333,8.45718383789063
8.0975,8.50963592529297
8.10416666666667,8.61835479736328
8.11083333333333,8.77904891967773
8.1175,8.98408889770508
8.12416666666667,9.22727584838867
8.13083333333333,9.50050354003906
8.1375,9.79709625244141
8.14416666666667,10.1103782653809
8.15083333333333,10.4327201843262
8.1575,10.7583999633789
8.16416666666667,11.0821723937988
8.17083333333333,11.3987922668457
8.1775,11.7030143737793
8.18416666666667,11.9895935058594
8.19083333333333,12.2537612915039
8.1975,12.4897956848145
8.20416666666667,12.692928314209
8.21083333333333,12.8588676452637
8.2175,12.9828453063965
8.22416666666667,13.0610466003418
8.23083333333333,13.089656829834
8.2375,13.0677223205566
8.24416666666667,12.9961967468262
8.25083333333333,12.8803253173828
8.2575,12.7267837524414
8.26416666666667,12.5479698181152
8.27083333333333,12.3624801635742
8.2775,12.1932029724121
8.28416666666667,12.0682716369629
8.29083333333333,12.021541595459
8.2975,12.0935440063477
8.30416666666667,12.3343467712402
8.31083333333333,12.8068923950195
8.3175,13.5974884033203
8.32416666666667,14.8515701293945
8.33083333333333,16.8685913085938
8.3375,20.2722549438477
8.34416666666667,26.2322425842285
8.35083333333333,36.6392135620117
8.3575,54.2006492614746
8.36416666666667,82.4060440063477
8.37083333333333,125.198364257813
8.3775,186.367034912109
8.38416666666667,268.424034118652
8.39083333333333,370.613574981689
8.3975,487.207412719727
8.40416666666667,608.049869537354
8.41083333333333,721.610069274902
8.4175,818.088054656982
8.42416666666667,890.878200531006
8.43083333333333,937.514305114746
8.4375,960.39342880249
8.44416666666667,965.778827667236
8.45083333333333,960.803508758545
8.4575,950.735569000244
8.46416666666667,938.383102416992
8.47083333333333,924.954891204834
8.4775,910.937786102295
8.48416666666667,896.544456481934
8.49083333333333,881.88362121582
8.4975,867.017269134521
8.50416666666667,851.993560791016
8.51083333333333,836.852550506592
8.5175,821.625709533691
8.52416666666667,806.334972381592
8.53083333333333,790.993213653564
8.5375,775.609016418457
8.54416666666667,760.188102722168
8.55083333333333,744.734287261963
8.5575,729.248046875
8.56416666666667,713.72652053833
8.57083333333333,698.164463043213
8.5775,682.563304901123
8.58416666666667,666.92590713501
8.59083333333333,651.257991790771
8.5975,635.562419891357
8.60416666666667,619.843006134033
8.61083333333333,604.108333587646
8.6175,588.371276855469
8.62416666666667,572.652339935303
8.63083333333333,556.971073150635
8.6375,541.341304779053
8.64416666666667,525.776386260986
8.65083333333333,510.294437408447
8.6575,494.914531707764
8.66416666666667,479.650020599365
8.67083333333333,464.508533477783
8.6775,449.494361877441
8.68416666666667,434.610843658447
8.69083333333333,419.861793518066
8.6975,405.250549316406
8.70416666666667,390.771389007568
8.71083333333333,376.416683197021
8.7175,362.184524536133
8.72416666666667,348.079204559326
8.73083333333333,334.107398986816
8.7375,320.267677307129
8.74416666666667,306.56099319458
8.75083333333333,292.994976043701
8.7575,279.58345413208
8.76416666666667,266.342163085938
8.77083333333333,253.28540802002
8.7775,240.427494049072
8.78416666666667,227.785110473633
8.79083333333333,215.380191802979
8.7975,203.235149383545
8.80416666666667,191.370964050293
8.81083333333333,179.802894592285
8.8175,168.549060821533
8.82416666666667,157.630443572998
8.83083333333333,147.069931030273
8.8375,136.88850402832
8.84416666666667,127.103328704834
8.85083333333333,117.730617523193
8.8575,108.78849029541
8.86416666666667,100.29411315918
8.87083333333333,92.261791229248
8.8775,84.7001075744629
8.88416666666667,77.6147842407227
8.89083333333333,71.0082054138184
8.8975,64.882755279541
8.90416666666667,59.234619140625
8.91083333333333,54.0518760681152
8.9175,49.3183135986328
8.92416666666667,45.015811920166
8.93083333333333,41.1252975463867
8.9375,37.623405456543
8.94416666666667,34.482479095459
8.95083333333333,31.674861907959
8.9575,29.1743278503418
8.96416666666667,26.9527435302734
8.97083333333333,24.9829292297363
8.9775,23.2410430908203
8.98416666666667,21.702766418457
8.99083333333333,20.3456878662109
8.9975,19.1512107849121
9.00416666666667,18.1035995483398
9.01083333333333,17.1904563903809
9.0175,16.3989067077637
9.02416666666667,15.7170295715332
9.03083333333333,15.1362419128418
9.0375,14.6493911743164
9.04416666666667,14.2512321472168
9.05083333333333,13.9360427856445
9.0575,13.702392578125
9.06416666666667,13.5493278503418
9.07083333333333,13.4787559509277
9.0775,13.491153717041
9.08416666666667,13.5869979858398
9.09083333333333,13.7667655944824
9.0975,14.030933380127
9.10416666666667,14.3766403198242
9.11083333333333,14.7995948791504
9.1175,15.2926445007324
9.12416666666667,15.845775604248
9.13083333333333,16.444206237793
9.1375,17.0688629150391
9.14416666666667,17.6968574523926
9.15083333333333,18.3043479919434
9.1575,18.867015838623
9.16416666666667,19.3586349487305
9.17083333333333,19.7572708129883
9.1775,20.0443267822266
9.18416666666667,20.2069282531738
9.19083333333333,20.235538482666
9.1975,20.1282501220703
9.20416666666667,19.8884010314941
9.21083333333333,19.5245742797852
9.2175,19.050121307373
9.22416666666667,18.4826850891113
9.23083333333333,17.8413391113281
9.2375,17.1456336975098
9.24416666666667,16.413688659668
9.25083333333333,15.6631469726563
9.2575,14.9083137512207
9.26416666666667,14.162540435791
9.27083333333333,13.434886932373
9.2775,12.7344131469727
9.28416666666667,12.0682716369629
9.29083333333333,11.4421844482422
9.2975,10.8599662780762
9.30416666666667,10.3249549865723
9.31083333333333,9.83762741088867
9.3175,9.3994140625
9.32416666666667,9.01126861572266
9.33083333333333,8.67176055908203
9.3375,8.37898254394531
9.34416666666667,8.12959671020508
9.35083333333333,7.92026519775391
9.3575,7.74574279785156
9.36416666666667,7.5993537902832
9.37083333333333,7.4763298034668
9.3775,7.37142562866211
9.38416666666667,7.2779655456543
9.39083333333333,7.19118118286133
9.3975,7.10821151733398
9.40416666666667,7.02476501464844
9.41083333333333,6.93988800048828
9.4175,6.8507194519043
9.42416666666667,6.7591667175293
9.43083333333333,6.66666030883789
9.4375,6.5760612487793
9.44416666666667,6.48880004882813
9.45083333333333,6.40726089477539
9.4575,6.33478164672852
9.46416666666667,6.27374649047852
9.47083333333333,6.22367858886719
9.4775,6.18505477905273
9.48416666666667,6.15882873535156
9.49083333333333,6.14738464355469
9.4975,6.15119934082031
9.50416666666667,6.16931915283203
9.51083333333333,6.20365142822266
9.5175,6.25371932983398
9.52416666666667,6.32047653198242
9.53083333333333,6.40344619750977
9.5375,6.50310516357422
9.54416666666667,6.61849975585938
9.55083333333334,6.74915313720703
9.5575,6.89411163330078
9.56416666666667,7.049560546875
9.57083333333333,7.21168518066406
9.5775,7.37714767456055
9.58416666666667,7.54165649414063
9.59083333333333,7.70092010498047
9.5975,7.84921646118164
9.60416666666667,7.98177719116211
9.61083333333333,8.09478759765625
9.6175,8.18443298339844
9.62416666666667,8.24737548828125
9.63083333333333,8.28170776367188
9.6375,8.28933715820313
9.64416666666667,8.2707405090332
9.65083333333333,8.22782516479492
9.6575,8.1639289855957
9.66416666666667,8.08429718017578
9.67083333333333,7.99369812011719
9.6775,7.89594650268555
9.68416666666667,7.7972412109375
9.69083333333333,7.70092010498047
9.6975,7.61175155639648
9.70416666666667,7.53307342529297
9.71083333333333,7.47013092041016
9.7175,7.42721557617188
9.72416666666667,7.40814208984375
9.73083333333333,7.41863250732422
9.7375,7.46250152587891
9.74416666666667,7.54451751708984
9.75083333333333,7.66849517822266
9.7575,7.83777236938477
9.76416666666667,8.05473327636719
9.77083333333333,8.31937789916992
9.7775,8.62932205200195
9.78416666666667,8.97979736328125
9.79083333333333,9.36222076416016
9.7975,9.76324081420898
9.80416666666667,10.1675987243652
9.81083333333333,10.5581283569336
9.8175,10.9162330627441
9.82416666666667,11.2237930297852
9.83083333333333,11.4631652832031
9.8375,11.6219520568848
9.84416666666667,11.6920471191406
9.85083333333333,11.6691589355469
9.8575,11.5547180175781
9.86416666666667,11.3558769226074
9.87083333333333,11.0831260681152
9.8775,10.7507705688477
9.88416666666667,10.3759765625
9.89083333333333,9.97781753540039
9.8975,9.57393646240234
9.90416666666667,9.18006896972656
9.91083333333333,8.80908966064453
9.9175,8.47196578979492
9.92416666666667,8.17680358886719
9.93083333333333,7.92503356933594
9.9375,7.71665573120117
9.94416666666667,7.55023956298828
9.95083333333333,7.42101669311523
9.9575,7.3237419128418
9.96416666666667,7.24983215332031
9.97083333333333,7.19356536865234
9.9775,7.14683532714844
9.98416666666667,7.10344314575195
9.99083333333333,7.05814361572266
9.9975,7.00712203979492
10.0041666666667,6.94656372070313
10.0108333333333,6.87408447265625
10.0175,6.78873062133789
10.0241666666667,6.69145584106445
10.0308333333333,6.58321380615234
10.0375,6.46448135375977
10.0441666666667,6.33811950683594
10.0508333333333,6.20841979980469
10.0575,6.07776641845703
10.0641666666667,5.94902038574219
10.0708333333333,5.82504272460938
10.0775,5.70869445800781
10.0841666666667,5.6004524230957
10.0908333333333,5.50222396850586
10.0975,5.41448593139648
10.1041666666667,5.33819198608398
10.1108333333333,5.27143478393555
10.1175,5.21421432495117
10.1241666666667,5.16891479492188
10.1308333333333,5.13601303100586
10.1375,5.11312484741211
10.1441666666667,5.09977340698242
10.1508333333333,5.09405136108398
10.1575,5.0969123840332
10.1641666666667,5.10454177856445
10.1708333333333,5.11503219604492
10.1775,5.1274299621582
10.1841666666667,5.1417350769043
10.1908333333333,5.1569938659668
10.1975,5.17416000366211
10.2041666666667,5.19084930419922
10.2108333333333,5.20753860473633
10.2175,5.22327423095703
10.2241666666667,5.23805618286133
10.2308333333333,5.25140762329102
10.2375,5.26189804077148
10.2441666666667,5.26952743530273
10.2508333333333,5.27381896972656
10.2575,5.27524948120117
10.2641666666667,5.27381896972656
10.2708333333333,5.26952743530273
10.2775,5.2642822265625
10.2841666666667,5.25617599487305
10.2908333333333,5.24663925170898
10.2975,5.2337646484375
10.3041666666667,5.21755218505859
10.3108333333333,5.19943237304688
10.3175,5.17892837524414
10.3241666666667,5.1569938659668
10.3308333333333,5.13601303100586
10.3375,5.11741638183594
10.3441666666667,5.10311126708984
10.3508333333333,5.09262084960938
10.3575,5.08642196655273
10.3641666666667,5.08689880371094
10.3708333333333,5.09405136108398
10.3775,5.10787963867188
10.3841666666667,5.12933731079102
10.3908333333333,5.15890121459961
10.3975,5.19657135009766
10.4041666666667,5.24282455444336
10.4108333333333,5.29670715332031
10.4175,5.35821914672852
10.4241666666667,5.42688369750977
10.4308333333333,5.50174713134766
10.4375,5.58233261108398
10.4441666666667,5.66864013671875
10.4508333333333,5.75923919677734
10.4575,5.85460662841797
10.4641666666667,5.95378875732422
10.4708333333333,6.0572624206543
10.4775,6.1650276184082
10.4841666666667,6.27899169921875
10.4908333333333,6.40106201171875
10.4975,6.53314590454102
10.5041666666667,6.68001174926758
10.5108333333333,6.84452056884766
10.5175,7.03144073486328
10.5241666666667,7.24315643310547
10.5308333333333,7.48443603515625
10.5375,7.75766372680664
10.5441666666667,8.06570053100586
10.5508333333333,8.40950012207031
10.5575,8.78763198852539
10.5641666666667,9.19771194458008
10.5708333333333,9.63354110717773
10.5775,10.0884437561035
10.5841666666667,10.5533599853516
10.5908333333333,11.0173225402832
10.5975,11.4703178405762
10.6041666666667,11.9013786315918
10.6108333333333,12.2995376586914
10.6175,12.6547813415527
10.6241666666667,12.9594802856445
10.6308333333333,13.2088661193848
10.6375,13.4010314941406
10.6441666666667,13.5350227355957
10.6508333333333,13.6127471923828
10.6575,13.6399269104004
10.6641666666667,13.6256217956543
10.6708333333333,13.5765075683594
10.6775,13.5002136230469
10.6841666666667,13.4048461914063
10.6908333333333,13.2980346679688
10.6975,13.1855010986328
10.7041666666667,13.068675994873
10.7108333333333,12.9470825195313
10.7175,12.8202438354492
10.7241666666667,12.6848220825195
10.7308333333333,12.5350952148438
10.7375,12.3648643493652
10.7441666666667,12.1684074401855
10.7508333333333,11.9400024414063
10.7575,11.6763114929199
10.7641666666667,11.375904083252
10.7708333333333,11.0406875610352
10.7775,10.6744766235352
10.7841666666667,10.282039642334
10.7908333333333,9.86909866333008
10.7975,9.44375991821289
10.8041666666667,9.01317596435547
10.8108333333333,8.58592987060547
10.8175,8.16869735717773
10.8241666666667,7.76910781860352
10.8308333333333,7.39288330078125
10.8375,7.04479217529297
10.8441666666667,6.72674179077148
10.8508333333333,6.4396858215332
10.8575,6.18267059326172
10.8641666666667,5.95569610595703
10.8708333333333,5.75685501098633
10.8775,5.58376312255859
10.8841666666667,5.43642044067383
10.8908333333333,5.31148910522461
10.8975,5.20801544189453
10.9041666666667,5.12361526489258
10.9108333333333,5.05590438842773
10.9175,5.0053596496582
10.9241666666667,4.97102737426758
10.9308333333333,4.95290756225586
10.9375,4.95290756225586
10.9441666666667,4.97198104858398
10.9508333333333,5.01394271850586
10.9575,5.08260726928711
10.9641666666667,5.18512725830078
10.9708333333333,5.33008575439453
10.9775,5.52892684936523
10.9841666666667,5.79643249511719
10.9908333333333,6.15215301513672
10.9975,6.62088394165039
11.0041666666667,7.2321891784668
11.0108333333333,8.02421569824219
11.0175,9.04321670532227
11.0241666666667,10.3459358215332
11.0308333333333,12.0015144348145
11.0375,14.0981674194336
11.0441666666667,16.7417526245117
11.0508333333333,20.0610160827637
11.0575,24.2171287536621
11.0641666666667,29.4137001037598
11.0708333333333,35.9091758728027
11.0775,44.0225601196289
11.0841666666667,54.1577339172363
11.0908333333333,66.828727722168
11.0975,82.6959609985352
11.1041666666667,102.605819702148
11.1108333333333,127.620697021484
11.1175,159.051418304443
11.1241666666667,198.49681854248
11.1308333333333,247.871875762939
11.1375,309.414386749268
11.1441666666667,385.616779327393
11.1508333333333,479.082584381104
11.1575,592.342376708984
11.1641666666667,727.582454681396
11.1708333333333,886.311531066895
11.1775,1068.8624382019
11.1841666666667,1273.81801605225
11.1908333333333,1497.47371673584
11.1975,1733.44469070435
11.2041666666667,1973.01578521729
11.2108333333333,2206.16436004639
11.2175,2422.52635955811
11.2241666666667,2613.24024200439
11.2308333333333,2771.5277671814
11.2375,2894.27804946899
11.2441666666667,2981.60839080811
11.2508333333333,3035.67218780518
11.2575,3059.47256088257
11.2641666666667,3054.65126037598
11.2708333333333,3022.20439910889
11.2775,2961.47727966309
11.2841666666667,2871.25730514526
11.2908333333333,2750.75006484985
11.2975,2600.73757171631
11.3041666666667,2424.77178573608
11.3108333333333,2228.29246520996
11.3175,2018.39733123779
11.3241666666667,1802.73342132568
11.3308333333333,1588.67216110229
11.3375,1382.53450393677
11.3441666666667,1189.08452987671
11.3508333333333,1011.59334182739
11.3575,851.941108703613
11.3641666666667,710.873126983643
11.3708333333333,588.22774887085
11.3775,483.143329620361
11.3841666666667,394.320964813232
11.3908333333333,320.205688476563
11.3975,259.108543395996
11.4041666666667,209.288120269775
11.4108333333333,169.030666351318
11.4175,136.750221252441
11.4241666666667,111.037731170654
11.4308333333333,90.6691551208496
11.4375,74.5930671691895
11.4441666666667,61.9196891784668
11.4508333333333,51.9208908081055
11.4575,44.0177917480469
11.4641666666667,37.7540588378906
11.4708333333333,32.7692031860352
11.4775,28.778076171875
11.4841666666667,25.5579948425293
11.4908333333333,22.9387283325195
11.4975,20.7905769348145
11.5041666666667,19.014835357666
11.5108333333333,17.5328254699707
11.5175,16.2844657897949
11.5241666666667,15.221118927002
11.5308333333333,14.3060684204102
11.5375,13.5111808776855
11.5441666666667,12.8159523010254
11.5508333333333,12.2032165527344
11.5575,11.6586685180664
11.5641666666667,11.1727714538574
11.5708333333333,10.7417106628418
11.5775,10.3616714477539
11.5841666666667,10.0259780883789
11.5908333333333,9.73272323608398
11.5975,9.47999954223633
11.6041666666667,9.26542282104492
11.6108333333333,9.08756256103516
11.6175,8.94260406494141
11.6241666666667,8.83054733276367
11.6308333333333,8.74900817871094
11.6375,8.69607925415039
11.6441666666667,8.67080688476563
11.6508333333333,8.67128372192383
11.6575,8.69655609130859
11.6641666666667,8.74757766723633
11.6708333333333,8.82768630981445
11.6775,8.941650390625
11.6841666666667,9.09757614135742
11.6908333333333,9.30690765380859
11.6975,9.58538055419922
11.7041666666667,9.95206832885742
11.7108333333333,10.4303359985352
11.7175,11.0487937927246
11.7241666666667,11.8403434753418
11.7308333333333,12.8440856933594
11.7375,14.0981674194336
11.7441666666667,15.6397819519043
11.7508333333333,17.5008773803711
11.7575,19.7043418884277
11.7641666666667,22.2563743591309
11.7708333333333,25.1436233520508
11.7775,28.3279418945313
11.7841666666667,31.743049621582
11.7908333333333,35.2964401245117
11.7975,38.8712882995605
11.8041666666667,42.3331260681152
11.8108333333333,45.534610748291
11.8175,48.3293533325195
11.8241666666667,50.5833625793457
11.8308333333333,52.1836280822754
11.8375,53.0490875244141
11.8441666666667,53.1363487243652
11.8508333333333,52.4468421936035
11.8575,51.0220527648926
11.8641666666667,48.9411354064941
11.8708333333333,46.3137626647949
11.8775,43.2729721069336
11.8841666666667,39.9622917175293
11.8908333333333,36.5281105041504
11.8975,33.109188079834
11.9041666666667,29.8290252685547
11.9108333333333,26.7949104309082
11.9175,24.0931510925293
11.9241666666667,21.7909812927246
11.9308333333333,19.9375152587891
11.9375,18.5708999633789
11.9441666666667,17.7230834960938
11.9508333333333,17.423152923584
11.9575,17.7054405212402
11.9641666666667,18.6119079589844
11.9708333333333,20.1969146728516
11.9775,22.5310325622559
11.9841666666667,25.6943702697754
11.9908333333333,29.778003692627
11.9975,34.8734855651855
12.0041666666667,41.069507598877
12.0108333333333,48.4356880187988
12.0175,57.0125579833984
12.0241666666667,66.7920112609863
12.0308333333333,77.7068138122559
12.0375,89.6224975585938
12.0441666666667,102.330684661865
12.0508333333333,115.542888641357
12.0575,128.895282745361
12.0641666666667,141.966819763184
12.0708333333333,154.299736022949
12.0775,165.425300598145
12.0841666666667,174.890518188477
12.0908333333333,182.291507720947
12.0975,187.304019927979
12.1041666666667,189.711570739746
12.1108333333333,189.41593170166
12.1175,186.439514160156
12.1241666666667,180.930137634277
12.1308333333333,173.145294189453
12.1375,163.437366485596
12.1441666666667,152.214527130127
12.1508333333333,139.919281005859
12.1575,127.000331878662
12.1641666666667,113.888263702393
12.1708333333333,100.970268249512
12.1775,88.5701179504395
12.1841666666667,76.9443511962891
12.1908333333333,66.2789344787598
12.1975,56.6911697387695
12.2041666666667,48.2320785522461
12.2108333333333,40.8968925476074
12.2175,34.6379280090332
12.2241666666667,29.3779373168945
12.2308333333333,25.0210762023926
12.2375,21.4591026306152
12.2441666666667,18.5785293579102
12.2508333333333,16.2687301635742
12.2575,14.4290924072266
12.2641666666667,12.969970703125
12.2708333333333,11.8131637573242
12.2775,10.8919143676758
12.2841666666667,10.1494789123535
12.2908333333333,9.54341888427734
12.2975,9.04035568237305
12.3041666666667,8.61454010009766
12.3108333333333,8.24689865112305
12.3175,7.92312622070313
12.3241666666667,7.63273239135742
12.3308333333333,7.3695182800293
12.3375,7.12776184082031
12.3441666666667,6.90555572509766
12.3508333333333,6.70099258422852
12.3575,6.51359558105469
12.3641666666667,6.34431838989258
12.3708333333333,6.195068359375
12.3775,6.06632232666016
12.3841666666667,5.95760345458984
12.3908333333333,5.86938858032227
12.3975,5.80358505249023
12.4041666666667,5.76162338256836
12.4108333333333,5.74111938476563
12.4175,5.74111938476563
12.4241666666667,5.76114654541016
12.4308333333333,5.79929351806641
12.4375,5.85269927978516
12.4441666666667,5.92041015625
12.4508333333333,6.00194931030273
12.4575,6.09683990478516
12.4641666666667,6.20365142822266
12.4708333333333,6.32524490356445
12.4775,6.46400451660156
12.4841666666667,6.62565231323242
12.4908333333333,6.81686401367188
12.4975,7.04813003540039
12.5041666666667,7.33089447021484
12.5108333333333,7.68089294433594
12.5175,8.11529159545898
12.5241666666667,8.65459442138672
12.5308333333333,9.32025909423828
12.5375,10.1380348205566
12.5441666666667,11.136531829834
12.5508333333333,12.3457908630371
12.5575,13.7944221496582
12.5641666666667,15.5091285705566
12.5708333333333,17.5118446350098
12.5775,19.8163986206055
12.5841666666667,22.4227905273438
12.5908333333333,25.3157615661621
12.5975,28.4614562988281
12.6041666666667,31.8078994750977
12.6108333333333,35.2802276611328
12.6175,38.7825965881348
12.6241666666667,42.205810546875
12.6308333333333,45.4311370849609
12.6375,48.3379364013672
12.6441666666667,50.8079528808594
12.6508333333333,52.7396202087402
12.6575,54.0523529052734
12.6641666666667,54.694652557373
12.6708333333333,54.6464920043945
12.6775,53.9212226867676
12.6841666666667,52.5674819946289
12.6908333333333,50.663948059082
12.6975,48.3126640319824
12.7041666666667,45.6275939941406
12.7108333333333,42.7308082580566
12.7175,39.7434234619141
12.7241666666667,36.7751121520996
12.7308333333333,33.9179039001465
12.7375,31.242847442627
12.7441666666667,28.8000106811523
12.7508333333333,26.6156196594238
12.7575,24.693489074707
12.7641666666667,23.0183601379395
12.7708333333333,21.5635299682617
12.7775,20.2937126159668
12.7841666666667,19.169807434082
12.7908333333333,18.1522369384766
12.7975,17.2057151794434
12.8041666666667,16.301155090332
12.8108333333333,15.4151916503906
12.8175,14.5349502563477
12.8241666666667,13.6561393737793
12.8308333333333,12.7825736999512
12.8375,11.9218826293945
12.8441666666667,11.085033416748
12.8508333333333,10.2853775024414
12.8575,9.53865051269531
12.8641666666667,8.85725021362305
12.8708333333333,8.25023651123047
12.8775,7.72571563720703
12.8841666666667,7.28940963745117
12.8908333333333,6.94513320922852
12.8975,6.69288635253906
12.9041666666667,6.53076171875
12.9108333333333,6.45732879638672
12.9175,6.47163391113281
12.9241666666667,6.57176971435547
12.9308333333333,6.75725936889648
12.9375,7.02905654907227
12.9441666666667,7.39192962646484
12.9508333333333,7.85064697265625
12.9575,8.41426849365234
12.9641666666667,9.09137725830078
12.9708333333333,9.89151000976563
12.9775,10.8261108398438
12.9841666666667,11.9032859802246
12.9908333333333,13.1268501281738
12.9975,14.4939422607422
13.0041666666667,15.995979309082
13.0108333333333,17.615795135498
13.0175,19.3257331848145
13.0241666666667,21.0886001586914
13.0308333333333,22.8571891784668
13.0375,24.5790481567383
13.0441666666667,26.1969566345215
13.0508333333333,27.6541709899902
13.0575,28.8968086242676
13.0641666666667,29.8781394958496
13.0708333333333,30.5647850036621
13.0775,30.9381484985352
13.0841666666667,31.0001373291016
13.0908333333333,30.7693481445313
13.0975,30.2853584289551
13.1041666666667,29.6096801757813
13.1108333333333,28.8205146789551
13.1175,28.0089378356934
13.1241666666667,27.275562286377
13.1308333333333,26.7276763916016
13.1375,26.4711380004883
13.1441666666667,26.604175567627
13.1508333333333,27.214527130127
13.1575,28.3751487731934
13.1641666666667,30.1375389099121
13.1708333333333,32.5241088867188
13.1775,35.527229309082
13.1841666666667,39.1058921813965
13.1908333333333,43.1852340698242
13.1975,47.6570129394531
13.2041666666667,52.3815155029297
13.2108333333333,57.1966171264648
13.2175,61.9292259216309
13.2241666666667,66.4033889770508
13.2308333333333,70.4526901245117
13.2375,73.9321708679199
13.2441666666667,76.7331123352051
13.2508333333333,78.7968635559082
13.2575,80.1219940185547
13.2641666666667,80.7681083679199
13.2708333333333,80.8568000793457
13.2775,80.5788040161133
13.2841666666667,80.1815986633301
13.2908333333333,79.9641609191895
13.2975,80.2597999572754
13.3041666666667,81.4251899719238
13.3108333333333,83.8236808776855
13.3175,87.803840637207
13.3241666666667,93.6808586120605
13.3308333333333,101.714134216309
13.3375,112.078666687012
13.3441666666667,124.843120574951
13.3508333333333,139.949798583984
13.3575,157.204627990723
13.3641666666667,176.265239715576
13.3708333333333,196.637153625488
13.3775,217.684745788574
13.3841666666667,238.657474517822
13.3908333333333,258.738040924072
13.3975,277.080059051514
13.4041666666667,292.860984802246
13.4108333333333,305.340766906738
13.4175,313.917636871338
13.4241666666667,318.174839019775
13.4308333333333,317.897796630859
13.4375,313.086986541748
13.4441666666667,303.960800170898
13.4508333333333,290.93599319458
13.4575,274.59192276001
13.4641666666667,255.612373352051
13.4708333333333,234.74645614624
13.4775,212.761878967285
13.4841666666667,190.395355224609
13.4908333333333,168.310165405273
13.4975,147.066593170166
13.5041666666667,127.114295959473
13.5108333333333,108.782768249512
13.5175,92.2808647155762
13.5241666666667,77.704906463623
13.5308333333333,65.0553703308105
13.5375,54.26025390625
13.5441666666667,45.1936721801758
13.5508333333333,37.6944541931152
13.5575,31.5794944763184
13.5641666666667,26.6561508178711
13.5708333333333,22.7389335632324
13.5775,19.658088684082
13.5841666666667,17.2615051269531
13.5908333333333,15.4175758361816
13.5975,14.0128135681152
13.6041666666667,12.9528045654297
13.6108333333333,12.1626853942871
13.6175,11.5838050842285
13.6241666666667,11.167049407959
13.6308333333333,10.8752250671387
13.6375,10.6782913208008
13.6441666666667,10.5533599853516
13.6508333333333,10.4827880859375
13.6575,10.4522705078125
13.6641666666667,10.4498863220215
13.6708333333333,10.4632377624512
13.6775,10.4818344116211
13.6841666666667,10.4970932006836
13.6908333333333,10.502815246582
13.6975,10.4923248291016
13.7041666666667,10.4608535766602
13.7108333333333,10.4050636291504
13.7175,10.3244781494141
13.7241666666667,10.2214813232422
13.7308333333333,10.0960731506348
13.7375,9.95063781738281
13.7441666666667,9.78851318359375
13.7508333333333,9.61685180664063
13.7575,9.44042205810547
13.7641666666667,9.26399230957031
13.7708333333333,9.09280776977539
13.7775,8.93211364746094
13.7841666666667,8.78620147705078
13.7908333333333,8.65793228149414
13.7975,8.54778289794922
13.8041666666667,8.45670700073242
13.8108333333333,8.38565826416016
13.8175,8.33511352539063
13.8241666666667,8.30364227294922
13.8308333333333,8.29076766967773
13.8375,8.29696655273438
13.8441666666667,8.32128524780273
13.8508333333333,8.3613395690918
13.8575,8.41617584228516
13.8641666666667,8.48627090454102
13.8708333333333,8.57162475585938
13.8775,8.67176055908203
13.8841666666667,8.78715515136719
13.8908333333333,8.91828536987305
13.8975,9.06705856323242
13.9041666666667,9.23299789428711
13.9108333333333,9.41705703735352
13.9175,9.62162017822266
13.9241666666667,9.84668731689453
13.9308333333333,10.0951194763184
13.9375,10.3697776794434
13.9441666666667,10.6754302978516
13.9508333333333,11.0182762145996
13.9575,11.4068984985352
13.9641666666667,11.8546485900879
13.9708333333333,12.3758316040039
13.9775,12.9890441894531
13.9841666666667,13.7176513671875
13.9908333333333,14.5878791809082
13.9975,15.6278610229492
14.0041666666667,16.8676376342773
14.0108333333333,18.3334350585938
14.0175,20.0490951538086
14.0241666666667,22.028923034668
14.0308333333333,24.2767333984375
14.0375,26.7806053161621
14.0441666666667,29.5100212097168
14.0508333333333,32.4153900146484
14.0575,35.4290008544922
14.0641666666667,38.4640693664551
14.0708333333333,41.4156913757324
14.0775,44.1708564758301
14.0841666666667,46.6156005859375
14.0908333333333,48.6397743225098
14.0975,50.1446723937988
14.1041666666667,51.0520935058594
14.1108333333333,51.3124465942383
14.1175,50.9071350097656
14.1241666666667,49.8480796813965
14.1308333333333,48.1781959533691
14.1375,45.9685325622559
14.1441666666667,43.3130264282227
14.1508333333333,40.3199195861816
14.1575,37.1036529541016
14.1641666666667,33.778190612793
14.1708333333333,30.4498672485352
14.1775,27.2121429443359
14.1841666666667,24.1408348083496
14.1908333333333,21.2936401367188
14.1975,18.7082290649414
14.2041666666667,16.4051055908203
14.2108333333333,14.3890380859375
14.2175,12.6514434814453
14.2241666666667,11.1751556396484
14.2308333333333,9.93490219116211
14.2375,8.90398025512695
14.2441666666667,8.05377960205078
14.2508333333333,7.35807418823242
14.2575,6.7906379699707
14.2641666666667,6.32715225219727
14.2708333333333,5.94806671142578
14.2775,5.63573837280273
14.2841666666667,5.37586212158203
14.2908333333333,5.15604019165039
14.2975,4.96625900268555
14.3041666666667,4.80079650878906
14.3108333333333,4.6539306640625
14.3175,4.52136993408203
14.3241666666667,4.40073013305664
14.3308333333333,4.28962707519531
14.3375,4.18758392333984
14.3441666666667,4.09364700317383
14.3508333333333,4.00876998901367
14.3575,3.93199920654297
14.3641666666667,3.86381149291992
14.3708333333333,3.80516052246094
14.3775,3.75747680664063
14.3841666666667,3.72219085693359
14.3908333333333,3.69930267333984
14.3975,3.68976593017578
14.4041666666667,3.69358062744141
14.4108333333333,3.71217727661133
14.4175,3.74317169189453
14.4241666666667,3.7846565246582
14.4308333333333,3.83520126342773
14.4375,3.89385223388672
14.4441666666667,3.95822525024414
14.4508333333333,4.02450561523438
14.4575,4.09030914306641
14.4641666666667,4.15325164794922
14.4708333333333,4.21142578125
14.4775,4.26340103149414
14.4841666666667,4.30917739868164
14.4908333333333,4.34637069702148
14.4975,4.37545776367188
14.5041666666667,4.39643859863281
14.5108333333333,4.4093132019043
14.5175,4.41312789916992
14.5241666666667,4.40740585327148
14.5308333333333,4.3940544128418
14.5375,4.37450408935547
14.5441666666667,4.34970855712891
14.5508333333333,4.32157516479492
14.5575,4.28962707519531
14.5641666666667,4.25624847412109
14.5708333333333,4.22334671020508
14.5775,4.19187545776367
14.5841666666667,4.16231155395508
14.5908333333333,4.1351318359375
14.5975,4.11176681518555
14.6041666666667,4.09460067749023
14.6108333333333,4.08458709716797
14.6175,4.08411026000977
14.6241666666667,4.09603118896484
14.6308333333333,4.12225723266602
14.6375,4.16755676269531
14.6441666666667,4.23431396484375
14.6508333333333,4.32777404785156
14.6575,4.45222854614258
14.6641666666667,4.61196899414063
14.6708333333333,4.81510162353516
14.6775,5.06830215454102
14.6841666666667,5.38015365600586
14.6908333333333,5.75971603393555
14.6975,6.21747970581055
14.7041666666667,6.76536560058594
14.7108333333333,7.4162483215332
14.7175,8.18490982055664
14.7241666666667,9.08851623535156
14.7308333333333,10.1432800292969
14.7375,11.3677978515625
14.7441666666667,12.779712677002
14.7508333333333,14.3952369689941
14.7575,16.2301063537598
14.7641666666667,18.2929039001465
14.7708333333333,20.5869674682617
14.7775,23.1099128723145
14.7841666666667,25.8493423461914
14.7908333333333,28.7833213806152
14.7975,31.8765640258789
14.8041666666667,35.0823402404785
14.8108333333333,38.3405685424805
14.8175,41.5825843811035
14.8241666666667,44.7297096252441
14.8308333333333,47.696590423584
14.8375,50.3950119018555
14.8441666666667,52.7386665344238
14.8508333333333,54.6517372131348
14.8575,56.0684204101563
14.8641666666667,56.9367408752441
14.8708333333333,57.222843170166
14.8775,56.915283203125
14.8841666666667,56.023120880127
14.8908333333333,54.5754432678223
14.8975,52.6180267333984
14.9041666666667,50.2157211303711
14.9108333333333,47.4457740783691
14.9175,44.3944931030273
14.9241666666667,41.1491394042969
14.9308333333333,37.7984046936035
14.9375,34.4247817993164
14.9441666666667,31.1064720153809
14.9508333333333,27.9073715209961
14.9575,24.8808860778809
14.9641666666667,22.0680236816406
14.9708333333333,19.4988250732422
14.9775,17.1904563903809
14.9841666666667,15.1491165161133
14.9908333333333,13.373851776123
14.9975,11.8560791015625
15.0041666666667,10.5819702148438
15.0108333333333,9.53388214111328
15.0175,8.69369506835938
15.0241666666667,8.0409049987793
15.0308333333333,7.55548477172852
15.0375,7.21836090087891
15.0441666666667,7.01284408569336
15.0508333333333,6.92176818847656
15.0575,6.93035125732422
15.0641666666667,7.02428817749023
15.0708333333333,7.19118118286133
15.0775,7.41767883300781
15.0841666666667,7.68947601318359
15.0908333333333,7.99274444580078
15.0975,8.31460952758789
15.1041666666667,8.63981246948242
15.1108333333333,8.95452499389648
15.1175,9.24491882324219
15.1241666666667,9.50050354003906
15.1308333333333,9.71078872680664
15.1375,9.86528396606445
15.1441666666667,9.95635986328125
15.1508333333333,9.9797248840332
15.1575,9.9339485168457
15.1641666666667,9.81855392456055
15.1708333333333,9.63783264160156
15.1775,9.39750671386719
15.1841666666667,9.10615921020508
15.1908333333333,8.7738037109375
15.1975,8.41045379638672
15.2041666666667,8.02755355834961
15.2108333333333,7.63607025146484
15.2175,7.24554061889648
15.2241666666667,6.86407089233398
15.2308333333333,6.49881362915039
15.2375,6.15358352661133
15.2441666666667,5.83267211914063
15.2508333333333,5.5384635925293
15.2575,5.27286529541016
15.2641666666667,5.03683090209961
15.2708333333333,4.82988357543945
15.2775,4.65059280395508
15.2841666666667,4.49705123901367
15.2908333333333,4.36687469482422
15.2975,4.25910949707031
15.3041666666667,4.17041778564453
15.3108333333333,4.09841537475586
15.3175,4.04262542724609
15.3241666666667,4.00257110595703
15.3308333333333,3.97586822509766
15.3375,3.96251678466797
15.3441666666667,3.96251678466797
15.3508333333333,3.97539138793945
15.3575,3.99923324584961
15.3641666666667,4.03213500976563
15.3708333333333,4.0740966796875
15.3775,4.12511825561523
15.3841666666667,4.18376922607422
15.3908333333333,4.24909591674805
15.3975,4.31966781616211
15.4041666666667,4.39643859863281
15.4108333333333,4.47750091552734
15.4175,4.5623779296875
15.4241666666667,4.64868545532227
15.4308333333333,4.73594665527344
15.4375,4.82606887817383
15.4441666666667,4.91857528686523
15.4508333333333,5.01155853271484
15.4575,5.10501861572266
15.4641666666667,5.19847869873047
15.4708333333333,5.29050827026367
15.4775,5.38110733032227
15.4841666666667,5.46884536743164
15.4908333333333,5.55229187011719
15.4975,5.62858581542969
15.5041666666667,5.69677352905273
15.5108333333333,5.75447082519531
15.5175,5.79929351806641
15.5241666666667,5.82981109619141
15.5308333333333,5.8441162109375
15.5375,5.84077835083008
15.5441666666667,5.81932067871094
15.5508333333333,5.78022003173828
15.5575,5.72299957275391
15.5641666666667,5.64956665039063
15.5708333333333,5.56182861328125
15.5775,5.46407699584961
15.5841666666667,5.35917282104492
15.5908333333333,5.24997711181641
15.5975,5.14078140258789
15.6041666666667,5.03253936767578
15.6108333333333,4.9285888671875
15.6175,4.83322143554688
15.6241666666667,4.74929809570313
15.6308333333333,4.67872619628906
15.6375,4.6238899230957
15.6441666666667,4.58717346191406
15.6508333333333,4.57096099853516
15.6575,4.57477569580078
15.6641666666667,4.60100173950195
15.6708333333333,4.65059280395508
15.6775,4.72545623779297
15.6841666666667,4.82511520385742
15.6908333333333,4.95243072509766
15.6975,5.11026382446289
15.7041666666667,5.30004501342773
15.7108333333333,5.52272796630859
15.7175,5.77974319458008
15.7241666666667,6.0734748840332
15.7308333333333,6.40296936035156
15.7375,6.76774978637695
15.7441666666667,7.16543197631836
15.7508333333333,7.59458541870117
15.7575,8.05091857910156
15.7641666666667,8.5296630859375
15.7708333333333,9.02509689331055
15.7775,9.52816009521484
15.7841666666667,10.0302696228027
15.7908333333333,10.5204582214355
15.7975,10.9877586364746
15.8041666666667,11.4212036132813
15.8108333333333,11.8093490600586
15.8175,12.1407508850098
15.8241666666667,12.4068260192871
15.8308333333333,12.5975608825684
15.8375,12.7077102661133
15.8441666666667,12.732982635498
15.8508333333333,12.6709938049316
15.8575,12.5236511230469
15.8641666666667,12.2957229614258
15.8708333333333,11.9924545288086
15.8775,11.622428894043
15.8841666666667,11.195182800293
15.8908333333333,10.7202529907227
15.8975,10.2105140686035
15.9041666666667,9.67741012573242
15.9108333333333,9.13381576538086
15.9175,8.59165191650391
15.9241666666667,8.06045532226563
15.9308333333333,7.54976272583008
15.9375,7.06624984741211
15.9441666666667,6.61706924438477
15.9508333333333,6.20508193969727
15.9575,5.83457946777344
15.9641666666667,5.50508499145508
15.9708333333333,5.21755218505859
15.9775,4.97102737426758
15.9841666666667,4.76455688476563
15.9908333333333,4.59480285644531
15.9975,4.45795059204102
16.0041666666667,4.35209274291992
16.0108333333333,4.27484512329102
16.0175,4.22286987304688
16.0241666666667,4.19139862060547
16.0308333333333,4.17804718017578
16.0375,4.18186187744141
16.0441666666667,4.19902801513672
16.0508333333333,4.22811508178711
16.0575,4.26530838012695
16.0641666666667,4.30774688720703
16.0708333333333,4.35304641723633
16.0775,4.39882278442383
16.0841666666667,4.44316864013672
16.0908333333333,4.48417663574219
16.0975,4.52089309692383
16.1041666666667,4.55379486083984
16.1108333333333,4.58097457885742
16.1175,4.60100173950195
16.1241666666667,4.61292266845703
16.1308333333333,4.61769104003906
16.1375,4.61435317993164
16.1441666666667,4.60481643676758
16.1508333333333,4.58908081054688
16.1575,4.56953048706055
16.1641666666667,4.5475959777832
16.1708333333333,4.52470779418945
16.1775,4.50229644775391
16.1841666666667,4.48226928710938
16.1908333333333,4.46557998657227
16.1975,4.4550895690918
16.2041666666667,4.45222854614258
16.2108333333333,4.45842742919922
16.2175,4.47511672973633
16.2241666666667,4.50420379638672
16.2308333333333,4.54616546630859
16.2375,4.60195541381836
16.2441666666667,4.67348098754883
16.2508333333333,4.7602653503418
16.2575,4.86230850219727
16.2641666666667,4.97913360595703
16.2708333333333,5.11074066162109
16.2775,5.25522232055664
16.2841666666667,5.41114807128906
16.2908333333333,5.57661056518555
16.2975,5.75160980224609
16.3041666666667,5.93328475952148
16.3108333333333,6.11972808837891
16.3175,6.30998611450195
16.3241666666667,6.50215148925781
16.3308333333333,6.69431686401367
16.3375,6.88409805297852
16.3441666666667,7.06720352172852
16.3508333333333,7.24220275878906
16.3575,7.40528106689453
16.3641666666667,7.55214691162109
16.3708333333333,7.67898559570313
16.3775,7.78293609619141
16.3841666666667,7.86304473876953
16.3908333333333,7.91692733764648
16.3975,7.94219970703125
16.4041666666667,7.93790817260742
16.4108333333333,7.90309906005859
16.4175,7.83872604370117
16.4241666666667,7.74526596069336
16.4308333333333,7.62271881103516
16.4375,7.47203826904297
16.4441666666667,7.29560852050781
16.4508333333333,7.0958137512207
16.4575,6.87551498413086
16.4641666666667,6.63900375366211
16.4708333333333,6.39009475708008
16.4775,6.1335563659668
16.4841666666667,5.87224960327148
16.4908333333333,5.61094284057617
16.4975,5.35345077514648
16.5041666666667,5.10406494140625
16.5108333333333,4.86564636230469
16.5175,4.64153289794922
16.5241666666667,4.43458557128906
16.5308333333333,4.24623489379883
16.5375,4.07743453979492
16.5441666666667,3.92818450927734
16.5508333333333,3.7994384765625
16.5575,3.6921501159668
16.5641666666667,3.60536575317383
16.5708333333333,3.5395622253418
16.5775,3.49330902099609
16.5841666666667,3.46469879150391
16.5908333333333,3.45230102539063
16.5975,3.45468521118164
16.6041666666667,3.46899032592773
16.6108333333333,3.49283218383789
16.6175,3.52334976196289
16.6241666666667,3.55863571166992
16.6308333333333,3.59630584716797
16.6375,3.63492965698242
16.6441666666667,3.67116928100586
16.6508333333333,3.70407104492188
16.6575,3.73172760009766
16.6641666666667,3.753662109375
16.6708333333333,3.7689208984375
16.6775,3.77655029296875
16.6841666666667,3.77607345581055
16.6908333333333,3.7684440612793
16.6975,3.7531852722168
16.7041666666667,3.73077392578125
16.7108333333333,3.69977951049805
16.7175,3.662109375
16.7241666666667,3.61871719360352
16.7308333333333,3.57151031494141
16.7375,3.52001190185547
16.7441666666667,3.46517562866211
16.7508333333333,3.40747833251953
16.7575,3.34835052490234
16.7641666666667,3.28779220581055
16.7708333333333,3.22628021240234
16.7775,3.16524505615234
16.7841666666667,3.10516357421875
16.7908333333333,3.04794311523438
16.7975,2.99263000488281
16.8041666666667,2.93922424316406
16.8108333333333,2.88820266723633
16.8175,2.84051895141602
16.8241666666667,2.79569625854492
16.8308333333333,2.75373458862305
16.8375,2.71415710449219
16.8441666666667,2.67791748046875
16.8508333333333,2.64596939086914
16.8575,2.61640548706055
16.8641666666667,2.59017944335938
16.8708333333333,2.56729125976563
16.8775,2.5486946105957
16.8841666666667,2.53391265869141
16.8908333333333,2.52246856689453
16.8975,2.51436233520508
16.9041666666667,2.51054763793945
16.9108333333333,2.51102447509766
16.9175,2.51579284667969
16.9241666666667,2.52389907836914
16.9308333333333,2.53486633300781
16.9375,2.54917144775391
16.9441666666667,2.56776809692383
16.9508333333333,2.58970260620117
16.9575,2.61592864990234
16.9641666666667,2.64644622802734
16.9708333333333,2.68125534057617
16.9775,2.72035598754883
16.9841666666667,2.7618408203125
16.9908333333333,2.80570983886719
16.9975,2.85100936889648
17.0041666666667,2.89773941040039
17.0108333333333,2.94637680053711
17.0175,2.99739837646484
17.0241666666667,3.04937362670898
17.0308333333333,3.10182571411133
17.0375,3.15427780151367
17.0441666666667,3.20768356323242
17.0508333333333,3.26156616210938
17.0575,3.31497192382813
17.0641666666667,3.36790084838867
17.0708333333333,3.42082977294922
17.0775,3.47328186035156
17.0841666666667,3.52573394775391
17.0908333333333,3.57818603515625
17.0975,3.6311149597168
17.1041666666667,3.68499755859375
17.1108333333333,3.74221801757813
17.1175,3.80373001098633
17.1241666666667,3.87048721313477
17.1308333333333,3.94392013549805
17.1375,4.02593612670898
17.1441666666667,4.11796569824219
17.1508333333333,4.22143936157227
17.1575,4.33874130249023
17.1641666666667,4.47177886962891
17.1708333333333,4.6238899230957
17.1775,4.79793548583984
17.1841666666667,4.99677658081055
17.1908333333333,5.22327423095703
17.1975,5.48171997070313
17.2041666666667,5.77545166015625
17.2108333333333,6.10780715942383
17.2175,6.4845085144043
17.2241666666667,6.91032409667969
17.2308333333333,7.39336013793945
17.2375,7.94124603271484
17.2441666666667,8.56256484985352
17.2508333333333,9.26685333251953
17.2575,10.063648223877
17.2641666666667,10.9658241271973
17.2708333333333,11.9857788085938
17.2775,13.1382942199707
17.2841666666667,14.439582824707
17.2908333333333,15.9077644348145
17.2975,17.5619125366211
17.3041666666667,19.4211006164551
17.3108333333333,21.5044021606445
17.3175,23.8313674926758
17.3241666666667,26.4205932617188
17.3308333333333,29.2901992797852
17.3375,32.4549674987793
17.3441666666667,35.9268188476563
17.3508333333333,39.7143363952637
17.3575,43.8203811645508
17.3641666666667,48.2401847839355
17.3708333333333,52.9618263244629
17.3775,57.9638481140137
17.3841666666667,63.2181167602539
17.3908333333333,68.6836242675781
17.3975,74.3098258972168
17.4041666666667,80.0356864929199
17.4108333333333,85.7915878295898
17.4175,91.4983749389648
17.4241666666667,97.069263458252
17.4308333333333,102.413177490234
17.4375,107.43522644043
17.4441666666667,112.040042877197
17.4508333333333,116.134643554688
17.4575,119.633197784424
17.4641666666667,122.457981109619
17.4708333333333,124.542713165283
17.4775,125.833988189697
17.4841666666667,126.296520233154
17.4908333333333,125.913143157959
17.4975,124.683380126953
17.5041666666667,122.625350952148
17.5108333333333,119.775772094727
17.5175,116.191387176514
17.5241666666667,111.940860748291
17.5308333333333,107.10620880127
17.5375,101.779937744141
17.5441666666667,96.062183380127
17.5508333333333,90.0564193725586
17.5575,83.864688873291
17.5641666666667,77.5861740112305
17.5708333333333,71.3157653808594
17.5775,65.1407241821289
17.5841666666667,59.1387748718262
17.5908333333333,53.3747673034668
17.5975,47.9021072387695
17.6041666666667,42.7632331848145
17.6108333333333,37.9891395568848
17.6175,33.5993766784668
17.6241666666667,29.6025276184082
17.6308333333333,25.9971618652344
17.6375,22.7770805358887
17.6441666666667,19.9275016784668
17.6508333333333,17.4298286437988
17.6575,15.2592658996582
17.6641666666667,13.390064239502
17.6708333333333,11.7945671081543
17.6775,10.4465484619141
17.6841666666667,9.31882858276367
17.6908333333333,8.38422775268555
17.6975,7.61699676513672
17.7041666666667,6.99520111083984
17.7108333333333,6.49595260620117
17.7175,6.10113143920898
17.7241666666667,5.79357147216797
17.7308333333333,5.55896759033203
17.7375,5.38396835327148
17.7441666666667,5.25665283203125
17.7508333333333,5.16796112060547
17.7575,5.10978698730469
17.7641666666667,5.07402420043945
17.7708333333333,5.05399703979492
17.7775,5.04541397094727
17.7841666666667,5.04493713378906
17.7908333333333,5.04779815673828
17.7975,5.05161285400391
17.8041666666667,5.05495071411133
17.8108333333333,5.05733489990234
17.8175,5.06019592285156
17.8241666666667,5.06258010864258
17.8308333333333,5.06496429443359
17.8375,5.06782531738281
17.8441666666667,5.07164001464844
17.8508333333333,5.07640838623047
17.8575,5.0816535949707
17.8641666666667,5.08975982666016
17.8708333333333,5.10120391845703
17.8775,5.11693954467773
17.8841666666667,5.13792037963867
17.8908333333333,5.16462326049805
17.8975,5.19657135009766
17.9041666666667,5.2337646484375
17.9108333333333,5.27811050415039
17.9175,5.33056259155273
17.9241666666667,5.39255142211914
17.9308333333333,5.46550750732422
17.9375,5.55133819580078
17.9441666666667,5.65147399902344
17.9508333333333,5.76877593994141
17.9575,5.9046745300293
17.9641666666667,6.06298446655273
17.9708333333333,6.24704360961914
17.9775,6.46305084228516
17.9841666666667,6.71529769897461
17.9908333333333,7.00950622558594
17.9975,7.35235214233398
18.0041666666667,7.75146484375
18.0108333333333,8.21542739868164
18.0175,8.75377655029297
18.0241666666667,9.37461853027344
18.0308333333333,10.0898742675781
18.0375,10.9095573425293
18.0441666666667,11.8436813354492
18.0508333333333,12.9032135009766
18.0575,14.0986442565918
18.0641666666667,15.439510345459
18.0708333333333,16.9339179992676
18.0775,18.5894966125488
18.0841666666667,20.411491394043
18.0908333333333,22.4018096923828
18.0975,24.5604515075684
18.1041666666667,26.883602142334
18.1108333333333,29.3636322021484
18.1175,31.9900512695313
18.1241666666667,34.7471237182617
18.1308333333333,37.6148223876953
18.1375,40.5697822570801
18.1441666666667,43.5819625854492
18.1508333333333,46.6179847717285
18.1575,49.6420860290527
18.1641666666667,52.6123046875
18.1708333333333,55.4838180541992
18.1775,58.2127571105957
18.1841666666667,60.7552528381348
18.1908333333333,63.0688667297363
18.1975,65.1111602783203
18.2041666666667,66.8439865112305
18.2108333333333,68.2368278503418
18.2175,69.2620277404785
18.2241666666667,69.8981285095215
18.2308333333333,70.1313018798828
18.2375,69.9558258056641
18.2441666666667,69.3740844726563
18.2508333333333,68.3960914611816
18.2575,67.0394897460938
18.2641666666667,65.3285980224609
18.2708333333333,63.2963180541992
18.2775,60.978889465332
18.2841666666667,58.417797088623
18.2908333333333,55.656909942627
18.2975,52.7439117431641
18.3041666666667,49.7260093688965
18.3108333333333,46.6489791870117
18.3175,43.5571670532227
18.3241666666667,40.4934883117676
18.3308333333333,37.4970436096191
18.3375,34.6031188964844
18.3441666666667,31.8417549133301
18.3508333333333,29.2401313781738
18.3575,26.8206596374512
18.3641666666667,24.5985984802246
18.3708333333333,22.5868225097656
18.3775,20.7943916320801
18.3841666666667,19.2270278930664
18.3908333333333,17.8847312927246
18.3975,16.7665481567383
18.4041666666667,15.869140625
18.4108333333333,15.1872634887695
18.4175,14.7137641906738
18.4241666666667,14.4414901733398
18.4308333333333,14.3637657165527
18.4375,14.4743919372559
18.4441666666667,14.7671699523926
18.4508333333333,15.2368545532227
18.4575,15.8791542053223
18.4641666666667,16.6926383972168
18.4708333333333,17.676830291748
18.4775,18.8331604003906
18.4841666666667,20.1644897460938
18.4908333333333,21.6784477233887
18.4975,23.3831405639648
18.5041666666667,25.2904891967773
18.5108333333333,27.4128913879395
18.5175,29.7665596008301
18.5241666666667,32.3729515075684
18.5308333333333,35.254955291748
18.5375,38.4359359741211
18.5441666666667,41.9392585754395
18.5508333333333,45.7906723022461
18.5575,50.015926361084
18.5641666666667,54.6407699584961
18.5708333333333,59.6871376037598
18.5775,65.1755332946777
18.5841666666667,71.1212158203125
18.5908333333333,77.5327682495117
18.5975,84.4135284423828
18.6041666666667,91.7568206787109
18.6108333333333,99.5469093322754
18.6175,107.7561378479
18.6241666666667,116.344451904297
18.6308333333333,125.262260437012
18.6375,134.445190429688
18.6441666666667,143.816947937012
18.6508333333333,153.285980224609
18.6575,162.749767303467
18.6641666666667,172.097682952881
18.6708333333333,181.211948394775
18.6775,189.968109130859
18.6841666666667,198.237895965576
18.6908333333333,205.892562866211
18.6975,212.809085845947
18.7041666666667,218.869686126709
18.7108333333333,223.966121673584
18.7175,228.00350189209
18.7241666666667,230.90124130249
18.7308333333333,232.597827911377
18.7375,233.051776885986
18.7441666666667,232.243537902832
18.7508333333333,230.17406463623
18.7575,226.867198944092
18.7641666666667,222.369194030762
18.7708333333333,216.748237609863
18.7775,210.089683532715
18.7841666666667,202.495098114014
18.7908333333333,194.080352783203
18.7975,184.973239898682
18.8041666666667,175.308227539063
18.8108333333333,165.221214294434
18.8175,154.850006103516
18.8241666666667,144.32954788208
18.8308333333333,133.790016174316
18.8375,123.35205078125
18.8441666666667,113.123893737793
18.8508333333333,103.200912475586
18.8575,93.6665534973145
18.8641666666667,84.5913887023926
18.8708333333333,76.0283470153809
18.8775,68.0136680603027
18.8841666666667,60.5721473693848
18.8908333333333,53.7185668945313
18.8975,47.4562644958496
18.9041666666667,41.7757034301758
18.9108333333333,36.6597175598145
18.9175,32.0835113525391
18.9241666666667,28.0179977416992
18.9308333333333,24.4317054748535
18.9375,21.2888717651367
18.9441666666667,18.5518264770508
18.9508333333333,16.1838531494141
18.9575,14.1472816467285
18.9641666666667,12.4073028564453
18.9708333333333,10.930061340332
18.9775,9.68503952026367
18.9841666666667,8.64219665527344
18.9908333333333,7.77482986450195
18.9975,7.05957412719727
19.0041666666667,6.47640228271484
19.0108333333333,6.00576400756836
19.0175,5.6309700012207
19.0241666666667,5.33771514892578
19.0308333333333,5.11503219604492
19.0375,4.95243072509766
19.0441666666667,4.84037399291992
19.0508333333333,4.77266311645508
19.0575,4.74262237548828
19.0641666666667,4.74452972412109
19.0708333333333,4.77504730224609
19.0775,4.82988357543945
19.0841666666667,4.90760803222656
19.0908333333333,5.00392913818359
19.0975,5.11932373046875
19.1041666666667,5.25283813476563
19.1108333333333,5.40399551391602
19.1175,5.57136535644531
19.1241666666667,5.75637817382813
19.1308333333333,5.96046447753906
19.1375,6.18457794189453
19.1441666666667,6.43014907836914
19.1508333333333,6.70051574707031
19.1575,7.00092315673828
19.1641666666667,7.33327865600586
19.1708333333333,7.70235061645508
19.1775,8.11386108398438
19.1841666666667,8.575439453125
19.1908333333333,9.0947151184082
19.1975,9.67788696289063
19.2041666666667,10.3344917297363
19.2108333333333,11.0759735107422
19.2175,11.9147300720215
19.2241666666667,12.8631591796875
19.2308333333333,13.9365196228027
19.2375,15.1500701904297
19.2441666666667,16.5224075317383
19.2508333333333,18.0740356445313
19.2575,19.8278427124023
19.2641666666667,21.8076705932617
19.2708333333333,24.0397453308105
19.2775,26.5531539916992
19.2841666666667,29.3817520141602
19.2908333333333,32.5617790222168
19.2975,36.1347198486328
19.3041666666667,40.1434898376465
19.3108333333333,44.6376800537109
19.3175,49.6745109558105
19.3241666666667,55.3193092346191
19.3308333333333,61.6436004638672
19.3375,68.723201751709
19.3441666666667,76.6391754150391
19.3508333333333,85.486888885498
19.3575,95.3741073608398
19.3641666666667,106.42147064209
19.3708333333333,118.754386901855
19.3775,132.508754730225
19.3841666666667,147.838115692139
19.3908333333333,164.913177490234
19.3975,183.91752243042
19.4041666666667,205.039501190186
19.4108333333333,228.47318649292
19.4175,254.426002502441
19.4241666666667,283.115386962891
19.4308333333333,314.766883850098
19.4375,349.600791931152
19.4441666666667,387.819290161133
19.4508333333333,429.616451263428
19.4575,475.173473358154
19.4641666666667,524.652481079102
19.4708333333333,578.182220458984
19.4775,635.835647583008
19.4841666666667,697.636604309082
19.4908333333333,763.552665710449
19.4975,833.492755889893
19.5041666666667,907.293796539307
19.5108333333333,984.688282012939
19.5175,1065.32430648804
19.5241666666667,1148.76556396484
19.5308333333333,1234.48991775513
19.5375,1321.88320159912
19.5441666666667,1410.21394729614
19.5508333333333,1498.66437911987
19.5575,1586.35234832764
19.5641666666667,1672.35565185547
19.5708333333333,1755.73205947876
19.5775,1835.50214767456
19.5841666666667,1910.67171096802
19.5908333333333,1980.23891448975
19.5975,2043.24722290039
19.6041666666667,2098.81448745728
19.6108333333333,2146.15058898926
19.6175,2184.59510803223
19.6241666666667,2213.61541748047
19.6308333333333,2232.81526565552
19.6375,2241.88041687012
19.6441666666667,2240.5858039856
19.6508333333333,2228.81078720093
19.6575,2206.53390884399
19.6641666666667,2173.85816574097
19.6708333333333,2131.04009628296
19.6775,2078.53937149048
19.6841666666667,2016.97254180908
19.6908333333333,1947.08585739136
19.6975,1869.77863311768
19.7041666666667,1786.08369827271
19.7108333333333,1697.09777832031
19.7175,1603.94477844238
19.7241666666667,1507.80916213989
19.7308333333333,1409.9006652832
19.7375,1311.37657165527
19.7441666666667,1213.29545974731
19.7508333333333,1116.66536331177
19.7575,1022.42612838745
19.7641666666667,931.394100189209
19.7708333333333,844.232559204102
19.7775,761.457920074463
19.7841666666667,683.482646942139
19.7908333333333,610.610485076904
19.7975,543.02978515625
19.8041666666667,480.806350708008
19.8108333333333,423.901081085205
19.8175,372.20287322998
19.8241666666667,325.547218322754
19.8308333333333,283.713340759277
19.8375,246.429920196533
19.8441666666667,213.384628295898
19.8508333333333,184.25178527832
19.8575,158.707618713379
19.8641666666667,136.428833007813
19.8708333333333,117.095947265625
19.8775,100.39234161377
19.8841666666667,86.0185623168945
19.8908333333333,73.699951171875
19.8975,63.1852149963379
19.9041666666667,54.2426109313965
19.9108333333333,46.6575622558594
19.9175,40.2393341064453
19.9241666666667,34.8200798034668
19.9308333333333,30.2538871765137
19.9375,26.4124870300293
19.9441666666667,23.1833457946777
19.9508333333333,20.4691886901855
19.9575,18.1875228881836
19.9641666666667,16.268253326416
19.9708333333333,14.6527290344238
19.9775,13.2913589477539
19.9841666666667,12.1421813964844
19.9908333333333,11.1684799194336
19.9975,10.340690612793
20.0041666666667,9.63306427001953
20.0108333333333,9.02652740478516
20.0175,8.50343704223633
20.0241666666667,8.05139541625977
20.0308333333333,7.65848159790039
20.0375,7.31515884399414
20.0441666666667,7.01427459716797
20.0508333333333,6.74915313720703
20.0575,6.51454925537109
20.0641666666667,6.30617141723633
20.0708333333333,6.11972808837891
20.0775,5.95378875732422
20.0841666666667,5.80549240112305
20.0908333333333,5.67150115966797
20.0975,5.54990768432617
20.1041666666667,5.43928146362305
20.1108333333333,5.33819198608398
20.1175,5.24568557739258
20.1241666666667,5.16128540039063
20.1308333333333,5.08594512939453
20.1375,5.01918792724609
20.1441666666667,4.96006011962891
20.1508333333333,4.90951538085938
20.1575,4.8670768737793
20.1641666666667,4.83226776123047
20.1708333333333,4.80318069458008
20.1775,4.77981567382813
20.1841666666667,4.76169586181641
20.1908333333333,4.74977493286133
20.1975,4.74357604980469
20.2041666666667,4.74309921264648
20.2108333333333,4.74786758422852
20.2175,4.75740432739258
20.2241666666667,4.77170944213867
20.2308333333333,4.78887557983398
20.2375,4.8069953918457
20.2441666666667,4.82749938964844
20.2508333333333,4.84895706176758
20.2575,4.87232208251953
20.2641666666667,4.89568710327148
20.2708333333333,4.91905212402344
20.2775,4.94194030761719
20.2841666666667,4.96196746826172
20.2908333333333,4.97674942016602
20.2975,4.98723983764648
20.3041666666667,4.99391555786133
20.3108333333333,4.99582290649414
20.3175,4.99153137207031
20.3241666666667,4.98151779174805
20.3308333333333,4.96578216552734
20.3375,4.94384765625
20.3441666666667,4.9138069152832
20.3508333333333,4.87661361694336
20.3575,4.83322143554688
20.3641666666667,4.78458404541016
20.3708333333333,4.7307014465332
20.3775,4.67109680175781
20.3841666666667,4.60577011108398
20.3908333333333,4.53567504882813
20.3975,4.46033477783203
20.4041666666667,4.38165664672852
20.4108333333333,4.29916381835938
20.4175,4.21428680419922
20.4241666666667,4.12893295288086
20.4308333333333,4.04262542724609
20.4375,3.95631790161133
20.4441666666667,3.87144088745117
20.4508333333333,3.78751754760742
20.4575,3.70597839355469
20.4641666666667,3.62539291381836
20.4708333333333,3.54814529418945
20.4775,3.47471237182617
20.4841666666667,3.40604782104492
20.4908333333333,3.34262847900391
20.4975,3.28493118286133
20.5041666666667,3.23343276977539
20.5108333333333,3.1886100769043
20.5175,3.15046310424805
20.5241666666667,3.11994552612305
20.5308333333333,3.0975341796875
20.5375,3.08322906494141
20.5441666666667,3.07703018188477
20.5508333333333,3.07893753051758
20.5575,3.08895111083984
20.5641666666667,3.10707092285156
20.5708333333333,3.13282012939453
20.5775,3.16715240478516
20.5841666666667,3.21149826049805
20.5908333333333,3.2658576965332
20.5975,3.32880020141602
20.6041666666667,3.40080261230469
20.6108333333333,3.48186492919922
20.6175,3.57246398925781
20.6241666666667,3.67259979248047
20.6308333333333,3.78131866455078
20.6375,3.89909744262695
20.6441666666667,4.02450561523438
20.6508333333333,4.15563583374023
20.6575,4.29344177246094
20.6641666666667,4.43696975708008
20.6708333333333,4.58574295043945
20.6775,4.73880767822266
20.6841666666667,4.89568710327148
20.6908333333333,5.05447387695313
20.6975,5.21421432495117
20.7041666666667,5.37395477294922
20.7108333333333,5.53464889526367
20.7175,5.69534301757813
20.7241666666667,5.85556030273438
20.7308333333333,6.01434707641602
20.7375,6.16931915283203
20.7441666666667,6.31904602050781
20.7508333333333,6.46400451660156
20.7575,6.60276412963867
20.7641666666667,6.73389434814453
20.7708333333333,6.85834884643555
20.7775,6.97565078735352
20.7841666666667,7.08532333374023
20.7908333333333,7.18545913696289
20.7975,7.27701187133789
20.8041666666667,7.35950469970703
20.8108333333333,7.43389129638672
20.8175,7.49921798706055
20.8241666666667,7.55548477172852
20.8308333333333,7.60364532470703
20.8375,7.64322280883789
20.8441666666667,7.6751708984375
20.8508333333333,7.69996643066406
20.8575,7.71713256835938
20.8641666666667,7.72762298583984
20.8708333333333,7.73191452026367
20.8775,7.72953033447266
20.8841666666667,7.72190093994141
20.8908333333333,7.70902633666992
20.8975,7.6909065246582
20.9041666666667,7.66849517822266
20.9108333333333,7.64083862304688
20.9175,7.60793685913086
20.9241666666667,7.56931304931641
20.9308333333333,7.52401351928711
20.9375,7.47251510620117
20.9441666666667,7.4152946472168
20.9508333333333,7.35330581665039
20.9575,7.28511810302734
20.9641666666667,7.21073150634766
20.9708333333333,7.13109970092773
20.9775,7.04574584960938
20.9841666666667,6.95371627807617
20.9908333333333,6.85501098632813
20.9975,6.74915313720703
21.0041666666667,6.6370964050293
21.0108333333333,6.51788711547852
21.0175,6.39152526855469
21.0241666666667,6.25753402709961
21.0308333333333,6.11686706542969
21.0375,5.97095489501953
21.0441666666667,5.81932067871094
21.0508333333333,5.66291809082031
21.0575,5.50270080566406
21.0641666666667,5.33962249755859
21.0708333333333,5.1732063293457
21.0775,5.00392913818359
21.0841666666667,4.83274459838867
21.0908333333333,4.66108322143555
21.0975,4.48989868164063
21.1041666666667,4.32109832763672
21.1108333333333,4.15468215942383
21.1175,3.99208068847656
21.1241666666667,3.83377075195313
21.1308333333333,3.67975234985352
21.1375,3.53050231933594
21.1441666666667,3.3869743347168
21.1508333333333,3.24821472167969
21.1575,3.11517715454102
21.1641666666667,2.98929214477539
21.1708333333333,2.87055969238281
21.1775,2.75945663452148
21.1841666666667,2.655029296875
21.1908333333333,2.55823135375977
21.1975,2.46906280517578
21.2041666666667,2.38656997680664
21.2108333333333,2.31027603149414
21.2175,2.24065780639648
21.2241666666667,2.17771530151367
21.2308333333333,2.1214485168457
21.2375,2.07138061523438
21.2441666666667,2.02751159667969
21.2508333333333,1.98936462402344
21.2575,1.95693969726563
21.2641666666667,1.93023681640625
21.2708333333333,1.90877914428711
21.2775,1.8916130065918
21.2841666666667,1.87921524047852
21.2908333333333,1.87015533447266
21.2975,1.86443328857422
21.3041666666667,1.86300277709961
21.3108333333333,1.86538696289063
21.3175,1.87158584594727
21.3241666666667,1.88255310058594
21.3308333333333,1.89685821533203
21.3375,1.91354751586914
21.3441666666667,1.93214416503906
21.3508333333333,1.9526481628418
21.3575,1.97553634643555
21.3641666666667,2.00128555297852
21.3708333333333,2.0298957824707
21.3775,2.06232070922852
21.3841666666667,2.09808349609375
21.3908333333333,2.13718414306641
21.3975,2.17819213867188
21.4041666666667,2.22158432006836
21.4108333333333,2.26831436157227
21.4175,2.31790542602539
21.4241666666667,2.37035751342773
21.4308333333333,2.4266242980957
21.4375,2.4867057800293
21.4441666666667,2.55012512207031
21.4508333333333,2.61640548706055
21.4575,2.6860237121582
21.4641666666667,2.76041030883789
21.4708333333333,2.8386116027832
21.4775,2.92015075683594
21.4841666666667,3.00455093383789
21.4908333333333,3.09228897094727
21.4975,3.18336486816406
21.5041666666667,3.27682495117188
21.5108333333333,3.37362289428711
21.5175,3.47328186035156
21.5241666666667,3.57627868652344
21.5308333333333,3.68070602416992
21.5375,3.78656387329102
21.5441666666667,3.89194488525391
21.5508333333333,3.997802734375
21.5575,4.10318374633789
21.5641666666667,4.20713424682617
21.5708333333333,4.31013107299805
21.5775,4.41217422485352
21.5841666666667,4.51135635375977
21.5908333333333,4.60529327392578
21.5975,4.69446182250977
21.6041666666667,4.77886199951172
21.6108333333333,4.85706329345703
21.6175,4.92954254150391
21.6241666666667,4.99677658081055
21.6308333333333,5.05781173706055
21.6375,5.11264801025391
21.6441666666667,5.16033172607422
21.6508333333333,5.20038604736328
21.6575,5.2342414855957
21.6641666666667,5.26237487792969
21.6708333333333,5.28526306152344
21.6775,5.30385971069336
21.6841666666667,5.31864166259766
21.6908333333333,5.33103942871094
21.6975,5.34152984619141
21.7041666666667,5.35106658935547
21.7108333333333,5.36203384399414
21.7175,5.37633895874023
21.7241666666667,5.39684295654297
21.7308333333333,5.42545318603516
21.7375,5.46503067016602
21.7441666666667,5.51843643188477
21.7508333333333,5.58805465698242
21.7575,5.6757926940918
21.7641666666667,5.78451156616211
21.7708333333333,5.91707229614258
21.7775,6.07681274414063
21.7841666666667,6.26754760742188
21.7908333333333,6.49261474609375
21.7975,6.75439834594727
21.8041666666667,7.05575942993164
21.8108333333333,7.40146636962891
21.8175,7.79533386230469
21.8241666666667,8.24117660522461
21.8308333333333,8.74423980712891
21.8375,9.30976867675781
21.8441666666667,9.94348526000977
21.8508333333333,10.6472969055176
21.8575,11.4264488220215
21.8641666666667,12.2852325439453
21.8708333333333,13.2269859313965
21.8775,14.256477355957
21.8841666666667,15.3775215148926
21.8908333333333,16.5948867797852
21.8975,17.9128646850586
21.9041666666667,19.3328857421875
21.9108333333333,20.8559036254883
21.9175,22.4833488464355
21.9241666666667,24.2156982421875
21.9308333333333,26.0515213012695
21.9375,27.9879570007324
21.9441666666667,30.0197601318359
21.9508333333333,32.1416854858398
21.9575,34.3470573425293
21.9641666666667,36.6268157958984
21.9708333333333,38.9723777770996
21.9775,41.3713455200195
21.9841666666667,43.8103675842285
21.9908333333333,46.2746620178223
21.9975,48.7475395202637
22.0041666666667,51.2094497680664
22.0108333333333,53.6413192749023
22.0175,56.0212135314941
22.0241666666667,58.3291053771973
22.0308333333333,60.544490814209
22.0375,62.647819519043
22.0441666666667,64.6185874938965
22.0508333333333,66.4372444152832
22.0575,68.0837631225586
22.0641666666667,69.5405006408691
22.0708333333333,70.7917213439941
22.0775,71.8226432800293
22.0841666666667,72.6213455200195
22.0908333333333,73.1773376464844
22.0975,73.4844207763672
22.1041666666667,73.5387802124023
22.1108333333333,73.3394622802734
22.1175,72.8888511657715
22.1241666666667,72.1902847290039
22.1308333333333,71.251392364502
22.1375,70.0821876525879
22.1441666666667,68.695068359375
22.1508333333333,67.1038627624512
22.1575,65.3252601623535
22.1641666666667,63.3792877197266
22.1708333333333,61.2854957580566
22.1775,59.0648651123047
22.1841666666667,56.7374229431152
22.1908333333333,54.3251037597656
22.1975,51.8488883972168
22.2041666666667,49.3292808532715
22.2108333333333,46.7848777770996
22.2175,44.2357063293457
22.2241666666667,41.7003631591797
22.2308333333333,39.1979217529297
22.2375,36.7422103881836
22.2441666666667,34.3461036682129
22.2508333333333,32.0210456848145
22.2575,29.7789573669434
22.2641666666667,27.6284217834473
22.2708333333333,25.5742073059082
22.2775,23.622989654541
22.2841666666667,21.7790603637695
22.2908333333333,20.045280456543
22.2975,18.4221267700195
22.3041666666667,16.9086456298828
22.3108333333333,15.5029296875
22.3175,14.2021179199219
22.3241666666667,13.002872467041
22.3308333333333,11.9009017944336
22.3375,10.892391204834
22.3441666666667,9.97066497802734
22.3508333333333,9.13190841674805
22.3575,8.37182998657227
22.3641666666667,7.68518447875977
22.3708333333333,7.0652961730957
22.3775,6.50787353515625
22.3841666666667,6.00814819335938
22.3908333333333,5.56230545043945
22.3975,5.16510009765625
22.4041666666667,4.81081008911133
22.4108333333333,4.49609756469727
22.4175,4.21810150146484
22.4241666666667,3.97396087646484
22.4308333333333,3.75986099243164
22.4375,3.57246398925781
22.4441666666667,3.41033935546875
22.4508333333333,3.27253341674805
22.4575,3.15666198730469
22.4641666666667,3.05843353271484
22.4708333333333,2.97689437866211
22.4775,2.91061401367188
22.4841666666667,2.86054611206055
22.4908333333333,2.8233528137207
22.4975,2.79903411865234
22.5041666666667,2.78854370117188
22.5108333333333,2.7918815612793
22.5175,2.81000137329102
22.5241666666667,2.84147262573242
22.5308333333333,2.88867950439453
22.5375,2.95114517211914
22.5441666666667,3.02934646606445
22.5508333333333,3.12232971191406
22.5575,3.23152542114258
22.5641666666667,3.35788726806641
22.5708333333333,3.50284576416016
22.5775,3.66783142089844
22.5841666666667,3.85522842407227
22.5908333333333,4.06646728515625
22.5975,4.30488586425781
22.6041666666667,4.57048416137695
22.6108333333333,4.86612319946289
22.6175,5.19514083862305
22.6241666666667,5.56087493896484
22.6308333333333,5.9661865234375
22.6375,6.41441345214844
22.6441666666667,6.90889358520508
22.6508333333333,7.45534896850586
22.6575,8.05759429931641
22.6641666666667,8.71992111206055
22.6708333333333,9.44757461547852
22.6775,10.2477073669434
22.6841666666667,11.1241340637207
22.6908333333333,12.0830535888672
22.6975,13.1301879882813
22.7041666666667,14.2731666564941
22.7108333333333,15.5186653137207
22.7175,16.873836517334
22.7241666666667,18.3463096618652
22.7308333333333,19.9441909790039
22.7375,21.674633026123
22.7441666666667,23.5438346862793
22.7508333333333,25.5579948425293
22.7575,27.7233123779297
22.7641666666667,30.0478935241699
22.7708333333333,32.5379371643066
22.7775,35.1982116699219
22.7841666666667,38.0330085754395
22.7908333333333,41.0442352294922
22.7975,44.2347526550293
22.8041666666667,47.6045608520508
22.8108333333333,51.1503219604492
22.8175,54.8672676086426
22.8241666666667,58.7496757507324
22.8308333333333,62.7913475036621
22.8375,66.9827461242676
22.8441666666667,71.3095664978027
22.8508333333333,75.7575035095215
22.8575,80.3074836730957
22.8641666666667,84.9404335021973
22.8708333333333,89.6339416503906
22.8775,94.3617820739746
22.8841666666667,99.0948677062988
22.8908333333333,103.802680969238
22.8975,108.453750610352
22.9041666666667,113.016128540039
22.9108333333333,117.455005645752
22.9175,121.736526489258
22.9241666666667,125.824451446533
22.9308333333333,129.684925079346
22.9375,133.283615112305
22.9441666666667,136.588096618652
22.9508333333333,139.565944671631
22.9575,142.18807220459
22.9641666666667,144.427299499512
22.9708333333333,146.262168884277
22.9775,147.672653198242
22.9841666666667,148.643016815186
22.9908333333333,149.160861968994
22.9975,149.22046661377
23.0041666666667,148.818969726563
23.0108333333333,147.957801818848
23.0175,146.642684936523
23.0241666666667,144.886493682861
23.0308333333333,142.704486846924
23.0375,140.114784240723
23.0441666666667,137.138843536377
23.0508333333333,133.805274963379
23.0575,130.143642425537
23.0641666666667,126.183986663818
23.0708333333333,121.960639953613
23.0775,117.508411407471
23.0841666666667,112.864017486572
23.0908333333333,108.067035675049
23.0975,103.15465927124
23.1041666666667,98.1640815734863
23.1108333333333,93.1286811828613
23.1175,88.0832672119141
23.1241666666667,83.0607414245605
23.1308333333333,78.0925750732422
23.1375,73.2059478759766
23.1441666666667,68.4237480163574
23.1508333333333,63.7702941894531
23.1575,59.2665672302246
23.1641666666667,54.9297332763672
23.1708333333333,50.7731437683105
23.1775,46.806812286377
23.1841666666667,43.0383682250977
23.1908333333333,39.4759178161621
23.1975,36.1247062683105
23.2041666666667,32.984733581543
23.2108333333333,30.0545692443848
23.2175,27.3313522338867
23.2241666666667,24.810791015625
23.2308333333333,22.4876403808594
23.2375,20.352840423584
23.2441666666667,18.3982849121094
23.2508333333333,16.6153907775879
23.2575,14.9960517883301
23.2641666666667,13.5307312011719
23.2708333333333,12.2089385986328
23.2775,11.0201835632324
23.2841666666667,9.95397567749023
23.2908333333333,9.00077819824219
23.2975,8.15057754516602
23.3041666666667,7.39431381225586
23.3108333333333,6.72435760498047
23.3175,6.13212585449219
23.3241666666667,5.60951232910156
23.3308333333333,5.14888763427734
23.3375,4.74405288696289
23.3441666666667,4.38833236694336
23.3508333333333,4.07695770263672
23.3575,3.80468368530273
23.3641666666667,3.56817245483398
23.3708333333333,3.36360931396484
23.3775,3.18765640258789
23.3841666666667,3.0364990234375
23.3908333333333,2.90584564208984
23.3975,2.79378890991211
23.4041666666667,2.69794464111328
23.4108333333333,2.61688232421875
23.4175,2.55012512207031
23.4241666666667,2.49528884887695
23.4308333333333,2.45237350463867
23.4375,2.41994857788086
23.4441666666667,2.39658355712891
23.4508333333333,2.38037109375
23.4575,2.37035751342773
23.4641666666667,2.36749649047852
23.4708333333333,2.37178802490234
23.4775,2.38180160522461
23.4841666666667,2.39706039428711
23.4908333333333,2.41804122924805
23.4975,2.44474411010742
23.5041666666667,2.47573852539063
23.5108333333333,2.50911712646484
23.5175,2.54583358764648
23.5241666666667,2.58588790893555
23.5308333333333,2.62880325317383
23.5375,2.67457962036133
23.5441666666667,2.72226333618164
23.5508333333333,2.77280807495117
23.5575,2.82478332519531
23.5641666666667,2.87818908691406
23.5708333333333,2.93397903442383
23.5775,2.99215316772461
23.5841666666667,3.0517578125
23.5908333333333,3.11183929443359
23.5975,3.17287445068359
23.6041666666667,3.23390960693359
23.6108333333333,3.2954216003418
23.6175,3.35597991943359
23.6241666666667,3.41653823852539
23.6308333333333,3.47661972045898
23.6375,3.53717803955078
23.6441666666667,3.59773635864258
23.6508333333333,3.65734100341797
23.6575,3.71551513671875
23.6641666666667,3.77225875854492
23.6708333333333,3.82709503173828
23.6775,3.88097763061523
23.6841666666667,3.93295288085938
23.6908333333333,3.98111343383789
23.6975,4.02688980102539
23.7041666666667,4.06980514526367
23.7108333333333,4.11033630371094
23.7175,4.14752960205078
23.7241666666667,4.1804313659668
23.7308333333333,4.20999526977539
23.7375,4.23622131347656
23.7441666666667,4.25910949707031
23.7508333333333,4.27627563476563
23.7575,4.28915023803711
23.7641666666667,4.29821014404297
23.7708333333333,4.3025016784668
23.7775,4.30154800415039
23.7841666666667,4.29534912109375
23.7908333333333,4.28485870361328
23.7975,4.26959991455078
23.8041666666667,4.25004959106445
23.8108333333333,4.22573089599609
23.8175,4.1961669921875
23.8241666666667,4.16183471679688
23.8308333333333,4.12321090698242
23.8375,4.07934188842773
23.8441666666667,4.02975082397461
23.8508333333333,3.97586822509766
23.8575,3.91960144042969
23.8641666666667,3.8609504699707
23.8708333333333,3.79848480224609
23.8775,3.73268127441406
23.8841666666667,3.66449356079102
23.8908333333333,3.59439849853516
23.8975,3.52191925048828
23.9041666666667,3.44610214233398
23.9108333333333,3.36837768554688
23.9175,3.29017639160156
23.9241666666667,3.21149826049805
23.9308333333333,3.13234329223633
23.9375,3.0522346496582
23.9441666666667,2.97355651855469
23.9508333333333,2.89583206176758
23.9575,2.81906127929688
23.9641666666667,2.74372100830078
23.9708333333333,2.66885757446289
23.9775,2.59590148925781
23.9841666666667,2.52389907836914
23.9908333333333,2.45475769042969
23.9975,2.38800048828125
24.0041666666667,2.32458114624023
24.0108333333333,2.26449966430664
24.0175,2.20775604248047
24.0241666666667,2.15339660644531
24.0308333333333,2.10142135620117
24.0375,2.05087661743164
24.0441666666667,2.00271606445313
24.0508333333333,1.95646286010742
24.0575,1.91259384155273
24.0641666666667,1.87206268310547
24.0708333333333,1.83391571044922
24.0775,1.79958343505859
24.0841666666667,1.76763534545898
24.0908333333333,1.73854827880859
24.0975,1.71279907226563
24.1041666666667,1.68991088867188
24.1108333333333,1.66940689086914
24.1175,1.65128707885742
24.1241666666667,1.63602828979492
24.1308333333333,1.62315368652344
24.1375,1.61218643188477
24.1441666666667,1.6026496887207
24.1508333333333,1.59549713134766
24.1575,1.58977508544922
24.1641666666667,1.58548355102539
24.1708333333333,1.58262252807617
24.1775,1.58214569091797
24.1841666666667,1.58357620239258
24.1908333333333,1.5873908996582
24.1975,1.59358978271484
24.2041666666667,1.6016960144043
24.2108333333333,1.60980224609375
24.2175,1.61886215209961
24.2241666666667,1.62887573242188
24.2308333333333,1.63984298706055
24.2375,1.65128707885742
24.2441666666667,1.6636848449707
24.2508333333333,1.678466796875
24.2575,1.69515609741211
24.2641666666667,1.71232223510742
24.2708333333333,1.72948837280273
24.2775,1.74760818481445
24.2841666666667,1.76668167114258
24.2908333333333,1.78623199462891
24.2975,1.80625915527344
24.3041666666667,1.82723999023438
24.3108333333333,1.84869766235352
24.3175,1.87063217163086
24.3241666666667,1.89113616943359
24.3308333333333,1.91068649291992
24.3375,1.93119049072266
24.3441666666667,1.95169448852539
24.3508333333333,1.97315216064453
24.3575,1.99508666992188
24.3641666666667,2.01845169067383
24.3708333333333,2.04372406005859
24.3775,2.06995010375977
24.3841666666667,2.09712982177734
24.3908333333333,2.12478637695313
24.3975,2.15339660644531
24.4041666666667,2.18296051025391
24.4108333333333,2.2130012512207
24.4175,2.24399566650391
24.4241666666667,2.27642059326172
24.4308333333333,2.31075286865234
24.4375,2.34746932983398
24.4441666666667,2.38656997680664
24.4508333333333,2.42805480957031
24.4575,2.47097015380859
24.4641666666667,2.51626968383789
24.4708333333333,2.56538391113281
24.4775,2.61878967285156
24.4841666666667,2.67505645751953
24.4908333333333,2.73609161376953
24.4975,2.80237197875977
24.5041666666667,2.87389755249023
24.5108333333333,2.95066833496094
24.5175,3.03220748901367
24.5241666666667,3.11994552612305
24.5308333333333,3.21340560913086
24.5375,3.31306457519531
24.5441666666667,3.4184455871582
24.5508333333333,3.52907180786133
24.5575,3.6463737487793
24.5641666666667,3.77082824707031
24.5708333333333,3.90291213989258
24.5775,4.04071807861328
24.5841666666667,4.18567657470703
24.5908333333333,4.33635711669922
24.5975,4.49323654174805
24.6041666666667,4.6544075012207
24.6108333333333,4.81843948364258
24.6175,4.98533248901367
24.6241666666667,5.15508651733398
24.6308333333333,5.32627105712891
24.6375,5.49745559692383
24.6441666666667,5.66768646240234
24.6508333333333,5.83600997924805
24.6575,6.00099563598633
24.6641666666667,6.16121292114258
24.6708333333333,6.31570816040039
24.6775,6.46352767944336
24.6841666666667,6.60371780395508
24.6908333333333,6.73675537109375
24.6975,6.86216354370117
24.7041666666667,6.97946548461914
24.7108333333333,7.08770751953125
24.7175,7.1868896484375
24.7241666666667,7.27701187133789
24.7308333333333,7.35759735107422
24.7375,7.42864608764648
24.7441666666667,7.49111175537109
24.7508333333333,7.54642486572266
24.7575,7.59506225585938
24.7641666666667,7.63797760009766
24.7708333333333,7.67660140991211
24.7775,7.71141052246094
24.7841666666667,7.74383544921875
24.7908333333333,7.77435302734375
24.7975,7.80439376831055
24.8041666666667,7.83348083496094
24.8108333333333,7.86352157592773
24.8175,7.89594650268555
24.8241666666667,7.93075561523438
24.8308333333333,7.96794891357422
24.8375,8.00943374633789
24.8441666666667,8.05521011352539
24.8508333333333,8.10527801513672
24.8575,8.15916061401367
24.8641666666667,8.21542739868164
24.8708333333333,8.27455520629883
24.8775,8.33463668823242
24.8841666666667,8.39519500732422
24.8908333333333,8.45432281494141
24.8975,8.51202011108398
24.9041666666667,8.56828689575195
24.9108333333333,8.62026214599609
24.9175,8.6674690246582
24.9241666666667,8.70752334594727
24.9308333333333,8.74090194702148
24.9375,8.76665115356445
24.9441666666667,8.78238677978516
24.9508333333333,8.78763198852539
24.9575,8.78143310546875
24.9641666666667,8.76188278198242
24.9708333333333,8.73041152954102
24.9775,8.68511199951172
24.9841666666667,8.62550735473633
24.9908333333333,8.55112075805664
24.9975,8.46338272094727
25.0041666666667,8.36324691772461
25.0108333333333,8.25023651123047
25.0175,8.12339782714844
25.0241666666667,7.98463821411133
25.0308333333333,7.83443450927734
25.0375,7.67421722412109
25.0441666666667,7.50350952148438
25.0508333333333,7.32421875
25.0575,7.13777542114258
25.0641666666667,6.94656372070313
25.0708333333333,6.75153732299805
25.0775,6.55364990234375
25.0841666666667,6.35337829589844
25.0908333333333,6.1497688293457
25.0975,5.94329833984375
25.1041666666667,5.73492050170898
25.1108333333333,5.52749633789063
25.1175,5.32245635986328
25.1241666666667,5.11980056762695
25.1308333333333,4.92238998413086
25.1375,4.73213195800781
25.1441666666667,4.54854965209961
25.1508333333333,4.37068939208984
25.1575,4.19950485229492
25.1641666666667,4.03499603271484
25.1708333333333,3.87907028198242
25.1775,3.73029708862305
25.1841666666667,3.58867645263672
25.1908333333333,3.45420837402344
25.1975,3.326416015625
25.2041666666667,3.20577621459961
25.2108333333333,3.09324264526367
25.2175,2.98881530761719
25.2241666666667,2.89344787597656
25.2308333333333,2.80570983886719
25.2375,2.72655487060547
25.2441666666667,2.65407562255859
25.2508333333333,2.58684158325195
25.2575,2.52437591552734
25.2641666666667,2.46667861938477
25.2708333333333,2.41327285766602
25.2775,2.3655891418457
25.2841666666667,2.32315063476563
25.2908333333333,2.28643417358398
25.2975,2.25448608398438
25.3041666666667,2.2273063659668
25.3108333333333,2.20346450805664
25.3175,2.18296051025391
25.3241666666667,2.16531753540039
25.3308333333333,2.1514892578125
25.3375,2.14004516601563
25.3441666666667,2.13193893432617
25.3508333333333,2.12717056274414
25.3575,2.12430953979492
25.3641666666667,2.12335586547852
25.3708333333333,2.12240219116211
25.3775,2.12335586547852
25.3841666666667,2.12478637695313
25.3908333333333,2.12860107421875
25.3975,2.13384628295898
25.4041666666667,2.14147567749023
25.4108333333333,2.1510124206543
25.4175,2.16245651245117
25.4241666666667,2.17533111572266
25.4308333333333,2.18963623046875
25.4375,2.20489501953125
25.4441666666667,2.22063064575195
25.4508333333333,2.23827362060547
25.4575,2.25687026977539
25.4641666666667,2.27785110473633
25.4708333333333,2.30026245117188
25.4775,2.32410430908203
25.4841666666667,2.3493766784668
25.4908333333333,2.37560272216797
25.4975,2.40325927734375
25.5041666666667,2.43234634399414
25.5108333333333,2.46238708496094
25.5175,2.49290466308594
25.5241666666667,2.52389907836914
25.5308333333333,2.55537033081055
25.5375,2.58874893188477
25.5441666666667,2.62355804443359
25.5508333333333,2.65836715698242
25.5575,2.69365310668945
25.5641666666667,2.72893905639648
25.5708333333333,2.76374816894531
25.5775,2.79808044433594
25.5841666666667,2.83098220825195
25.5908333333333,2.86340713500977
25.5975,2.89487838745117
25.6041666666667,2.92587280273438
25.6108333333333,2.95448303222656
25.6175,2.98118591308594
25.6241666666667,3.00502777099609
25.6308333333333,3.02696228027344
25.6375,3.04698944091797
25.6441666666667,3.06510925292969
25.6508333333333,3.08084487915039
25.6575,3.09514999389648
25.6641666666667,3.10707092285156
25.6708333333333,3.11660766601563
25.6775,3.12328338623047
25.6841666666667,3.12900543212891
25.6908333333333,3.13377380371094
25.6975,3.13615798950195
25.7041666666667,3.13711166381836
25.7108333333333,3.13663482666016
25.7175,3.13615798950195
25.7241666666667,3.13615798950195
25.7308333333333,3.13520431518555
25.7375,3.13282012939453
25.7441666666667,3.12995910644531
25.7508333333333,3.12614440917969
25.7575,3.12089920043945
25.7641666666667,3.11517715454102
25.7708333333333,3.10945510864258
25.7775,3.10468673706055
25.7841666666667,3.10134887695313
25.7908333333333,3.09896469116211
25.7975,3.09658050537109
25.8041666666667,3.09467315673828
25.8108333333333,3.09371948242188
25.8175,3.09371948242188
25.8241666666667,3.09276580810547
25.8308333333333,3.09228897094727
25.8375,3.09085845947266
25.8441666666667,3.08847427368164
25.8508333333333,3.08465957641602
25.8575,3.08036804199219
25.8641666666667,3.07655334472656
25.8708333333333,3.07273864746094
25.8775,3.06940078735352
25.8841666666667,3.06558609008789
25.8908333333333,3.06177139282227
25.8975,3.05557250976563
25.9041666666667,3.04698944091797
25.9108333333333,3.03554534912109
25.9175,3.02362442016602
25.9241666666667,3.01074981689453
25.9308333333333,2.99739837646484
25.9375,2.98309326171875
25.9441666666667,2.96831130981445
25.9508333333333,2.95209884643555
25.9575,2.93540954589844
25.9641666666667,2.91776657104492
25.9708333333333,2.8996467590332
25.9775,2.88057327270508
25.9841666666667,2.86149978637695
25.9908333333333,2.84290313720703
25.9975,2.82478332519531
26.0041666666667,2.8071403503418
26.0108333333333,2.78949737548828
26.0175,2.77376174926758
26.0241666666667,2.76041030883789
26.0308333333333,2.74848937988281
26.0375,2.73847579956055
26.0441666666667,2.7318000793457
26.0508333333333,2.72893905639648
26.0575,2.73036956787109
26.0641666666667,2.73609161376953
26.0708333333333,2.74658203125
26.0775,2.76279449462891
26.0841666666667,2.78520584106445
26.0908333333333,2.81429290771484
26.0975,2.84957885742188
26.1041666666667,2.89392471313477
26.1108333333333,2.94637680053711
26.1175,3.00741195678711
26.1241666666667,3.07607650756836
26.1308333333333,3.15332412719727
26.1375,3.23915481567383
26.1441666666667,3.33404541015625
26.1508333333333,3.43799591064453
26.1575,3.55148315429688
26.1641666666667,3.67498397827148
26.1708333333333,3.80802154541016
26.1775,3.95011901855469
26.1841666666667,4.10032272338867
26.1908333333333,4.2572021484375
26.1975,4.42171096801758
26.2041666666667,4.5928955078125
26.2108333333333,4.77075576782227
26.2175,4.95290756225586
26.2241666666667,5.13792037963867
26.2308333333333,5.32627105712891
26.2375,5.51319122314453
26.2441666666667,5.69677352905273
26.2508333333333,5.87558746337891
26.2575,6.04867935180664
26.2641666666667,6.21604919433594
26.2708333333333,6.37626647949219
26.2775,6.52837753295898
26.2841666666667,6.67190551757813
26.2908333333333,6.80398941040039
26.2975,6.92319869995117
26.3041666666667,7.02810287475586
26.3108333333333,7.11822509765625
26.3175,7.19404220581055
26.3241666666667,7.25460052490234
26.3308333333333,7.30037689208984
26.3375,7.33184814453125
26.3441666666667,7.34758377075195
26.3508333333333,7.34710693359375
26.3575,7.33089447021484
26.3641666666667,7.29751586914063
26.3708333333333,7.24887847900391
26.3775,7.18593597412109
26.3841666666667,7.1101188659668
26.3908333333333,7.02190399169922
26.3975,6.92033767700195
26.4041666666667,6.80732727050781
26.4108333333333,6.68430328369141
26.4175,6.55269622802734
26.4241666666667,6.41202926635742
26.4308333333333,6.26420974731445
26.4375,6.11019134521484
26.4441666666667,5.95235824584961
26.4508333333333,5.79071044921875
26.4575,5.62572479248047
26.4641666666667,5.46026229858398
26.4708333333333,5.29718399047852
26.4775,5.13696670532227
26.4841666666667,4.98104095458984
26.4908333333333,4.82988357543945
26.4975,4.68587875366211
26.5041666666667,4.54807281494141
26.5108333333333,4.41694259643555
26.5175,4.29344177246094
26.5241666666667,4.17900085449219
26.5308333333333,4.07314300537109
26.5375,3.97682189941406
26.5441666666667,3.89194488525391
26.5508333333333,3.81898880004883
26.5575,3.75747680664063
26.5641666666667,3.70645523071289
26.5708333333333,3.66497039794922
26.5775,3.63302230834961
26.5841666666667,3.60965728759766
26.5908333333333,3.59487533569336
26.5975,3.58819961547852
26.6041666666667,3.59058380126953
26.6108333333333,3.6005973815918
26.6175,3.61728668212891
26.6241666666667,3.63874435424805
26.6308333333333,3.66353988647461
26.6375,3.69071960449219
26.6441666666667,3.72076034545898
26.6508333333333,3.753662109375
26.6575,3.78847122192383
26.6641666666667,3.82471084594727
26.6708333333333,3.86142730712891
26.6775,3.89909744262695
26.6841666666667,3.9362907409668
26.6908333333333,3.97253036499023
26.6975,4.00733947753906
26.7041666666667,4.04071807861328
26.7108333333333,4.07075881958008
26.7175,4.09698486328125
26.7241666666667,4.12082672119141
26.7308333333333,4.14228439331055
26.7375,4.16135787963867
26.7441666666667,4.17757034301758
26.7508333333333,4.19092178344727
26.7575,4.20331954956055
26.7641666666667,4.21237945556641
26.7708333333333,4.21714782714844
26.7775,4.21857833862305
26.7841666666667,4.21905517578125
26.7908333333333,4.22000885009766
26.7975,4.21953201293945
26.8041666666667,4.21857833862305
26.8108333333333,4.21762466430664
26.8175,4.21762466430664
26.8241666666667,4.21762466430664
26.8308333333333,4.21714782714844
26.8375,4.21714782714844
26.8441666666667,4.21857833862305
26.8508333333333,4.22143936157227
26.8575,4.22573089599609
26.8641666666667,4.23145294189453
26.8708333333333,4.23908233642578
26.8775,4.24861907958984
26.8841666666667,4.25910949707031
26.8908333333333,4.27103042602539
26.8975,4.28438186645508
26.9041666666667,4.29964065551758
26.9108333333333,4.31585311889648
26.9175,4.33349609375
26.9241666666667,4.35256958007813
26.9308333333333,4.37355041503906
26.9375,4.39596176147461
26.9441666666667,4.41884994506836
26.9508333333333,4.44269180297852
26.9575,4.46605682373047
26.9641666666667,4.49037551879883
26.9708333333333,4.51469421386719
26.9775,4.53996658325195
26.9841666666667,4.56666946411133
26.9908333333333,4.59575653076172
26.9975,4.62770462036133
27.0041666666667,4.66251373291016
27.0108333333333,4.70113754272461
27.0175,4.74357604980469
27.0241666666667,4.78935241699219
27.0308333333333,4.83989715576172
27.0375,4.89664077758789
27.0441666666667,4.96053695678711
27.0508333333333,5.03015518188477
27.0575,5.10549545288086
27.0641666666667,5.18703460693359
27.0708333333333,5.27238845825195
27.0775,5.36203384399414
27.0841666666667,5.45644760131836
27.0908333333333,5.55610656738281
27.0975,5.6605339050293
27.1041666666667,5.7682991027832
27.1108333333333,5.87844848632813
27.1175,5.99050521850586
27.1241666666667,6.10256195068359
27.1308333333333,6.21271133422852
27.1375,6.32095336914063
27.1441666666667,6.42585754394531
27.1508333333333,6.52647018432617
27.1575,6.6227912902832
27.1641666666667,6.71243667602539
27.1708333333333,6.79492950439453
27.1775,6.86788558959961
27.1841666666667,6.93178176879883
27.1908333333333,6.98566436767578
27.1975,7.02810287475586
27.2041666666667,7.05862045288086
27.2108333333333,7.07578659057617
27.2175,7.08150863647461
27.2241666666667,7.07626342773438
27.2308333333333,7.05957412719727
27.2375,7.03191757202148
27.2441666666667,6.99520111083984
27.2508333333333,6.94990158081055
27.2575,6.89601898193359
27.2641666666667,6.83450698852539
27.2708333333333,6.76679611206055
27.2775,6.69336318969727
27.2841666666667,6.61420822143555
27.2908333333333,6.5312385559082
27.2975,6.44540786743164
27.3041666666667,6.35862350463867
27.3108333333333,6.2708854675293
27.3175,6.18314743041992
27.3241666666667,6.09874725341797
27.3308333333333,6.01768493652344
27.3375,5.94091415405273
27.3441666666667,5.86795806884766
27.3508333333333,5.7978630065918
27.3575,5.73205947875977
27.3641666666667,5.67007064819336
27.3708333333333,5.61237335205078
27.3775,5.55944442749023
27.3841666666667,5.51176071166992
27.3908333333333,5.46979904174805
27.3975,5.43355941772461
27.4041666666667,5.40351867675781
27.4108333333333,5.37919998168945
27.4175,5.36108016967773
27.4241666666667,5.34820556640625
27.4308333333333,5.340576171875
27.4375,5.33676147460938
27.4441666666667,5.33723831176758
27.4508333333333,5.34152984619141
27.4575,5.34868240356445
27.4641666666667,5.35821914672852
27.4708333333333,5.37109375
27.4775,5.38730621337891
27.4841666666667,5.40542602539063
27.4908333333333,5.42354583740234
27.4975,5.44118881225586
27.5041666666667,5.45883178710938
27.5108333333333,5.47552108764648
27.5175,5.49030303955078
27.5241666666667,5.50365447998047
27.5308333333333,5.51557540893555
27.5375,5.52606582641602
27.5441666666667,5.53512573242188
27.5508333333333,5.54323196411133
27.5575,5.55086135864258
27.5641666666667,5.55610656738281
27.5708333333333,5.55944442749023
27.5775,5.56278228759766
27.5841666666667,5.56612014770508
27.5908333333333,5.5694580078125
27.5975,5.57231903076172
27.6041666666667,5.57613372802734
27.6108333333333,5.58090209960938
27.6175,5.58805465698242
27.6241666666667,5.59568405151367
27.6308333333333,5.60474395751953
27.6375,5.615234375
27.6441666666667,5.62763214111328
27.6508333333333,5.64098358154297
27.6575,5.65528869628906
27.6641666666667,5.67245483398438
27.6708333333333,5.6915283203125
27.6775,5.71203231811523
27.6841666666667,5.73492050170898
27.6908333333333,5.76114654541016
27.6975,5.79071044921875
27.7041666666667,5.82218170166016
27.7108333333333,5.85508346557617
27.7175,5.89084625244141
27.7241666666667,5.92803955078125
27.7308333333333,5.9661865234375
27.7375,6.00385665893555
27.7441666666667,6.04104995727539
27.7508333333333,6.07824325561523
27.7575,6.11543655395508
27.7641666666667,6.15262985229492
27.7708333333333,6.18934631347656
27.7775,6.22415542602539
27.7841666666667,6.25753402709961
27.7908333333333,6.28900527954102
27.7975,6.31952285766602
27.8041666666667,6.34765625
27.8108333333333,6.37435913085938
27.8175,6.39915466308594
27.8241666666667,6.4244270324707
27.8308333333333,6.44826889038086
27.8375,6.4692497253418
27.8441666666667,6.48880004882813
27.8508333333333,6.50787353515625
27.8575,6.52647018432617
27.8641666666667,6.54411315917969
27.8708333333333,6.56223297119141
27.8775,6.58035278320313
27.8841666666667,6.59751892089844
27.8908333333333,6.61373138427734
27.8975,6.62899017333984
27.9041666666667,6.64377212524414
27.9108333333333,6.65807723999023
27.9175,6.67142868041992
27.9241666666667,6.68478012084961
27.9308333333333,6.69717788696289
27.9375,6.70862197875977
27.9441666666667,6.71911239624023
27.9508333333333,6.72817230224609
27.9575,6.73770904541016
27.9641666666667,6.74724578857422
27.9708333333333,6.75821304321289
27.9775,6.77156448364258
27.9841666666667,6.78777694702148
27.9908333333333,6.80828094482422
27.9975,6.83403015136719
28.0041666666667,6.866455078125
28.0108333333333,6.90746307373047
28.0175,6.9580078125
28.0241666666667,7.02047348022461
28.0308333333333,7.0948600769043
28.0375,7.18212127685547
28.0441666666667,7.28416442871094
28.0508333333333,7.40146636962891
28.0575,7.53402709960938
28.0641666666667,7.68280029296875
28.0708333333333,7.84969329833984
28.0775,8.03422927856445
28.0841666666667,8.23450088500977
28.0908333333333,8.45050811767578
28.0975,8.6817741394043
28.1041666666667,8.92734527587891
28.1108333333333,9.18340682983398
28.1175,9.44852828979492
28.1241666666667,9.7193717956543
28.1308333333333,9.9940299987793
28.1375,10.2696418762207
28.1441666666667,10.5423927307129
28.1508333333333,10.810375213623
28.1575,11.070728302002
28.1641666666667,11.322021484375
28.1708333333333,11.5628242492676
28.1775,11.7912292480469
28.1841666666667,12.0058059692383
28.1908333333333,12.2056007385254
28.1975,12.39013671875
28.2041666666667,12.5579833984375
28.2108333333333,12.7086639404297
28.2175,12.840747833252
28.2241666666667,12.9551887512207
28.2308333333333,13.0500793457031
28.2375,13.1254196166992
28.2441666666667,13.1802558898926
28.2508333333333,13.2136344909668
28.2575,13.2236480712891
28.2641666666667,13.209342956543
28.2708333333333,13.1697654724121
28.2775,13.1049156188965
28.2841666666667,13.0138397216797
28.2908333333333,12.8960609436035
28.2975,12.7520561218262
28.3041666666667,12.5842094421387
28.3108333333333,12.3953819274902
28.3175,12.1870040893555
28.3241666666667,11.9638442993164
28.3308333333333,11.7292404174805
28.3375,11.4893913269043
28.3441666666667,11.2490653991699
28.3508333333333,11.0139846801758
28.3575,10.7898712158203
28.3641666666667,10.5834007263184
28.3708333333333,10.4002952575684
28.3775,10.2458000183105
28.3841666666667,10.124683380127
28.3908333333333,10.0398063659668
28.3975,9.9945068359375
28.4041666666667,9.99259948730469
28.4108333333333,10.0369453430176
28.4175,10.129451751709
28.4241666666667,10.2725028991699
28.4308333333333,10.4680061340332
28.4375,10.7183456420898
28.4441666666667,11.0235214233398
28.4508333333333,11.3840103149414
28.4575,11.7998123168945
28.4641666666667,12.2723579406738
28.4708333333333,12.8002166748047
28.4775,13.3805274963379
28.4841666666667,14.0109062194824
28.4908333333333,14.6870613098145
28.4975,15.4047012329102
28.5041666666667,16.1552429199219
28.5108333333333,16.9277191162109
28.5175,17.7106857299805
28.5241666666667,18.4931755065918
28.5308333333333,19.261360168457
28.5375,19.9995040893555
28.5441666666667,20.69091796875
28.5508333333333,21.3208198547363
28.5575,21.8725204467773
28.5641666666667,22.3302841186523
28.5708333333333,22.6798057556152
28.5775,22.9101181030273
28.5841666666667,23.015022277832
28.5908333333333,22.9902267456055
28.5975,22.8347778320313
28.6041666666667,22.5515365600586
28.6108333333333,22.1467018127441
28.6175,21.629810333252
28.6241666666667,21.0132598876953
28.6308333333333,20.3142166137695
28.6375,19.5488929748535
28.6441666666667,18.7368392944336
28.6508333333333,17.8961753845215
28.6575,17.0454978942871
28.6641666666667,16.2005424499512
28.6708333333333,15.376091003418
28.6775,14.5840644836426
28.6841666666667,13.8344764709473
28.6908333333333,13.1359100341797
28.6975,12.4940872192383
28.7041666666667,11.9109153747559
28.7108333333333,11.3887786865234
28.7175,10.9267234802246
28.7241666666667,10.5223655700684
28.7308333333333,10.1723670959473
28.7375,9.87052917480469
28.7441666666667,9.61160659790039
28.7508333333333,9.39083099365234
28.7575,9.20343399047852
28.7641666666667,9.04417037963867
28.7708333333333,8.90779495239258
28.7775,8.79144668579102
28.7841666666667,8.69083404541016
28.7908333333333,8.60309600830078
28.7975,8.52632522583008
28.8041666666667,8.45861434936523
28.8108333333333,8.39948654174805
28.8175,8.34846496582031
28.8241666666667,8.30459594726563
28.8308333333333,8.26549530029297
28.8375,8.23068618774414
28.8441666666667,8.20016860961914
28.8508333333333,8.17584991455078
28.8575,8.15629959106445
28.8641666666667,8.14199447631836
28.8708333333333,8.13484191894531
28.8775,8.13531875610352
28.8841666666667,8.14342498779297
28.8908333333333,8.15820693969727
28.8975,8.18109512329102
28.9041666666667,8.21208953857422
28.9108333333333,8.25214385986328
28.9175,8.30078125
28.9241666666667,8.35895538330078
28.9308333333333,8.42523574829102
28.9375,8.4986686706543
28.9441666666667,8.57830047607422
28.9508333333333,8.66270065307617
28.9575,8.75139236450195
28.9641666666667,8.84294509887695
28.9708333333333,8.93545150756836
28.9775,9.02748107910156
28.9841666666667,9.11760330200195
28.9908333333333,9.20534133911133
28.9975,9.28831100463867
29.0041666666667,9.36508178710938
29.0108333333333,9.43613052368164
29.0175,9.49954986572266
29.0241666666667,9.55486297607422
29.0308333333333,9.60159301757813
29.0375,9.63878631591797
29.0441666666667,9.66644287109375
29.0508333333333,9.68551635742188
29.0575,9.69696044921875
29.0641666666667,9.70125198364258
29.0708333333333,9.69934463500977
29.0775,9.69362258911133
29.0841666666667,9.68503952026367
29.0908333333333,9.67311859130859
29.0975,9.6592903137207
29.1041666666667,9.64450836181641
29.1108333333333,9.62972640991211
29.1175,9.61637496948242
29.1241666666667,9.60493087768555
29.1308333333333,9.59491729736328
29.1375,9.58585739135742
29.1441666666667,9.57679748535156
29.1508333333333,9.5677375793457
29.1575,9.55677032470703
29.1641666666667,9.54341888427734
29.1708333333333,9.52625274658203
29.1775,9.5057487487793
29.1841666666667,9.47952270507813
29.1908333333333,9.4451904296875
29.1975,9.40132141113281
29.2041666666667,9.34648513793945
29.2108333333333,9.28020477294922
29.2175,9.2010498046875
29.2241666666667,9.1099739074707
29.2308333333333,9.00697708129883
29.2375,8.89301300048828
29.2441666666667,8.76808166503906
29.2508333333333,8.63361358642578
29.2575,8.48865509033203
29.2641666666667,8.33415985107422
29.2708333333333,8.17251205444336
29.2775,8.00609588623047
29.2841666666667,7.83634185791016
29.2908333333333,7.66372680664063
29.2975,7.4915885925293
29.3041666666667,7.32183456420898
29.3108333333333,7.15541839599609
29.3175,6.99377059936523
29.3241666666667,6.83736801147461
29.3308333333333,6.68668746948242
29.3375,6.54220581054688
29.3441666666667,6.40487670898438
29.3508333333333,6.27565383911133
29.3575,6.15453720092773
29.3641666666667,6.04104995727539
29.3708333333333,5.93805313110352
29.3775,5.84650039672852
29.3841666666667,5.76686859130859
29.3908333333333,5.69725036621094
29.3975,5.63955307006836
29.4041666666667,5.59520721435547
29.4108333333333,5.56564331054688
29.4175,5.55038452148438
29.4241666666667,5.54990768432617
29.4308333333333,5.56612014770508
29.4375,5.5994987487793
29.4441666666667,5.65099716186523
29.4508333333333,5.72109222412109
29.4575,5.80883026123047
29.4641666666667,5.91564178466797
29.4708333333333,6.04104995727539
29.4775,6.18362426757813
29.4841666666667,6.34098052978516
29.4908333333333,6.51025772094727
29.4975,6.68859481811523
29.5041666666667,6.87265396118164
29.5108333333333,7.05718994140625
29.5175,7.23981857299805
29.5241666666667,7.41720199584961
29.5308333333333,7.58695602416992
29.5375,7.74574279785156
29.5441666666667,7.89308547973633
29.5508333333333,8.02803039550781
29.5575,8.15057754516602
29.5641666666667,8.26311111450195
29.5708333333333,8.37039947509766
29.5775,8.47673416137695
29.5841666666667,8.58879089355469
29.5908333333333,8.71419906616211
29.5975,8.86297225952148
29.6041666666667,9.04417037963867
29.6108333333333,9.26780700683594
29.6175,9.54532623291016
29.6241666666667,9.8881721496582
29.6308333333333,10.307788848877
29.6375,10.8151435852051
29.6441666666667,11.4221572875977
29.6508333333333,12.1383666992188
29.6575,12.974739074707
29.6641666666667,13.9427185058594
29.6708333333333,15.0537490844727
29.6775,16.3183212280273
29.6841666666667,17.7454948425293
29.6908333333333,19.3443298339844
29.6975,21.1224555969238
29.7041666666667,23.0860710144043
29.7108333333333,25.2408981323242
29.7175,27.5893211364746
29.7241666666667,30.1313400268555
29.7308333333333,32.865047454834
29.7375,35.7847213745117
29.7441666666667,38.881778717041
29.7508333333333,42.1404838562012
29.7575,45.5422401428223
29.7641666666667,49.0632057189941
29.7708333333333,52.6776313781738
29.7775,56.3540458679199
29.7841666666667,60.0571632385254
29.7908333333333,63.746452331543
29.7975,67.3785209655762
29.8041666666667,70.9071159362793
29.8108333333333,74.2855072021484
29.8175,77.4631500244141
29.8241666666667,80.3923606872559
29.8308333333333,83.0273628234863
29.8375,85.3257179260254
29.8441666666667,87.2483253479004
29.8508333333333,88.7579917907715
29.8575,89.8256301879883
29.8641666666667,90.428352355957
29.8708333333333,90.552806854248
29.8775,90.1927947998047
29.8841666666667,89.3502235412598
29.8908333333333,88.0370140075684
29.8975,86.2741470336914
29.9041666666667,84.0892791748047
29.9108333333333,81.5186500549316
29.9175,78.6023139953613
29.9241666666667,75.3874778747559
29.9308333333333,71.925163269043
29.9375,68.2697296142578
29.9441666666667,64.4760131835938
29.9508333333333,60.5969429016113
29.9575,56.6854476928711
29.9641666666667,52.7920722961426
29.9708333333333,48.9664077758789
29.9775,45.2494621276855
29.9841666666667,41.6789054870605
29.9908333333333,38.2876396179199
29.9975,35.1047515869141
30.0041666666667,32.1540832519531
30.0108333333333,29.4513702392578
30.0175,27.0061492919922
30.0241666666667,24.8246192932129
30.0308333333333,22.9096412658691
30.0375,21.2593078613281
30.0441666666667,19.8664665222168
30.0508333333333,18.7215805053711
30.0575,17.8155899047852
30.0641666666667,17.1356201171875
30.0708333333333,16.6668891906738
30.0775,16.392707824707
30.0841666666667,16.2968635559082
30.0908333333333,16.3631439208984
30.0975,16.5715217590332
30.1041666666667,16.9038772583008
30.1108333333333,17.3406600952148
30.1175,17.8618431091309
30.1241666666667,18.4469223022461
30.1308333333333,19.075870513916
30.1375,19.7281837463379
30.1441666666667,20.3828811645508
30.1508333333333,21.0208892822266
30.1575,21.6236114501953
30.1641666666667,22.1743583679199
30.1708333333333,22.6564407348633
30.1775,23.0560302734375
30.1841666666667,23.3621597290039
30.1908333333333,23.5652923583984
30.1975,23.6568450927734
30.2041666666667,23.6344337463379
30.2108333333333,23.4980583190918
30.2175,23.2505798339844
30.2241666666667,22.8972434997559
30.2308333333333,22.4485397338867
30.2375,21.9173431396484
30.2441666666667,21.3165283203125
30.2508333333333,20.6589698791504
30.2575,19.9618339538574
30.2641666666667,19.2413330078125
30.2708333333333,18.5136795043945
30.2775,17.7960395812988
30.2841666666667,17.1041488647461
30.2908333333333,16.4527893066406
30.2975,15.8557891845703
30.3041666666667,15.3250694274902
30.3108333333333,14.8696899414063
30.3175,14.4968032836914
30.3241666666667,14.2130851745605
30.3308333333333,14.0218734741211
30.3375,13.9269828796387
30.3441666666667,13.9288902282715
30.3508333333333,14.0256881713867
30.3575,14.2130851745605
30.3641666666667,14.4853591918945
30.3708333333333,14.8348808288574
30.3775,15.2535438537598
30.3841666666667,15.7299041748047
30.3908333333333,16.2520408630371
30.3975,16.8085098266602
30.4041666666667,17.3859596252441
30.4108333333333,17.9696083068848
30.4175,18.5446739196777
30.4241666666667,19.0987586975098
30.4308333333333,19.6175575256348
30.4375,20.0867652893066
30.4441666666667,20.4944610595703
30.4508333333333,20.8306312561035
30.4575,21.0857391357422
30.4641666666667,21.2516784667969
30.4708333333333,21.3241577148438
30.4775,21.3007926940918
30.4841666666667,21.1830139160156
30.4908333333333,20.9717750549316
30.4975,20.6699371337891
30.5041666666667,20.2827453613281
30.5108333333333,19.8178291320801
30.5175,19.2842483520508
30.5241666666667,18.6905860900879
30.5308333333333,18.0492401123047
30.5375,17.3745155334473
30.5441666666667,16.6792869567871
30.5508333333333,15.9778594970703
30.5575,15.2859687805176
30.5641666666667,14.6183967590332
30.5708333333333,13.9918327331543
30.5775,13.420581817627
30.5841666666667,12.9222869873047
30.5908333333333,12.5112533569336
30.5975,12.2017860412598
30.6041666666667,12.0067596435547
30.6108333333333,11.9404792785645
30.6175,12.0124816894531
30.6241666666667,12.2318267822266
30.6308333333333,12.6066207885742
30.6375,13.1435394287109
30.6441666666667,13.8459205627441
30.6508333333333,14.7132873535156
30.6575,15.7432556152344
30.6641666666667,16.930103302002
30.6708333333333,18.2647705078125
30.6775,19.7362899780273
30.6841666666667,21.3303565979004
30.6908333333333,23.0326652526855
30.6975,24.8265266418457
30.7041666666667,26.6962051391602
30.7108333333333,28.62548828125
30.7175,30.6038856506348
30.7241666666667,32.620906829834
30.7308333333333,34.672737121582
30.7375,36.7622375488281
30.7441666666667,38.9008522033691
30.7508333333333,41.1057472229004
30.7575,43.4002876281738
30.7641666666667,45.811653137207
30.7708333333333,48.3717918395996
30.7775,51.1164665222168
30.7841666666667,54.0809631347656
30.7908333333333,57.2991371154785
30.7975,60.7976913452148
30.8041666666667,64.5995140075684
30.8108333333333,68.7174797058105
30.8175,73.1534957885742
30.8241666666667,77.8985023498535
30.8308333333333,82.9291343688965
30.8375,88.2091522216797
30.8441666666667,93.6884880065918
30.8508333333333,99.3075370788574
30.8575,104.994773864746
30.8641666666667,110.668659210205
30.8708333333333,116.24002456665
30.8775,121.614933013916
30.8841666666667,126.700401306152
30.8908333333333,131.400585174561
30.8975,135.622501373291
30.9041666666667,139.278888702393
30.9108333333333,142.292499542236
30.9175,144.595146179199
30.9241666666667,146.131992340088
30.9308333333333,146.862030029297
30.9375,146.760940551758
30.9441666666667,145.821094512939
30.9508333333333,144.050121307373
30.9575,141.472339630127
30.9641666666667,138.129234313965
30.9708333333333,134.076595306396
30.9775,129.38404083252
30.9841666666667,124.129772186279
30.9908333333333,118.401050567627
30.9975,112.289905548096
31.0041666666667,105.893135070801
31.0108333333333,99.3070602416992
31.0175,92.6237106323242
31.0241666666667,85.9289169311523
31.0308333333333,79.3051719665527
31.0375,72.8273391723633
31.0441666666667,66.5607452392578
31.0508333333333,60.5602264404297
31.0575,54.8696517944336
31.0641666666667,49.5238304138184
31.0708333333333,44.5466041564941
31.0775,39.9532318115234
31.0841666666667,35.7513427734375
31.0908333333333,31.9385528564453
31.0975,28.5067558288574
31.1041666666667,25.4435539245605
31.1108333333333,22.7327346801758
31.1175,20.3537940979004
31.1241666666667,18.2833671569824
31.1308333333333,16.4957046508789
31.1375,14.9655342102051
31.1441666666667,13.6661529541016
31.1508333333333,12.5737190246582
31.1575,11.6634368896484
31.1641666666667,10.9114646911621
31.1708333333333,10.2963447570801
31.1775,9.79852676391602
31.1841666666667,9.40132141113281
31.1908333333333,9.08899307250977
31.1975,8.84628295898438
31.2041666666667,8.66127014160156
31.2108333333333,8.52298736572266
31.2175,8.42142105102539
31.2241666666667,8.34798812866211
31.2308333333333,8.29505920410156
31.2375,8.25643539428711
31.2441666666667,8.22877883911133
31.2508333333333,8.209228515625
31.2575,8.1934928894043
31.2641666666667,8.17966461181641
31.2708333333333,8.16726684570313
31.2775,8.15629959106445
31.2841666666667,8.14723968505859
31.2908333333333,8.14104080200195
31.2975,8.13865661621094
31.3041666666667,8.14294815063477
31.3108333333333,8.15486907958984
31.3175,8.17441940307617
31.3241666666667,8.20207595825195
31.3308333333333,8.23736190795898
31.3375,8.28170776367188
31.3441666666667,8.33463668823242
31.3508333333333,8.39662551879883
31.3575,8.46624374389648
31.3641666666667,8.54158401489258
31.3708333333333,8.6216926574707
31.3775,8.70513916015625
31.3841666666667,8.79096984863281
31.3908333333333,8.87632369995117
31.3975,8.95881652832031
31.4041666666667,9.03797149658203
31.4108333333333,9.11140441894531
31.4175,9.17673110961914
31.4241666666667,9.22966003417969
31.4308333333333,9.26780700683594
31.4375,9.28592681884766
31.4441666666667,9.28258895874023
31.4508333333333,9.25540924072266
31.4575,9.20295715332031
31.4641666666667,9.12618637084961
31.4708333333333,9.02462005615234
31.4775,8.90111923217773
31.4841666666667,8.7590217590332
31.4908333333333,8.60214233398438
31.4975,8.43381881713867
31.5041666666667,8.25929641723633
31.5108333333333,8.0866813659668
31.5175,7.92169570922852
31.5241666666667,7.77101516723633
31.5308333333333,7.64083862304688
31.5375,7.53688812255859
31.5441666666667,7.46345520019531
31.5508333333333,7.42578506469727
31.5575,7.42816925048828
31.5641666666667,7.47489929199219
31.5708333333333,7.5678825378418
31.5775,7.70998001098633
31.5841666666667,7.90309906005859
31.5908333333333,8.1486701965332
31.5975,8.44717025756836
31.6041666666667,8.79859924316406
31.6108333333333,9.20200347900391
31.6175,9.65785980224609
31.6241666666667,10.1637840270996
31.6308333333333,10.7169151306152
31.6375,11.3143920898438
31.6441666666667,11.9514465332031
31.6508333333333,12.6237869262695
31.6575,13.3256912231445
31.6641666666667,14.0514373779297
31.6708333333333,14.7929191589355
31.6775,15.5420303344727
31.6841666666667,16.2930488586426
31.6908333333333,17.0397758483887
31.6975,17.7745819091797
31.7041666666667,18.4922218322754
31.7108333333333,19.1888809204102
31.7175,19.8636054992676
31.7241666666667,20.5168724060059
31.7308333333333,21.1505889892578
31.7375,21.7704772949219
31.7441666666667,22.3860740661621
31.7508333333333,23.0093002319336
31.7575,23.6544609069824
31.7641666666667,24.3387222290039
31.7708333333333,25.0825881958008
31.7775,25.9060859680176
31.7841666666667,26.8301963806152
31.7908333333333,27.8768539428711
31.7975,29.0651321411133
31.8041666666667,30.4107666015625
31.8108333333333,31.9228172302246
31.8175,33.6065292358398
31.8241666666667,35.4595184326172
31.8308333333333,37.470817565918
31.8375,39.618968963623
31.8441666666667,41.872501373291
31.8508333333333,44.1927909851074
31.8575,46.5331077575684
31.8641666666667,48.8390922546387
31.8708333333333,51.0506629943848
31.8775,53.1058311462402
31.8841666666667,54.9435615539551
31.8908333333333,56.5056800842285
31.8975,57.7397346496582
31.9041666666667,58.5999488830566
31.9108333333333,59.0519905090332
31.9175,59.0739250183105
31.9241666666667,58.6590766906738
31.9308333333333,57.8122138977051
31.9375,56.5509796142578
31.9441666666667,54.9063682556152
31.9508333333333,52.9212951660156
31.9575,50.6448745727539
31.9641666666667,48.1324195861816
31.9708333333333,45.4435348510742
31.9775,42.6397323608398
31.9841666666667,39.7820472717285
31.9908333333333,36.923885345459
31.9975,34.1176986694336
32.0041666666667,31.4064025878906
32.0108333333333,28.8262367248535
32.0175,26.4058113098145
32.0241666666667,24.1641998291016
32.0308333333333,22.1142768859863
32.0375,20.2593803405762
32.0441666666667,18.5976028442383
32.0508333333333,17.1208381652832
32.0575,15.8162117004395
32.0641666666667,14.6684646606445
32.0708333333333,13.6613845825195
32.0775,12.7773284912109
32.0841666666667,11.9986534118652
32.0908333333333,11.3091468811035
32.0975,10.6935501098633
32.1041666666667,10.1399421691895
32.1108333333333,9.63735580444336
32.1175,9.17625427246094
32.1241666666667,8.75234603881836
32.1308333333333,8.36086273193359
32.1375,7.99989700317383
32.1441666666667,7.66754150390625
32.1508333333333,7.36331939697266
32.1575,7.08818435668945
32.1641666666667,6.84309005737305
32.1708333333333,6.62708282470703
32.1775,6.4396858215332
32.1841666666667,6.28137588500977
32.1908333333333,6.15119934082031
32.1975,6.04724884033203
32.2041666666667,5.96714019775391
32.2108333333333,5.90991973876953
32.2175,5.87320327758789
32.2241666666667,5.85269927978516
32.2308333333333,5.84268569946289
32.2375,5.84030151367188
32.2441666666667,5.84316253662109
32.2508333333333,5.84793090820313
32.2575,5.85269927978516
32.2641666666667,5.85460662841797
32.2708333333333,5.85317611694336
32.2775,5.84697723388672
32.2841666666667,5.83267211914063
32.2908333333333,5.80883026123047
32.2975,5.77592849731445
32.3041666666667,5.73635101318359
32.3108333333333,5.6920051574707
32.3175,5.64384460449219
32.3241666666667,5.59473037719727
32.3308333333333,5.54704666137695
32.3375,5.50365447998047
32.3441666666667,5.46360015869141
32.3508333333333,5.42783737182617
32.3575,5.39922714233398
32.3641666666667,5.37824630737305
32.3708333333333,5.36632537841797
32.3775,5.36251068115234
32.3841666666667,5.36775588989258
32.3908333333333,5.38301467895508
32.3975,5.40781021118164
32.4041666666667,5.44214248657227
32.4108333333333,5.48458099365234
32.4175,5.53655624389648
32.4241666666667,5.59520721435547
32.4308333333333,5.65910339355469
32.4375,5.72443008422852
32.4441666666667,5.78975677490234
32.4508333333333,5.85269927978516
32.4575,5.91039657592773
32.4641666666667,5.96141815185547
32.4708333333333,6.00528717041016
32.4775,6.0420036315918
32.4841666666667,6.07061386108398
32.4908333333333,6.09159469604492
32.4975,6.10685348510742
32.5041666666667,6.1182975769043
32.5108333333333,6.12783432006836
32.5175,6.13832473754883
32.5241666666667,6.15358352661133
32.5308333333333,6.17647171020508
32.5375,6.20937347412109
32.5441666666667,6.2565803527832
32.5508333333333,6.32238388061523
32.5575,6.4091682434082
32.5641666666667,6.51979446411133
32.5708333333333,6.65712356567383
32.5775,6.82401657104492
32.5841666666667,7.02142715454102
32.5908333333333,7.25173950195313
32.5975,7.51590728759766
32.6041666666667,7.81869888305664
32.6108333333333,8.1634521484375
32.6175,8.55684280395508
32.6241666666667,9.00459289550781
32.6308333333333,9.51385498046875
32.6375,10.094165802002
32.6441666666667,10.7564926147461
32.6508333333333,11.5127563476563
32.6575,12.3777389526367
32.6641666666667,13.3657455444336
32.6708333333333,14.4939422607422
32.6775,15.7790184020996
32.6841666666667,17.237663269043
32.6908333333333,18.8860893249512
32.6975,20.7390785217285
32.7041666666667,22.8114128112793
32.7108333333333,25.1126289367676
32.7175,27.64892578125
32.7241666666667,30.4226875305176
32.7308333333333,33.4296226501465
32.7375,36.6582870483398
32.7441666666667,40.0891304016113
32.7508333333333,43.6944961547852
32.7575,47.4410057067871
32.7641666666667,51.2857437133789
32.7708333333333,55.1748275756836
32.7775,59.0462684631348
32.7841666666667,62.8323554992676
32.7908333333333,66.4606094360352
32.7975,69.8542594909668
32.8041666666667,72.9355812072754
32.8108333333333,75.6301879882813
32.8175,77.8698921203613
32.8241666666667,79.5941352844238
32.8308333333333,80.7514190673828
32.8375,81.3055038452148
32.8441666666667,81.2349319458008
32.8508333333333,80.5349349975586
32.8575,79.2169570922852
32.8641666666667,77.3091316223145
32.8708333333333,74.8558044433594
32.8775,71.9146728515625
32.8841666666667,68.5553550720215
32.8908333333333,64.8541450500488
32.8975,60.8949661254883
32.9041666666667,56.7622184753418
32.9108333333333,52.5403022766113
32.9175,48.3088493347168
32.9241666666667,44.1412925720215
32.9308333333333,40.1029586791992
32.9375,36.247730255127
32.9441666666667,32.6194763183594
32.9508333333333,29.2525291442871
32.9575,26.1693000793457
32.9641666666667,23.381233215332
32.9708333333333,20.8916664123535
32.9775,18.6972618103027
32.9841666666667,16.7865753173828
32.9908333333333,15.1443481445313
32.9975,13.7495994567871
33.0041666666667,12.5813484191895
33.0108333333333,11.6143226623535
33.0175,10.8242034912109
33.0241666666667,10.188102722168
33.0308333333333,9.68313217163086
33.0375,9.28783416748047
33.0441666666667,8.98122787475586
33.0508333333333,8.74710083007813
33.0575,8.57067108154297
33.0641666666667,8.43954086303711
33.0708333333333,8.34131240844727
33.0775,8.26692581176758
33.0841666666667,8.21113586425781
33.0908333333333,8.17012786865234
33.0975,8.14151763916016
33.1041666666667,8.12435150146484
33.1108333333333,8.1171989440918
33.1175,8.12053680419922
33.1241666666667,8.13150405883789
33.1308333333333,8.15010070800781
33.1375,8.17441940307617
33.1441666666667,8.20350646972656
33.1508333333333,8.23497772216797
33.1575,8.26740264892578
33.1641666666667,8.29935073852539
33.1708333333333,8.32796096801758
33.1775,8.35037231445313
33.1841666666667,8.36515426635742
33.1908333333333,8.37087631225586
33.1975,8.36706161499023
33.2041666666667,8.35514068603516
33.2108333333333,8.33702087402344
33.2175,8.3155632019043
33.2241666666667,8.29219818115234
33.2308333333333,8.2697868347168
33.2375,8.25023651123047
33.2441666666667,8.23497772216797
33.2508333333333,8.2249641418457
33.2575,8.22162628173828
33.2641666666667,8.2240104675293
33.2708333333333,8.23163986206055
33.2775,8.24260711669922
33.2841666666667,8.2545280456543
33.2908333333333,8.26406478881836
33.2975,8.26930999755859
33.3041666666667,8.26787948608398
33.3108333333333,8.25881958007813
33.3175,8.24165344238281
33.3241666666667,8.21733474731445
33.3308333333333,8.18681716918945
33.3375,8.14962387084961
33.3441666666667,8.10909271240234
33.3508333333333,8.06760787963867
33.3575,8.02898406982422
33.3641666666667,7.99655914306641
33.3708333333333,7.97414779663086
33.3775,7.965087890625
33.3841666666667,7.97271728515625
33.3908333333333,7.99942016601563
33.3975,8.04662704467773
33.4041666666667,8.11481475830078
33.4108333333333,8.20398330688477
33.4175,8.31365585327148
33.4241666666667,8.44240188598633
33.4308333333333,8.58688354492188
33.4375,8.74423980712891
33.4441666666667,8.91208648681641
33.4508333333333,9.08517837524414
33.4575,9.25874710083008
33.4641666666667,9.42802429199219
33.4708333333333,9.58824157714844
33.4775,9.73415374755859
33.4841666666667,9.86242294311523
33.4908333333333,9.97066497802734
33.4975,10.0560188293457
33.5041666666667,10.1161003112793
33.5108333333333,10.1509094238281
33.5175,10.1590156555176
33.5241666666667,10.1408958435059
33.5308333333333,10.0979804992676
33.5375,10.0307464599609
33.5441666666667,9.94062423706055
33.5508333333333,9.83047485351563
33.5575,9.7050666809082
33.5641666666667,9.56583023071289
33.5708333333333,9.41562652587891
33.5775,9.25874710083008
33.5841666666667,9.09900665283203
33.5908333333333,8.93878936767578
33.5975,8.78000259399414
33.6041666666667,8.62550735473633
33.6108333333333,8.47625732421875
33.6175,8.33415985107422
33.6241666666667,8.19826126098633
33.6308333333333,8.06951522827148
33.6375,7.94744491577148
33.6441666666667,7.83205032348633
33.6508333333333,7.72380828857422
33.6575,7.62176513671875
33.6641666666667,7.52592086791992
33.6708333333333,7.43627548217773
33.6775,7.35378265380859
33.6841666666667,7.2779655456543
33.6908333333333,7.20834732055664
33.6975,7.14683532714844
33.7041666666667,7.0948600769043
33.7108333333333,7.05385208129883
33.7175,7.02476501464844
33.7241666666667,7.00998306274414
33.7308333333333,7.01141357421875
33.7375,7.03001022338867
33.7441666666667,7.0648193359375
33.7508333333333,7.11488723754883
33.7575,7.17926025390625
33.7641666666667,7.25603103637695
33.7708333333333,7.34472274780273
33.7775,7.44342803955078
33.7841666666667,7.55167007446289
33.7908333333333,7.66897201538086
33.7975,7.79294967651367
33.8041666666667,7.92169570922852
33.8108333333333,8.05139541625977
33.8175,8.18014144897461
33.8241666666667,8.30650329589844
33.8308333333333,8.42666625976563
33.8375,8.53919982910156
33.8441666666667,8.64267349243164
33.8508333333333,8.73565673828125
33.8575,8.81624221801758
33.8641666666667,8.88252258300781
33.8708333333333,8.93497467041016
33.8775,8.97455215454102
33.8841666666667,9.00173187255859
33.8908333333333,9.0179443359375
33.8975,9.02318954467773
33.9041666666667,9.01985168457031
33.9108333333333,9.00793075561523
33.9175,8.9879035949707
33.9241666666667,8.95977020263672
33.9308333333333,8.92400741577148
33.9375,8.88156890869141
33.9441666666667,8.83293151855469
33.9508333333333,8.77761840820313
33.9575,8.71706008911133
33.9641666666667,8.6512565612793
33.9708333333333,8.58020782470703
33.9775,8.50296020507813
33.9841666666667,8.41999053955078
33.9908333333333,8.3317756652832
33.9975,8.23783874511719
34.0041666666667,8.13961029052734
34.0108333333333,8.03709030151367
34.0175,7.93266296386719
34.0241666666667,7.82871246337891
34.0308333333333,7.72666931152344
34.0375,7.62844085693359
34.0441666666667,7.53545761108398
34.0508333333333,7.44915008544922
34.0575,7.37094879150391
34.0641666666667,7.30085372924805
34.0708333333333,7.23981857299805
34.0775,7.1873664855957
34.0841666666667,7.14397430419922
34.0908333333333,7.110595703125
34.0975,7.08818435668945
34.1041666666667,7.07674026489258
34.1108333333333,7.07483291625977
34.1175,7.08150863647461
34.1241666666667,7.09676742553711
34.1308333333333,7.11917877197266
34.1375,7.14588165283203
34.1441666666667,7.17449188232422
34.1508333333333,7.2016716003418
34.1575,7.22789764404297
34.1641666666667,7.24983215332031
34.1708333333333,7.26747512817383
34.1775,7.2789192199707
34.1841666666667,7.28511810302734
34.1908333333333,7.28702545166016
34.1975,7.28368759155273
34.2041666666667,7.27510452270508
34.2108333333333,7.26032257080078
34.2175,7.24077224731445
34.2241666666667,7.21549987792969
34.2308333333333,7.1864128112793
34.2375,7.15541839599609
34.2441666666667,7.12251663208008
34.2508333333333,7.09009170532227
34.2575,7.05814361572266
34.2641666666667,7.02905654907227
34.2708333333333,7.00283050537109
34.2775,6.98089599609375
34.2841666666667,6.96468353271484
34.2908333333333,6.95466995239258
34.2975,6.95180892944336
34.3041666666667,6.9575309753418
34.3108333333333,6.9732666015625
34.3175,7.00044631958008
34.3241666666667,7.04097747802734
34.3308333333333,7.09772109985352
34.3375,7.17258453369141
34.3441666666667,7.26795196533203
34.3508333333333,7.38525390625
34.3575,7.52878189086914
34.3641666666667,7.70044326782227
34.3708333333333,7.904052734375
34.3775,8.14056396484375
34.3841666666667,8.41188430786133
34.3908333333333,8.71658325195313
34.3975,9.05370712280273
34.4041666666667,9.41991806030273
34.4108333333333,9.8109245300293
34.4175,10.2195739746094
34.4241666666667,10.6391906738281
34.4308333333333,11.0626220703125
34.4375,11.4812850952148
34.4441666666667,11.8842124938965
34.4508333333333,12.2604370117188
34.4575,12.601375579834
34.4641666666667,12.8970146179199
34.4708333333333,13.1402015686035
34.4775,13.3237838745117
34.4841666666667,13.4449005126953
34.4908333333333,13.5011672973633
34.4975,13.4954452514648
34.5041666666667,13.4320259094238
34.5108333333333,13.3185386657715
34.5175,13.1621360778809
34.5241666666667,12.9737854003906
34.5308333333333,12.7663612365723
34.5375,12.5555992126465
34.5441666666667,12.354850769043
34.5508333333333,12.178897857666
34.5575,12.0458602905273
34.5641666666667,11.9719505310059
34.5708333333333,11.9733810424805
34.5775,12.0649337768555
34.5841666666667,12.263298034668
34.5908333333333,12.5865936279297
34.5975,13.0534172058105
34.6041666666667,13.6823654174805
34.6108333333333,14.495849609375
34.6175,15.5162811279297
34.6241666666667,16.7684555053711
34.6308333333333,18.2771682739258
34.6375,20.0672149658203
34.6441666666667,22.1624374389648
34.6508333333333,24.5823860168457
34.6575,27.3418426513672
34.6641666666667,30.4465293884277
34.6708333333333,33.8940620422363
34.6775,37.6691818237305
34.6841666666667,41.7428016662598
34.6908333333333,46.0696220397949
34.6975,50.5871772766113
34.7041666666667,55.2196502685547
34.7108333333333,59.8735809326172
34.7175,64.4445419311523
34.7241666666667,68.8176155090332
34.7308333333333,72.8726387023926
34.7375,76.4923095703125
34.7441666666667,79.5660018920898
34.7508333333333,81.9950103759766
34.7575,83.7001800537109
34.7641666666667,84.6238136291504
34.7708333333333,84.7368240356445
34.7775,84.0396881103516
34.7841666666667,82.5595855712891
34.7908333333333,80.352783203125
34.7975,77.4993896484375
34.8041666666667,74.1028785705566
34.8108333333333,70.2810287475586
34.8175,66.159725189209
34.8241666666667,61.8696212768555
34.8308333333333,57.5399398803711
34.8375,53.2927513122559
34.8441666666667,49.2382049560547
34.8508333333333,45.4721450805664
34.8575,42.0737266540527
34.8641666666667,39.1049385070801
34.8708333333333,36.6091728210449
34.8775,34.6107482910156
34.8841666666667,33.1177711486816
34.8908333333333,32.1202278137207
34.8975,31.5961837768555
34.9041666666667,31.5098762512207
34.9108333333333,31.8155288696289
34.9175,32.4592590332031
34.9241666666667,33.3809852600098
34.9308333333333,34.5149040222168
34.9375,35.7928276062012
34.9441666666667,37.1432304382324
34.9508333333333,38.4955406188965
34.9575,39.7810935974121
34.9641666666667,40.9355163574219
34.9708333333333,41.9011116027832
34.9775,42.6273345947266
34.9841666666667,43.0731773376465
34.9908333333333,43.2095527648926
34.9975,43.0197715759277
35.0041666666667,42.4985885620117
35.0108333333333,41.6536331176758
35.0175,40.5049324035645
35.0241666666667,39.0820503234863
35.0308333333333,37.4231338500977
35.0375,35.5734825134277
35.0441666666667,33.5836410522461
35.0508333333333,31.5041542053223
35.0575,29.3831825256348
35.0641666666667,27.2688865661621
35.0708333333333,25.2041816711426
35.0775,23.2257843017578
35.0841666666667,21.3637351989746
35.0908333333333,19.6399688720703
35.0975,18.0706977844238
35.1041666666667,16.664981842041
35.1108333333333,15.4237747192383
35.1175,14.3413543701172
35.1241666666667,13.4081840515137
35.1308333333333,12.6142501831055
35.1375,11.9438171386719
35.1441666666667,11.3821029663086
35.1508333333333,10.9114646911621
35.1575,10.5166435241699
35.1641666666667,10.1828575134277
35.1708333333333,9.89580154418945
35.1775,9.6435546875
35.1841666666667,9.4151496887207
35.1908333333333,9.20343399047852
35.1975,9.00077819824219
35.2041666666667,8.80336761474609
35.2108333333333,8.60881805419922
35.2175,8.41617584228516
35.2241666666667,8.2249641418457
35.2308333333333,8.03613662719727
35.2375,7.85160064697266
35.2441666666667,7.67374038696289
35.2508333333333,7.50398635864258
35.2575,7.34281539916992
35.2641666666667,7.19356536865234
35.2708333333333,7.05718994140625
35.2775,6.93464279174805
35.2841666666667,6.82592391967773
35.2908333333333,6.73246383666992
35.2975,6.65426254272461
35.3041666666667,6.591796875
35.3108333333333,6.5455436706543
35.3175,6.51454925537109
35.3241666666667,6.49833679199219
35.3308333333333,6.49595260620117
35.3375,6.50501251220703
35.3441666666667,6.52503967285156
35.3508333333333,6.55317306518555
35.3575,6.58845901489258
35.3641666666667,6.62946701049805
35.3708333333333,6.67619705200195
35.3775,6.72721862792969
35.3841666666667,6.78062438964844
35.3908333333333,6.83450698852539
35.3975,6.88934326171875
35.4041666666667,6.9427490234375
35.4108333333333,6.99472427368164
35.4175,7.04383850097656
35.4241666666667,7.09009170532227
35.4308333333333,7.13205337524414
35.4375,7.16924667358398
35.4441666666667,7.2021484375
35.4508333333333,7.23123550415039
35.4575,7.25793838500977
35.4641666666667,7.28178024291992
35.4708333333333,7.30466842651367
35.4775,7.32755661010742
35.4841666666667,7.35092163085938
35.4908333333333,7.37571716308594
35.4975,7.40337371826172
35.5041666666667,7.43532180786133
35.5108333333333,7.47203826904297
35.5175,7.51543045043945
35.5241666666667,7.5678825378418
35.5308333333333,7.63034820556641
35.5375,7.70473480224609
35.5441666666667,7.79104232788086
35.5508333333333,7.89070129394531
35.5575,8.00514221191406
35.5641666666667,8.13388824462891
35.5708333333333,8.27836990356445
35.5775,8.43954086303711
35.5841666666667,8.61930847167969
35.5908333333333,8.81814956665039
35.5975,9.03606414794922
35.6041666666667,9.27209854125977
35.6108333333333,9.52529907226563
35.6175,9.79375839233398
35.6241666666667,10.0750923156738
35.6308333333333,10.3678703308105
35.6375,10.6706619262695
35.6441666666667,10.9825134277344
35.6508333333333,11.2996101379395
35.6575,11.6195678710938
35.6641666666667,11.9390487670898
35.6708333333333,12.2566223144531
35.6775,12.5679969787598
35.6841666666667,12.8698348999023
35.6908333333333,13.1597518920898
35.6975,13.4363174438477
35.7041666666667,13.6966705322266
35.7108333333333,13.9374732971191
35.7175,14.1568183898926
35.7241666666667,14.3537521362305
35.7308333333333,14.5277976989746
35.7375,14.6780014038086
35.7441666666667,14.803409576416
35.7508333333333,14.9035453796387
35.7575,14.9798393249512
35.7641666666667,15.0299072265625
35.7708333333333,15.0532722473145
35.7775,15.0485038757324
35.7841666666667,15.0160789489746
35.7908333333333,14.9564743041992
35.7975,14.8696899414063
35.8041666666667,14.7557258605957
35.8108333333333,14.615535736084
35.8175,14.4486427307129
35.8241666666667,14.2560005187988
35.8308333333333,14.0376091003418
35.8375,13.7953758239746
35.8441666666667,13.5288238525391
35.8508333333333,13.2403373718262
35.8575,12.9318237304688
35.8641666666667,12.6047134399414
35.8708333333333,12.2623443603516
35.8775,11.9085311889648
35.8841666666667,11.5475654602051
35.8908333333333,11.1827850341797
35.8975,10.8175277709961
35.9041666666667,10.4556083679199
35.9108333333333,10.1017951965332
35.9175,9.75656509399414
35.9241666666667,9.42134857177734
35.9308333333333,9.09996032714844
35.9375,8.79573822021484
35.9441666666667,8.51058959960938
35.9508333333333,8.24499130249023
35.9575,8.00085067749023
35.9641666666667,7.78055191040039
35.9708333333333,7.5836181640625
35.9775,7.40861892700195
35.9841666666667,7.25507736206055
35.9908333333333,7.12203979492188
35.9975,7.00902938842773
36.0041666666667,6.91461563110352
36.0108333333333,6.83784484863281
36.0175,6.77871704101563
36.0241666666667,6.73532485961914
36.0308333333333,6.70623779296875
36.0375,6.69002532958984
36.0441666666667,6.68716430664063
36.0508333333333,6.69622421264648
36.0575,6.71577453613281
36.0641666666667,6.74343109130859
36.0708333333333,6.77919387817383
36.0775,6.82210922241211
36.0841666666667,6.87026977539063
36.0908333333333,6.92176818847656
36.0975,6.97517395019531
36.1041666666667,7.03048706054688
36.1108333333333,7.08675384521484
36.1175,7.14302062988281
36.1241666666667,7.19642639160156
36.1308333333333,7.2479248046875
36.1375,7.29560852050781
36.1441666666667,7.3394775390625
36.1508333333333,7.37857818603516
36.1575,7.41291046142578
36.1641666666667,7.44199752807617
36.1708333333333,7.46631622314453
36.1775,7.48443603515625
36.1841666666667,7.49683380126953
36.1908333333333,7.50398635864258
36.1975,7.5068473815918
36.2041666666667,7.50637054443359
36.2108333333333,7.50398635864258
36.2175,7.50064849853516
36.2241666666667,7.49921798706055
36.2308333333333,7.50112533569336
36.2375,7.50732421875
36.2441666666667,7.51972198486328
36.2508333333333,7.53974914550781
36.2575,7.5678825378418
36.2641666666667,7.60555267333984
36.2708333333333,7.65228271484375
36.2775,7.70902633666992
36.2841666666667,7.77482986450195
36.2908333333333,7.85064697265625
36.2975,7.93600082397461
36.3041666666667,8.02946090698242
36.3108333333333,8.12959671020508
36.3175,8.23450088500977
36.3241666666667,8.34417343139648
36.3308333333333,8.45718383789063
36.3375,8.57257843017578
36.3441666666667,8.68749618530273
36.3508333333333,8.80050659179688
36.3575,8.9111328125
36.3641666666667,9.0179443359375
36.3708333333333,9.11855697631836
36.3775,9.21154022216797
36.3841666666667,9.29546356201172
36.3908333333333,9.37032699584961
36.3975,9.43613052368164
36.4041666666667,9.49335098266602
36.4108333333333,9.54055786132813
36.4175,9.57822799682617
36.4241666666667,9.60683822631836
36.4308333333333,9.62686538696289
36.4375,9.63926315307617
36.4441666666667,9.6430778503418
36.4508333333333,9.63973999023438
36.4575,9.63163375854492
36.4641666666667,9.62018966674805
36.4708333333333,9.60636138916016
36.4775,9.59062576293945
36.4841666666667,9.57345962524414
36.4908333333333,9.55629348754883
36.4975,9.53865051269531
36.5041666666667,9.52291488647461
36.5108333333333,9.50908660888672
36.5175,9.49859619140625
36.5241666666667,9.4914436340332
36.5308333333333,9.48762893676758
36.5375,9.48619842529297
36.5441666666667,9.48524475097656
36.5508333333333,9.48429107666016
36.5575,9.48286056518555
36.5641666666667,9.48143005371094
36.5708333333333,9.47952270507813
36.5775,9.47475433349609
36.5841666666667,9.46807861328125
36.5908333333333,9.45854187011719
36.5975,9.44423675537109
36.6041666666667,9.42277908325195
36.6108333333333,9.39273834228516
36.6175,9.35459136962891
36.6241666666667,9.3073844909668
36.6308333333333,9.24968719482422
36.6375,9.18149948120117
36.6441666666667,9.10282135009766
36.6508333333333,9.01460647583008
36.6575,8.91637802124023
36.6641666666667,8.80956649780273
36.6708333333333,8.69369506835938
36.6775,8.57067108154297
36.6841666666667,8.44240188598633
36.6908333333333,8.31127166748047
36.6975,8.1782341003418
36.7041666666667,8.04328918457031
36.7108333333333,7.90834426879883
36.7175,7.77530670166016
36.7241666666667,7.6451301574707
36.7308333333333,7.51733779907227
36.7375,7.39336013793945
36.7441666666667,7.27510452270508
36.7508333333333,7.16447830200195
36.7575,7.06005096435547
36.7641666666667,6.96229934692383
36.7708333333333,6.87313079833984
36.7775,6.79302215576172
36.7841666666667,6.72197341918945
36.7908333333333,6.65903091430664
36.7975,6.60514831542969
36.8041666666667,6.56032562255859
36.8108333333333,6.52408599853516
36.8175,6.49690628051758
36.8241666666667,6.47783279418945
36.8308333333333,6.46781921386719
36.8375,6.46734237670898
36.8441666666667,6.47687911987305
36.8508333333333,6.49452209472656
36.8575,6.52170181274414
36.8641666666667,6.55794143676758
36.8708333333333,6.60419464111328
36.8775,6.65903091430664
36.8841666666667,6.72292709350586
36.8908333333333,6.79874420166016
36.8975,6.88600540161133
36.9041666666667,6.98471069335938
36.9108333333333,7.09438323974609
36.9175,7.21597671508789
36.9241666666667,7.34996795654297
36.9308333333333,7.49540328979492
36.9375,7.65228271484375
36.9441666666667,7.82155990600586
36.9508333333333,8.00275802612305
36.9575,8.19540023803711
36.9641666666667,8.39900970458984
36.9708333333333,8.61406326293945
36.9775,8.83960723876953
36.9841666666667,9.07373428344727
36.9908333333333,9.31453704833984
36.9975,9.56201553344727
37.0041666666667,9.81378555297852
37.0108333333333,10.0674629211426
37.0175,10.3230476379395
37.0241666666667,10.5795860290527
37.0308333333333,10.836124420166
37.0375,11.0921859741211
37.0441666666667,11.3468170166016
37.0508333333333,11.6009712219238
37.0575,11.8556022644043
37.0641666666667,12.1121406555176
37.0708333333333,12.3729705810547
37.0775,12.6433372497559
37.0841666666667,12.9270553588867
37.0908333333333,13.2288932800293
37.0975,13.5550498962402
37.1041666666667,13.913631439209
37.1108333333333,14.3117904663086
37.1175,14.7576332092285
37.1241666666667,15.2592658996582
37.1308333333333,15.8271789550781
37.1375,16.4709091186523
37.1441666666667,17.1999931335449
37.1508333333333,18.0234909057617
37.1575,18.951416015625
37.1641666666667,19.9947357177734
37.1708333333333,21.1625099182129
37.1775,22.4642753601074
37.1841666666667,23.9090919494629
37.1908333333333,25.5064964294434
37.1975,27.2655487060547
37.2041666666667,29.1972160339355
37.2108333333333,31.3096046447754
37.2175,33.6117744445801
37.2241666666667,36.1137390136719
37.2308333333333,38.825511932373
37.2375,41.7585372924805
37.2441666666667,44.9204444885254
37.2508333333333,48.3198165893555
37.2575,51.966667175293
37.2641666666667,55.8695793151855
37.2708333333333,60.0380897521973
37.2775,64.4807815551758
37.2841666666667,69.2057609558105
37.2908333333333,74.2173194885254
37.2975,79.5197486877441
37.3041666666667,85.1154327392578
37.3108333333333,91.0038948059082
37.3175,97.1789360046387
37.3241666666667,103.630065917969
37.3308333333333,110.345363616943
37.3375,117.307662963867
37.3441666666667,124.494075775146
37.3508333333333,131.87313079834
37.3575,139.407157897949
37.3641666666667,147.051334381104
37.3708333333333,154.755592346191
37.3775,162.464141845703
37.3841666666667,170.112609863281
37.3908333333333,177.629470825195
37.3975,184.937477111816
37.4041666666667,191.958904266357
37.4108333333333,198.610782623291
37.4175,204.808712005615
37.4241666666667,210.469722747803
37.4308333333333,215.512752532959
37.4375,219.862937927246
37.4441666666667,223.450183868408
37.4508333333333,226.211071014404
37.4575,228.091716766357
37.4641666666667,229.050636291504
37.4708333333333,229.05969619751
37.4775,228.10173034668
37.4841666666667,226.176738739014
37.4908333333333,223.296642303467
37.4975,219.490051269531
37.5041666666667,214.798927307129
37.5108333333333,209.278583526611
37.5175,202.99768447876
37.5241666666667,196.034908294678
37.5308333333333,188.478469848633
37.5375,180.421352386475
37.5441666666667,171.958923339844
37.5508333333333,163.186073303223
37.5575,154.199600219727
37.5641666666667,145.096302032471
37.5708333333333,135.968685150146
37.5775,126.901149749756
37.5841666666667,117.97046661377
37.5908333333333,109.248161315918
37.5975,100.798606872559
37.6041666666667,92.6761627197266
37.6108333333333,84.9242210388184
37.6175,77.57568359375
37.6241666666667,70.6582069396973
37.6308333333333,64.1918182373047
37.6375,58.1851005554199
37.6441666666667,52.6394844055176
37.6508333333333,47.5502014160156
37.6575,42.9072380065918
37.6641666666667,38.6981964111328
37.6708333333333,34.9054336547852
37.6775,31.5084457397461
37.6841666666667,28.4819602966309
37.6908333333333,25.8030891418457
37.6975,23.4465599060059
37.7041666666667,21.3890075683594
37.7108333333333,19.6046829223633
37.7175,18.0706977844238
37.7241666666667,16.7632102966309
37.7308333333333,15.6598091125488
37.7375,14.7385597229004
37.7441666666667,13.9808654785156
37.7508333333333,13.3695602416992
37.7575,12.8884315490723
37.7641666666667,12.5222206115723
37.7708333333333,12.2590065002441
37.7775,12.0882987976074
37.7841666666667,12.0000839233398
37.7908333333333,11.986255645752
37.7975,12.0396614074707
37.8041666666667,12.1550559997559
37.8108333333333,12.3286247253418
37.8175,12.5579833984375
37.8241666666667,12.8417015075684
37.8308333333333,13.178825378418
37.8375,13.5684013366699
37.8441666666667,14.0128135681152
37.8508333333333,14.5115852355957
37.8575,15.0675773620605
37.8641666666667,15.6817436218262
37.8708333333333,16.3555145263672
37.8775,17.0917510986328
37.8841666666667,17.8909301757813
37.8908333333333,18.7544822692871
37.8975,19.6828842163086
37.9041666666667,20.6751823425293
37.9108333333333,21.7289924621582
37.9175,22.8395462036133
37.9241666666667,24.0011215209961
37.9308333333333,25.2084732055664
37.9375,26.4525413513184
37.9441666666667,27.7223587036133
37.9508333333333,29.0060043334961
37.9575,30.2910804748535
37.9641666666667,31.5642356872559
37.9708333333333,32.8078269958496
37.9775,34.0061187744141
37.9841666666667,35.1433753967285
37.9908333333333,36.2024307250977
37.9975,37.1685028076172
38.0041666666667,38.027286529541
38.0108333333333,38.7678146362305
38.0175,39.3781661987305
38.0241666666667,39.8478507995605
38.0308333333333,40.1697158813477
38.0375,40.3385162353516
38.0441666666667,40.351390838623
38.0508333333333,40.2069091796875
38.0575,39.9065017700195
38.0641666666667,39.4558906555176
38.0708333333333,38.8612747192383
38.0775,38.1317138671875
38.0841666666667,37.2762680053711
38.0908333333333,36.3063812255859
38.0975,35.2354049682617
38.1041666666667,34.0771675109863
38.1108333333333,32.8474044799805
38.1175,31.5613746643066
38.1241666666667,30.2352905273438
38.1308333333333,28.8839340209961
38.1375,27.5211334228516
38.1441666666667,26.1597633361816
38.1508333333333,24.8122215270996
38.1575,23.4885215759277
38.1641666666667,22.1986770629883
38.1708333333333,20.9512710571289
38.1775,19.7529792785645
38.1841666666667,18.6095237731934
38.1908333333333,17.5261497497559
38.1975,16.5061950683594
38.2041666666667,15.5525207519531
38.2108333333333,14.6656036376953
38.2175,13.8444900512695
38.2241666666667,13.0887031555176
38.2308333333333,12.3963356018066
38.2375,11.7664337158203
38.2441666666667,11.1966133117676
38.2508333333333,10.6849670410156
38.2575,10.2300643920898
38.2641666666667,9.82904434204102
38.2708333333333,9.47904586791992
38.2775,9.17673110961914
38.2841666666667,8.91780853271484
38.2908333333333,8.69894027709961
38.2975,8.51774215698242
38.3041666666667,8.37135314941406
38.3108333333333,8.25691223144531
38.3175,8.17108154296875
38.3241666666667,8.11100006103516
38.3308333333333,8.07619094848633
38.3375,8.06379318237305
38.3441666666667,8.0723762512207
38.3508333333333,8.09860229492188
38.3575,8.14056396484375
38.3641666666667,8.19635391235352
38.3708333333333,8.26311111450195
38.3775,8.33988189697266
38.3841666666667,8.42380523681641
38.3908333333333,8.51249694824219
38.3975,8.6054801940918
38.4041666666667,8.70227813720703
38.4108333333333,8.80050659179688
38.4175,8.89778137207031
38.4241666666667,8.99267196655273
38.4308333333333,9.08327102661133
38.4375,9.16767120361328
38.4441666666667,9.24301147460938
38.4508333333333,9.307861328125
38.4575,9.36222076416016
38.4641666666667,9.40465927124023
38.4708333333333,9.43422317504883
38.4775,9.45091247558594
38.4841666666667,9.45425033569336
38.4908333333333,9.44375991821289
38.4975,9.41896438598633
38.5041666666667,9.38129425048828
38.5108333333333,9.33027267456055
38.5175,9.26589965820313
38.5241666666667,9.18960571289063
38.5308333333333,9.10282135009766
38.5375,9.00554656982422
38.5441666666667,8.89873504638672
38.5508333333333,8.78429412841797
38.5575,8.66460800170898
38.5641666666667,8.54110717773438
38.5708333333333,8.41426849365234
38.5775,8.28456878662109
38.5841666666667,8.15391540527344
38.5908333333333,8.02373886108398
38.5975,7.89499282836914
38.6041666666667,7.76767730712891
38.6108333333333,7.6441764831543
38.6175,7.52544403076172
38.6241666666667,7.41147994995117
38.6308333333333,7.30228424072266
38.6375,7.19738006591797
38.6441666666667,7.09772109985352
38.6508333333333,7.00283050537109
38.6575,6.91366195678711
38.6641666666667,6.83021545410156
38.6708333333333,6.75201416015625
38.6775,6.67905807495117
38.6841666666667,6.61039352416992
38.6908333333333,6.5464973449707
38.6975,6.48593902587891
38.7041666666667,6.42967224121094
38.7108333333333,6.3776969909668
38.7175,6.33144378662109
38.7241666666667,6.28995895385742
38.7308333333333,6.25181198120117
38.7375,6.21747970581055
38.7441666666667,6.18696212768555
38.7508333333333,6.15930557250977
38.7575,6.134033203125
38.7641666666667,6.11209869384766
38.7708333333333,6.09350204467773
38.7775,6.07872009277344
38.7841666666667,6.06679916381836
38.7908333333333,6.05678558349609
38.7975,6.05010986328125
38.8041666666667,6.04581832885742
38.8108333333333,6.04438781738281
38.8175,6.04343414306641
38.8241666666667,6.04391098022461
38.8308333333333,6.04629516601563
38.8375,6.05106353759766
38.8441666666667,6.0572624206543
38.8508333333333,6.06489181518555
38.8575,6.07442855834961
38.8641666666667,6.08587265014648
38.8708333333333,6.09779357910156
38.8775,6.11019134521484
38.8841666666667,6.12354278564453
38.8908333333333,6.13880157470703
38.8975,6.15501403808594
38.9041666666667,6.17170333862305
38.9108333333333,6.18886947631836
38.9175,6.20698928833008
38.9241666666667,6.2255859375
38.9308333333333,6.24418258666992
38.9375,6.26325607299805
38.9441666666667,6.28471374511719
38.9508333333333,6.30712509155273
38.9575,6.32953643798828
38.9641666666667,6.35147094726563
38.9708333333333,6.37340545654297
38.9775,6.39486312866211
38.9841666666667,6.41536712646484
38.9908333333333,6.43491744995117
38.9975,6.4539909362793
39.0041666666667,6.47258758544922
39.0108333333333,6.49023056030273
39.0175,6.50644302368164
39.0241666666667,6.52122497558594
39.0308333333333,6.53505325317383
39.0375,6.54792785644531
39.0441666666667,6.56032562255859
39.0508333333333,6.57176971435547
39.0575,6.58321380615234
39.0641666666667,6.59370422363281
39.0708333333333,6.60371780395508
39.0775,6.61373138427734
39.0841666666667,6.62326812744141
39.0908333333333,6.63375854492188
39.0975,6.64567947387695
39.1041666666667,6.66141510009766
39.1108333333333,6.67953491210938
39.1175,6.70051574707031
39.1241666666667,6.72483444213867
39.1308333333333,6.75392150878906
39.1375,6.78873062133789
39.1441666666667,6.83021545410156
39.1508333333333,6.87980651855469
39.1575,6.93845748901367
39.1641666666667,7.00664520263672
39.1708333333333,7.08532333374023
39.1775,7.17306137084961
39.1841666666667,7.27128982543945
39.1908333333333,7.38000869750977
39.1975,7.49969482421875
39.2041666666667,7.63082504272461
39.2108333333333,7.77482986450195
39.2175,7.93123245239258
39.2241666666667,8.10050964355469
39.2308333333333,8.28361511230469
39.2375,8.48007202148438
39.2441666666667,8.69035720825195
39.2508333333333,8.91399383544922
39.2575,9.15098190307617
39.2641666666667,9.40132141113281
39.2708333333333,9.66548919677734
39.2775,9.94348526000977
39.2841666666667,10.2348327636719
39.2908333333333,10.5381011962891
39.2975,10.8523368835449
39.3041666666667,11.1770629882813
39.3108333333333,11.5127563476563
39.3175,11.8575096130371
39.3241666666667,12.211799621582
39.3308333333333,12.5746726989746
39.3375,12.9446983337402
39.3441666666667,13.3175849914551
39.3508333333333,13.6909484863281
39.3575,14.0624046325684
39.3641666666667,14.4290924072266
39.3708333333333,14.7881507873535
39.3775,15.13671875
39.3841666666667,15.472412109375
39.3908333333333,15.7923698425293
39.3975,16.0923004150391
39.4041666666667,16.3698196411133
39.4108333333333,16.6206359863281
39.4175,16.8414115905762
39.4241666666667,17.0292854309082
39.4308333333333,17.1833038330078
39.4375,17.3001289367676
39.4441666666667,17.3764228820801
39.4508333333333,17.4112319946289
39.4575,17.4045562744141
39.4641666666667,17.3554420471191
39.4708333333333,17.2619819641113
39.4775,17.125129699707
39.4841666666667,16.9467926025391
39.4908333333333,16.7279243469238
39.4975,16.4704322814941
39.5041666666667,16.1747932434082
39.5108333333333,15.8448219299316
39.5175,15.4843330383301
39.5241666666667,15.0971412658691
39.5308333333333,14.686107635498
39.5375,14.2560005187988
39.5441666666667,13.8111114501953
39.5508333333333,13.3547782897949
39.5575,12.8889083862305
39.5641666666667,12.4173164367676
39.5708333333333,11.9438171386719
39.5775,11.4707946777344
39.5841666666667,11.0030174255371
39.5908333333333,10.5438232421875
39.5975,10.096549987793
39.6041666666667,9.66310501098633
39.6108333333333,9.24444198608398
39.6175,8.84294509887695
39.6241666666667,8.46004486083984
39.6308333333333,8.09526443481445
39.6375,7.74908065795898
39.6441666666667,7.42244720458984
39.6508333333333,7.11584091186523
39.6575,6.83021545410156
39.6641666666667,6.56366348266602
39.6708333333333,6.3176155090332
39.6775,6.09111785888672
39.6841666666667,5.88464736938477
39.6908333333333,5.69629669189453
39.6975,5.5241584777832
39.7041666666667,5.36775588989258
39.7108333333333,5.22613525390625
39.7175,5.09834289550781
39.7241666666667,4.98342514038086
39.7308333333333,4.87995147705078
39.7375,4.78696823120117
39.7441666666667,4.70399856567383
39.7508333333333,4.62865829467773
39.7575,4.55951690673828
39.7641666666667,4.49657440185547
39.7708333333333,4.43935394287109
39.7775,4.38833236694336
39.7841666666667,4.34303283691406
39.7908333333333,4.3025016784668
39.7975,4.26673889160156
39.8041666666667,4.23526763916016
39.8108333333333,4.20665740966797
39.8175,4.17947769165039
39.8241666666667,4.15468215942383
39.8308333333333,4.13084030151367
39.8375,4.10842895507813
39.8441666666667,4.08744812011719
39.8508333333333,4.06789779663086
39.8575,4.04882431030273
39.8641666666667,4.03070449829102
39.8708333333333,4.0130615234375
39.8775,3.99541854858398
39.8841666666667,3.97777557373047
39.8908333333333,3.96060943603516
39.8975,3.94392013549805
39.9041666666667,3.92818450927734
39.9108333333333,3.91340255737305
39.9175,3.89957427978516
39.9241666666667,3.88717651367188
39.9308333333333,3.8752555847168
39.9375,3.86476516723633
39.9441666666667,3.85713577270508
39.9508333333333,3.85141372680664
39.9575,3.84664535522461
39.9641666666667,3.84283065795898
39.9708333333333,3.83996963500977
39.9775,3.83710861206055
39.9841666666667,3.83424758911133
39.9908333333333,3.83234024047852
39.9975,3.83281707763672
40.0041666666667,3.83567810058594
40.0108333333333,3.84140014648438
40.0175,3.84998321533203
40.0241666666667,3.8609504699707
40.0308333333333,3.87382507324219
40.0375,3.88813018798828
40.0441666666667,3.90291213989258
40.0508333333333,3.91960144042969
40.0575,3.9362907409668
40.0641666666667,3.95393371582031
40.0708333333333,3.97348403930664
40.0775,3.99446487426758
40.0841666666667,4.01687622070313
40.0908333333333,4.04024124145508
40.0975,4.06694412231445
40.1041666666667,4.09650802612305
40.1108333333333,4.12654876708984
40.1175,4.15802001953125
40.1241666666667,4.19044494628906
40.1308333333333,4.22430038452148
40.1375,4.2576789855957
40.1441666666667,4.29105758666992
40.1508333333333,4.32491302490234
40.1575,4.35876846313477
40.1641666666667,4.39262390136719
40.1708333333333,4.42647933959961
40.1775,4.46081161499023
40.1841666666667,4.49657440185547
40.1908333333333,4.53424453735352
40.1975,4.57334518432617
40.2041666666667,4.61244583129883
40.2108333333333,4.65250015258789
40.2175,4.69446182250977
40.2241666666667,4.73690032958984
40.2308333333333,4.78076934814453
40.2375,4.82702255249023
40.2441666666667,4.87661361694336
40.2508333333333,4.93001937866211
40.2575,4.98723983764648
40.2641666666667,5.04827499389648
40.2708333333333,5.11455535888672
40.2775,5.18655776977539
40.2841666666667,5.26523590087891
40.2908333333333,5.35154342651367
40.2975,5.4469108581543
40.3041666666667,5.55133819580078
40.3108333333333,5.66768646240234
40.3175,5.79643249511719
40.3241666666667,5.93900680541992
40.3308333333333,6.09636306762695
40.3375,6.27040863037109
40.3441666666667,6.46209716796875
40.3508333333333,6.67047500610352
40.3575,6.89697265625
40.3641666666667,7.1415901184082
40.3708333333333,7.40480422973633
40.3775,7.68661499023438
40.3841666666667,7.98749923706055
40.3908333333333,8.30745697021484
40.3975,8.64696502685547
40.4041666666667,9.00363922119141
40.4108333333333,9.37604904174805
40.4175,9.76324081420898
40.4241666666667,10.1633071899414
40.4308333333333,10.5743408203125
40.4375,10.9920501708984
40.4441666666667,11.4150047302246
40.4508333333333,11.8408203125
40.4575,12.2666358947754
40.4641666666667,12.6891136169434
40.4708333333333,13.1039619445801
40.4775,13.5078430175781
40.4841666666667,13.8974189758301
40.4908333333333,14.2679214477539
40.4975,14.615535736084
40.5041666666667,14.9374008178711
40.5108333333333,15.2301788330078
40.5175,15.4891014099121
40.5241666666667,15.7122611999512
40.5308333333333,15.897274017334
40.5375,16.0427093505859
40.5441666666667,16.1471366882324
40.5508333333333,16.2086486816406
40.5575,16.2272453308105
40.5641666666667,16.2043571472168
40.5708333333333,16.1404609680176
40.5775,16.0365104675293
40.5841666666667,15.892505645752
40.5908333333333,15.711784362793
40.5975,15.4972076416016
40.6041666666667,15.251636505127
40.6108333333333,14.9784088134766
40.6175,14.6803855895996
40.6241666666667,14.3632888793945
40.6308333333333,14.0314102172852
40.6375,13.6885643005371
40.6441666666667,13.3390426635742
40.6508333333333,12.9852294921875
40.6575,12.6314163208008
40.6641666666667,12.2814178466797
40.6708333333333,11.9390487670898
40.6775,11.6076469421387
40.6841666666667,11.2905502319336
40.6908333333333,10.9906196594238
40.6975,10.7107162475586
40.7041666666667,10.4532241821289
40.7108333333333,10.2190971374512
40.7175,10.0092887878418
40.7241666666667,9.82427597045898
40.7308333333333,9.66644287109375
40.7375,9.53388214111328
40.7441666666667,9.42611694335938
40.7508333333333,9.34219360351563
40.7575,9.28306579589844
40.7641666666667,9.24873352050781
40.7708333333333,9.23585891723633
40.7775,9.24253463745117
40.7841666666667,9.26685333251953
40.7908333333333,9.307861328125
40.7975,9.36269760131836
40.8041666666667,9.429931640625
40.8108333333333,9.50717926025391
40.8175,9.59396362304688
40.8241666666667,9.6893310546875
40.8308333333333,9.79137420654297
40.8375,9.89723205566406
40.8441666666667,10.004997253418
40.8508333333333,10.1132392883301
40.8575,10.221004486084
40.8641666666667,10.3268623352051
40.8708333333333,10.4289054870605
40.8775,10.5266571044922
40.8841666666667,10.6201171875
40.8908333333333,10.7078552246094
40.8975,10.7893943786621
40.9041666666667,10.8633041381836
40.9108333333333,10.930061340332
40.9175,10.9901428222656
40.9241666666667,11.0440254211426
40.9308333333333,11.0902786254883
40.9375,11.1303329467773
40.9441666666667,11.1632347106934
40.9508333333333,11.1899375915527
40.9575,11.2109184265137
40.9641666666667,11.225700378418
40.9708333333333,11.2366676330566
40.9775,11.2442970275879
40.9841666666667,11.2500190734863
40.9908333333333,11.2533569335938
40.9975,11.2552642822266
41.0041666666667,11.2557411193848
41.0108333333333,11.2552642822266
41.0175,11.2547874450684
41.0241666666667,11.2543106079102
41.0308333333333,11.2543106079102
41.0375,11.2552642822266
41.0441666666667,11.2566947937012
41.0508333333333,11.258602142334
41.0575,11.2614631652832
41.0641666666667,11.2648010253906
41.0708333333333,11.2700462341309
41.0775,11.2757682800293
41.0841666666667,11.2829208374023
41.0908333333333,11.2910270690918
41.0975,11.3000869750977
41.1041666666667,11.3091468811035
41.1108333333333,11.3167762756348
41.1175,11.3239288330078
41.1241666666667,11.3301277160645
41.1308333333333,11.3344192504883
41.1375,11.3368034362793
41.1441666666667,11.3377571105957
41.1508333333333,11.3372802734375
41.1575,11.3344192504883
41.1641666666667,11.329174041748
41.1708333333333,11.3205909729004
41.1775,11.3096237182617
41.1841666666667,11.2948417663574
41.1908333333333,11.2762451171875
41.1975,11.253833770752
41.2041666666667,11.2285614013672
41.2108333333333,11.199951171875
41.2175,11.1680030822754
41.2241666666667,11.1327171325684
41.2308333333333,11.0940933227539
41.2375,11.052131652832
41.2441666666667,11.0068321228027
41.2508333333333,10.9572410583496
41.2575,10.9033584594727
41.2641666666667,10.8451843261719
41.2708333333333,10.7831954956055
41.2775,10.7183456420898
41.2841666666667,10.650634765625
41.2908333333333,10.5810165405273
41.2975,10.5099678039551
41.3041666666667,10.4374885559082
41.3108333333333,10.3631019592285
41.3175,10.2858543395996
41.3241666666667,10.2071762084961
41.3308333333333,10.1261138916016
41.3375,10.0436210632324
41.3441666666667,9.96017456054688
41.3508333333333,9.87720489501953
41.3575,9.7956657409668
41.3641666666667,9.71555709838867
41.3708333333333,9.63687896728516
41.3775,9.56010818481445
41.3841666666667,9.48476791381836
41.3908333333333,9.41181182861328
41.3975,9.34076309204102
41.4041666666667,9.27162170410156
41.4108333333333,9.20534133911133
41.4175,9.14335250854492
41.4241666666667,9.08565521240234
41.4308333333333,9.03034210205078
41.4375,8.97789001464844
41.4441666666667,8.92972946166992
41.4508333333333,8.88633728027344
41.4575,8.84675979614258
41.4641666666667,8.81004333496094
41.4708333333333,8.77618789672852
41.4775,8.74519348144531
41.4841666666667,8.71658325195313
41.4908333333333,8.68988037109375
41.4975,8.66556167602539
41.5041666666667,8.64315032958984
41.5108333333333,8.62360000610352
41.5175,8.60500335693359
41.5241666666667,8.58545303344727
41.5308333333333,8.56351852416992
41.5375,8.53824615478516
41.5441666666667,8.51106643676758
41.5508333333333,8.48054885864258
41.5575,8.44669342041016
41.5641666666667,8.41045379638672
41.5708333333333,8.37135314941406
41.5775,8.32796096801758
41.5841666666667,8.27980041503906
41.5908333333333,8.22544097900391
41.5975,8.16535949707031
41.6041666666667,8.09907913208008
41.6108333333333,8.0256462097168
41.6175,7.94601440429688
41.6241666666667,7.86066055297852
41.6308333333333,7.77006149291992
41.6375,7.67374038696289
41.6441666666667,7.57217407226563
41.6508333333333,7.46583938598633
41.6575,7.35616683959961
41.6641666666667,7.24267959594727
41.6708333333333,7.1263313293457
41.6775,7.00807571411133
41.6841666666667,6.88791275024414
41.6908333333333,6.76679611206055
41.6975,6.64472579956055
41.7041666666667,6.52217864990234
41.7108333333333,6.39963150024414
41.7175,6.27803802490234
41.7241666666667,6.15930557250977
41.7308333333333,6.0429573059082
41.7375,5.92947006225586
41.7441666666667,5.81884384155273
41.7508333333333,5.71203231811523
41.7575,5.60903549194336
41.7641666666667,5.50937652587891
41.7708333333333,5.41400909423828
41.7775,5.32341003417969
41.7841666666667,5.23805618286133
41.7908333333333,5.15651702880859
41.7975,5.07926940917969
41.8041666666667,5.00679016113281
41.8108333333333,4.93955612182617
41.8175,4.87709045410156
41.8241666666667,4.81939315795898
41.8308333333333,4.76503372192383
41.8375,4.71401214599609
41.8441666666667,4.66585159301758
41.8508333333333,4.62007522583008
41.8575,4.57572937011719
41.8641666666667,4.53329086303711
41.8708333333333,4.49323654174805
41.8775,4.45652008056641
41.8841666666667,4.42218780517578
41.8908333333333,4.39023971557617
41.8975,4.36019897460938
41.9041666666667,4.33111190795898
41.9108333333333,4.3034553527832
41.9175,4.27627563476563
41.9241666666667,4.24909591674805
41.9308333333333,4.22143936157227
41.9375,4.19330596923828
41.9441666666667,4.1651725769043
41.9508333333333,4.13846969604492
41.9575,4.11272048950195
41.9641666666667,4.08697128295898
41.9708333333333,4.06312942504883
41.9775,4.04071807861328
41.9841666666667,4.02021408081055
41.9908333333333,3.99971008300781
41.9975,3.98015975952148
42.0041666666667,3.96203994750977
42.0108333333333,3.94487380981445
42.0175,3.92818450927734
42.0241666666667,3.91197204589844
42.0308333333333,3.89671325683594
42.0375,3.88145446777344
42.0441666666667,3.86714935302734
42.0508333333333,3.85522842407227
42.0575,3.8447380065918
42.0641666666667,3.83520126342773
42.0708333333333,3.82757186889648
42.0775,3.82137298583984
42.0841666666667,3.81612777709961
42.0908333333333,3.81088256835938
42.0975,3.80659103393555
42.1041666666667,3.80420684814453
42.1108333333333,3.80277633666992
42.1175,3.80086898803711
42.1241666666667,3.7994384765625
42.1308333333333,3.7999153137207
42.1375,3.80134582519531
42.1441666666667,3.80373001098633
42.1508333333333,3.80611419677734
42.1575,3.80992889404297
42.1641666666667,3.81612777709961
42.1708333333333,3.82280349731445
42.1775,3.82852554321289
42.1841666666667,3.83520126342773
42.1908333333333,3.84283065795898
42.1975,3.85046005249023
42.2041666666667,3.85856628417969
42.2108333333333,3.86619567871094
42.2175,3.87430191040039
42.2241666666667,3.88193130493164
42.2308333333333,3.88908386230469
42.2375,3.89528274536133
42.2441666666667,3.90148162841797
42.2508333333333,3.90768051147461
42.2575,3.91387939453125
42.2641666666667,3.9210319519043
42.2708333333333,3.92818450927734
42.2775,3.93438339233398
42.2841666666667,3.93962860107422
42.2908333333333,3.94392013549805
42.2975,3.94678115844727
42.3041666666667,3.94773483276367
42.3108333333333,3.94773483276367
42.3175,3.94773483276367
42.3241666666667,3.94821166992188
42.3308333333333,3.94773483276367
42.3375,3.94678115844727
42.3441666666667,3.94582748413086
42.3508333333333,3.94392013549805
42.3575,3.94058227539063
42.3641666666667,3.93581390380859
42.3708333333333,3.93009185791016
42.3775,3.92341613769531
42.3841666666667,3.91483306884766
42.3908333333333,3.90386581420898
42.3975,3.8914680480957
42.4041666666667,3.87763977050781
42.4108333333333,3.86238098144531
42.4175,3.84521484375
42.4241666666667,3.82804870605469
42.4308333333333,3.81040573120117
42.4375,3.79228591918945
42.4441666666667,3.77416610717773
42.4508333333333,3.75461578369141
42.4575,3.73411178588867
42.4641666666667,3.71313095092773
42.4708333333333,3.69167327880859
42.4775,3.66973876953125
42.4841666666667,3.6468505859375
42.4908333333333,3.62348556518555
42.4975,3.6005973815918
42.5041666666667,3.57675552368164
42.5108333333333,3.55195999145508
42.5175,3.52716445922852
42.5241666666667,3.50284576416016
42.5308333333333,3.47900390625
42.5375,3.45706939697266
42.5441666666667,3.43847274780273
42.5508333333333,3.42130661010742
42.5575,3.40461730957031
42.5641666666667,3.38840484619141
42.5708333333333,3.37457656860352
42.5775,3.36074829101563
42.5841666666667,3.34692001342773
42.5908333333333,3.33452224731445
42.5975,3.32450866699219
42.6041666666667,3.31544876098633
42.6108333333333,3.30591201782227
42.6175,3.29780578613281
42.6241666666667,3.29208374023438
42.6308333333333,3.28874588012695
42.6375,3.28636169433594
42.6441666666667,3.28540802001953
42.6508333333333,3.28636169433594
42.6575,3.28874588012695
42.6641666666667,3.29113006591797
42.6708333333333,3.29399108886719
42.6775,3.29685211181641
42.6841666666667,3.30162048339844
42.6908333333333,3.30686569213867
42.6975,3.3116340637207
42.7041666666667,3.31497192382813
42.7108333333333,3.31878662109375
42.7175,3.32307815551758
42.7241666666667,3.32832336425781
42.7308333333333,3.33309173583984
42.7375,3.33786010742188
42.7441666666667,3.3421516418457
42.7508333333333,3.34501266479492
42.7575,3.34596633911133
42.7641666666667,3.34596633911133
42.7708333333333,3.34501266479492
42.7775,3.34405899047852
42.7841666666667,3.34310531616211
42.7908333333333,3.3411979675293
42.7975,3.33833694458008
42.8041666666667,3.33499908447266
42.8108333333333,3.33070755004883
42.8175,3.3259391784668
42.8241666666667,3.32021713256836
42.8308333333333,3.31449508666992
42.8375,3.30829620361328
42.8441666666667,3.30209732055664
42.8508333333333,3.29494476318359
42.8575,3.28779220581055
42.8641666666667,3.2806396484375
42.8708333333333,3.27253341674805
42.8775,3.2649040222168
42.8841666666667,3.25679779052734
42.8908333333333,3.24773788452148
42.8975,3.23820114135742
42.9041666666667,3.22914123535156
42.9108333333333,3.22055816650391
42.9175,3.21388244628906
42.9241666666667,3.20863723754883
42.9308333333333,3.2048225402832
42.9375,3.20243835449219
42.9441666666667,3.20100784301758
42.9508333333333,3.20100784301758
42.9575,3.20148468017578
42.9641666666667,3.20243835449219
42.9708333333333,3.20577621459961
42.9775,3.21054458618164
42.9841666666667,3.21722030639648
42.9908333333333,3.22532653808594
42.9975,3.2343864440918
43.0041666666667,3.24487686157227
43.0108333333333,3.25727462768555
43.0175,3.27205657958984
43.0241666666667,3.28826904296875
43.0308333333333,3.30734252929688
43.0375,3.32880020141602
43.0441666666667,3.35264205932617
43.0508333333333,3.37886810302734
43.0575,3.40652465820313
43.0641666666667,3.43513488769531
43.0708333333333,3.46517562866211
43.0775,3.49712371826172
43.0841666666667,3.53050231933594
43.0908333333333,3.56483459472656
43.0975,3.60107421875
43.1041666666667,3.63969802856445
43.1108333333333,3.68070602416992
43.1175,3.7226676940918
43.1241666666667,3.76415252685547
43.1308333333333,3.80706787109375
43.1375,3.85046005249023
43.1441666666667,3.89337539672852
43.1508333333333,3.9362907409668
43.1575,3.97872924804688
43.1641666666667,4.02259826660156
43.1708333333333,4.06694412231445
43.1775,4.11128997802734
43.1841666666667,4.15563583374023
43.1908333333333,4.19998168945313
43.1975,4.24289703369141
43.2041666666667,4.28342819213867
43.2108333333333,4.32252883911133
43.2175,4.36019897460938
43.2241666666667,4.3950080871582
43.2308333333333,4.42790985107422
43.2375,4.45890426635742
43.2441666666667,4.48846817016602
43.2508333333333,4.5161247253418
43.2575,4.54092025756836
43.2641666666667,4.56333160400391
43.2708333333333,4.58383560180664
43.2775,4.60195541381836
43.2841666666667,4.61626052856445
43.2908333333333,4.62818145751953
43.2975,4.63628768920898
43.3041666666667,4.64057922363281
43.3108333333333,4.64200973510742
43.3175,4.64153289794922
43.3241666666667,4.63962554931641
43.3308333333333,4.63628768920898
43.3375,4.63151931762695
43.3441666666667,4.62436676025391
43.3508333333333,4.61578369140625
43.3575,4.60577011108398
43.3641666666667,4.59432601928711
43.3708333333333,4.58145141601563
43.3775,4.56809997558594
43.3841666666667,4.55570220947266
43.3908333333333,4.54378128051758
43.3975,4.5313835144043
43.4041666666667,4.51803207397461
43.4108333333333,4.50515747070313
43.4175,4.49180603027344
43.4241666666667,4.47702407836914
43.4308333333333,4.46176528930664
43.4375,4.44602966308594
43.4441666666667,4.43029403686523
43.4508333333333,4.41455841064453
43.4575,4.40025329589844
43.4641666666667,4.38642501831055
43.4708333333333,4.37307357788086
43.4775,4.35972213745117
43.4841666666667,4.34732437133789
43.4908333333333,4.33588027954102
43.4975,4.32491302490234
43.5041666666667,4.31442260742188
43.5108333333333,4.30488586425781
43.5175,4.29534912109375
43.5241666666667,4.28485870361328
43.5308333333333,4.27341461181641
43.5375,4.26197052001953
43.5441666666667,4.25052642822266
43.5508333333333,4.23955917358398
43.5575,4.22859191894531
43.5641666666667,4.21857833862305
43.5708333333333,4.20904159545898
43.5775,4.19855117797852
43.5841666666667,4.18710708618164
43.5908333333333,4.17470932006836
43.5975,4.16278839111328
43.6041666666667,4.15134429931641
43.6108333333333,4.14037704467773
43.6175,4.13036346435547
43.6241666666667,4.12225723266602
43.6308333333333,4.11510467529297
43.6375,4.10842895507813
43.6441666666667,4.10127639770508
43.6508333333333,4.09364700317383
43.6575,4.08697128295898
43.6641666666667,4.08172607421875
43.6708333333333,4.07743453979492
43.6775,4.0740966796875
43.6841666666667,4.0736198425293
43.6908333333333,4.07552719116211
43.6975,4.07791137695313
43.7041666666667,4.08029556274414
43.7108333333333,4.08315658569336
43.7175,4.08792495727539
43.7241666666667,4.09317016601563
43.7308333333333,4.09889221191406
43.7375,4.1050910949707
43.7441666666667,4.11224365234375
43.7508333333333,4.119873046875
43.7575,4.12797927856445
43.7641666666667,4.1356086730957
43.7708333333333,4.14371490478516
43.7775,4.15134429931641
43.7841666666667,4.15802001953125
43.7908333333333,4.16326522827148
43.7975,4.16755676269531
43.8041666666667,4.16946411132813
43.8108333333333,4.16898727416992
43.8175,4.16755676269531
43.8241666666667,4.16469573974609
43.8308333333333,4.16040420532227
43.8375,4.15372848510742
43.8441666666667,4.14371490478516
43.8508333333333,4.13084030151367
43.8575,4.11558151245117
43.8641666666667,4.09793853759766
43.8708333333333,4.07838821411133
43.8775,4.05597686767578
43.8841666666667,4.03213500976563
43.8908333333333,4.00543212890625
43.8975,3.97634506225586
43.9041666666667,3.94439697265625
43.9108333333333,3.91054153442383
43.9175,3.8752555847168
43.9241666666667,3.83853912353516
43.9308333333333,3.80086898803711
43.9375,3.76272201538086
43.9441666666667,3.72409820556641
43.9508333333333,3.68452072143555
43.9575,3.64303588867188
43.9641666666667,3.6005973815918
43.9708333333333,3.55768203735352
43.9775,3.51524353027344
43.9841666666667,3.47328186035156
43.9908333333333,3.4327507019043
43.9975,3.39508056640625
44.0041666666667,3.35931777954102
44.0108333333333,3.32546234130859
44.0175,3.29208374023438
44.0241666666667,3.25870513916016
44.0308333333333,3.22580337524414
44.0375,3.19337844848633
44.0441666666667,3.16333770751953
44.0508333333333,3.13568115234375
44.0575,3.11040878295898
44.0641666666667,3.08752059936523
44.0708333333333,3.0674934387207
44.0775,3.04937362670898
44.0841666666667,3.03220748901367
44.0908333333333,3.01551818847656
44.0975,3.00073623657227
44.1041666666667,2.98738479614258
44.1108333333333,2.9759407043457
44.1175,2.96592712402344
44.1241666666667,2.95686721801758
44.1308333333333,2.94780731201172
44.1375,2.93970108032227
44.1441666666667,2.93207168579102
44.1508333333333,2.92587280273438
44.1575,2.92110443115234
44.1641666666667,2.91824340820313
44.1708333333333,2.91633605957031
44.1775,2.9139518737793
44.1841666666667,2.91156768798828
44.1908333333333,2.90918350219727
44.1975,2.90632247924805
44.2041666666667,2.90346145629883
44.2108333333333,2.90060043334961
44.2175,2.90012359619141
44.2241666666667,2.90060043334961
44.2308333333333,2.90060043334961
44.2375,2.90012359619141
44.2441666666667,2.90012359619141
44.2508333333333,2.90155410766602
44.2575,2.90346145629883
44.2641666666667,2.90441513061523
44.2708333333333,2.90489196777344
44.2775,2.90489196777344
44.2841666666667,2.90536880493164
44.2908333333333,2.90536880493164
44.2975,2.90393829345703
44.3041666666667,2.90203094482422
44.3108333333333,2.90107727050781
44.3175,2.90155410766602
44.3241666666667,2.90203094482422
44.3308333333333,2.90250778198242
44.3375,2.90393829345703
44.3441666666667,2.90584564208984
44.3508333333333,2.90822982788086
44.3575,2.91013717651367
44.3641666666667,2.91156768798828
44.3708333333333,2.91299819946289
44.3775,2.9144287109375
44.3841666666667,2.91681289672852
44.3908333333333,2.91919708251953
44.3975,2.92110443115234
44.4041666666667,2.92348861694336
44.4108333333333,2.92682647705078
44.4175,2.93159484863281
44.4241666666667,2.93684005737305
44.4308333333333,2.94208526611328
44.4375,2.94685363769531
44.4441666666667,2.95114517211914
44.4508333333333,2.95448303222656
44.4575,2.95782089233398
44.4641666666667,2.96115875244141
44.4708333333333,2.96449661254883
44.4775,2.96926498413086
44.4841666666667,2.9749870300293
44.4908333333333,2.98070907592773
44.4975,2.98595428466797
44.5041666666667,2.99072265625
44.5108333333333,2.99644470214844
44.5175,3.00264358520508
44.5241666666667,3.00884246826172
44.5308333333333,3.01504135131836
44.5375,3.021240234375
44.5441666666667,3.02696228027344
44.5508333333333,3.03220748901367
44.5575,3.0369758605957
44.5641666666667,3.04174423217773
44.5708333333333,3.04746627807617
44.5775,3.05318832397461
44.5841666666667,3.05986404418945
44.5908333333333,3.06606292724609
44.5975,3.07369232177734
44.6041666666667,3.0817985534668
44.6108333333333,3.09038162231445
44.6175,3.09896469116211
44.6241666666667,3.10850143432617
44.6308333333333,3.11994552612305
44.6375,3.13282012939453
44.6441666666667,3.14712524414063
44.6508333333333,3.16286087036133
44.6575,3.17955017089844
44.6641666666667,3.19862365722656
44.6708333333333,3.21865081787109
44.6775,3.24058532714844
44.6841666666667,3.26395034790039
44.6908333333333,3.29065322875977
44.6975,3.31878662109375
44.7041666666667,3.34930419921875
44.7108333333333,3.38125228881836
44.7175,3.41606140136719
44.7241666666667,3.45373153686523
44.7308333333333,3.49521636962891
44.7375,3.5400390625
44.7441666666667,3.58867645263672
44.7508333333333,3.64112854003906
44.7575,3.69739532470703
44.7641666666667,3.75795364379883
44.7708333333333,3.82375717163086
44.7775,3.89432907104492
44.7841666666667,3.97157669067383
44.7908333333333,4.05597686767578
44.7975,4.14657592773438
44.8041666666667,4.24289703369141
44.8108333333333,4.34494018554688
44.8175,4.45413589477539
44.8241666666667,4.57048416137695
44.8308333333333,4.69398498535156
44.8375,4.82559204101563
44.8441666666667,4.96673583984375
44.8508333333333,5.11693954467773
44.8575,5.27572631835938
44.8641666666667,5.44261932373047
44.8708333333333,5.61809539794922
44.8775,5.80215454101563
44.8841666666667,5.99527359008789
44.8908333333333,6.19602203369141
44.8975,6.40487670898438
44.9041666666667,6.62088394165039
44.9108333333333,6.84404373168945
44.9175,7.07292556762695
44.9241666666667,7.30705261230469
44.9308333333333,7.54642486572266
44.9375,7.79008865356445
44.9441666666667,8.03661346435547
44.9508333333333,8.28647613525391
44.9575,8.53681564331055
44.9641666666667,8.78620147705078
44.9708333333333,9.0336799621582
44.9775,9.27591323852539
44.9841666666667,9.51385498046875
44.9908333333333,9.74512100219727
44.9975,9.96923446655273
45.0041666666667,10.1838111877441
45.0108333333333,10.3888511657715
45.0175,10.5829238891602
45.0241666666667,10.7645988464355
45.0308333333333,10.932445526123
45.0375,11.0855102539063
45.0441666666667,11.223316192627
45.0508333333333,11.3444328308105
45.0575,11.4469528198242
45.0641666666667,11.5299224853516
45.0708333333333,11.5928649902344
45.0775,11.634349822998
45.0841666666667,11.6539001464844
45.0908333333333,11.6519927978516
45.0975,11.6300582885742
45.1041666666667,11.5885734558105
45.1108333333333,11.5280151367188
45.1175,11.4483833312988
45.1241666666667,11.3496780395508
45.1308333333333,11.2333297729492
45.1375,11.1002922058105
45.1441666666667,10.9500885009766
45.1508333333333,10.7841491699219
45.1575,10.6034278869629
45.1641666666667,10.4107856750488
45.1708333333333,10.2076530456543
45.1775,9.9949836730957
45.1841666666667,9.77373123168945
45.1908333333333,9.54675674438477
45.1975,9.31501388549805
45.2041666666667,9.08041000366211
45.2108333333333,8.84437561035156
45.2175,8.60738754272461
45.2241666666667,8.37182998657227
45.2308333333333,8.13817977905273
45.2375,7.90786743164063
45.2441666666667,7.68184661865234
45.2508333333333,7.46059417724609
45.2575,7.24411010742188
45.2641666666667,7.03287124633789
45.2708333333333,6.82687759399414
45.2775,6.62803649902344
45.2841666666667,6.43682479858398
45.2908333333333,6.25371932983398
45.2975,6.08015060424805
45.3041666666667,5.91659545898438
45.3108333333333,5.76257705688477
45.3175,5.61714172363281
45.3241666666667,5.47933578491211
45.3308333333333,5.34868240356445
45.3375,5.22470474243164
45.3441666666667,5.10740280151367
45.3508333333333,4.99820709228516
45.3575,4.89711761474609
45.3641666666667,4.80318069458008
45.3708333333333,4.71639633178711
45.3775,4.63724136352539
45.3841666666667,4.56476211547852
45.3908333333333,4.49895858764648
45.3975,4.43840026855469
45.4041666666667,4.38308715820313
45.4108333333333,4.33254241943359
45.4175,4.2877197265625
45.4241666666667,4.24718856811523
45.4308333333333,4.20999526977539
45.4375,4.17566299438477
45.4441666666667,4.14514541625977
45.4508333333333,4.11796569824219
45.4575,4.09412384033203
45.4641666666667,4.07314300537109
45.4708333333333,4.05645370483398
45.4775,4.04548645019531
45.4841666666667,4.03881072998047
45.4908333333333,4.03594970703125
45.4975,4.03690338134766
45.5041666666667,4.04119491577148
45.5108333333333,4.04787063598633
45.5175,4.05740737915039
45.5241666666667,4.07028198242188
45.5308333333333,4.08744812011719
45.5375,4.10938262939453
45.5441666666667,4.1356086730957
45.5508333333333,4.16707992553711
45.5575,4.20379638671875
45.5641666666667,4.24528121948242
45.5708333333333,4.29153442382813
45.5775,4.34350967407227
45.5841666666667,4.40073013305664
45.5908333333333,4.46319580078125
45.5975,4.5318603515625
45.6041666666667,4.60720062255859
45.6108333333333,4.68969345092773
45.6175,4.77933883666992
45.6241666666667,4.87709045410156
45.6308333333333,4.98342514038086
45.6375,5.09738922119141
45.6441666666667,5.2180290222168
45.6508333333333,5.34629821777344
45.6575,5.48267364501953
45.6641666666667,5.62572479248047
45.6708333333333,5.77497482299805
45.6775,5.93185424804688
45.6841666666667,6.09731674194336
45.6908333333333,6.26993179321289
45.6975,6.44922256469727
45.7041666666667,6.63518905639648
45.7108333333333,6.82830810546875
45.7175,7.02762603759766
45.7241666666667,7.23171234130859
45.7308333333333,7.44104385375977
45.7375,7.65466690063477
45.7441666666667,7.87258148193359
45.7508333333333,8.09240341186523
45.7575,8.31365585327148
45.7641666666667,8.53490829467773
45.7708333333333,8.75520706176758
45.7775,8.97407531738281
45.7841666666667,9.19008255004883
45.7908333333333,9.40322875976563
45.7975,9.61399078369141
45.8041666666667,9.81998443603516
45.8108333333333,10.0207328796387
45.8175,10.2138519287109
45.8241666666667,10.3983879089355
45.8308333333333,10.5729103088379
45.8375,10.7369422912598
45.8441666666667,10.887622833252
45.8508333333333,11.0249519348145
45.8575,11.1479759216309
45.8641666666667,11.2557411193848
45.8708333333333,11.3492012023926
45.8775,11.4269256591797
45.8841666666667,11.4898681640625
45.8908333333333,11.5365982055664
45.8975,11.5671157836914
45.9041666666667,11.5799903869629
45.9108333333333,11.5752220153809
45.9175,11.5528106689453
45.9241666666667,11.5127563476563
45.9308333333333,11.4564895629883
45.9375,11.3849639892578
45.9441666666667,11.2996101379395
45.9508333333333,11.1994743347168
45.9575,11.0840797424316
45.9641666666667,10.9548568725586
45.9708333333333,10.8122825622559
45.9775,10.6582641601563
45.9841666666667,10.4918479919434
45.9908333333333,10.3163719177246
45.9975,10.1332664489746
46.0041666666667,9.94396209716797
46.0108333333333,9.74893569946289
46.0175,9.54914093017578
46.0241666666667,9.34553146362305
46.0308333333333,9.13906097412109
46.0375,8.93068313598633
46.0441666666667,8.71992111206055
46.0508333333333,8.50772857666016
46.0575,8.29505920410156
46.0641666666667,8.08334350585938
46.0708333333333,7.8740119934082
46.0775,7.66754150390625
46.0841666666667,7.46440887451172
46.0908333333333,7.26652145385742
46.0975,7.07435607910156
46.1041666666667,6.88743591308594
46.1108333333333,6.70576095581055
46.1175,6.52980804443359
46.1241666666667,6.36053085327148
46.1308333333333,6.19649887084961
46.1375,6.03818893432617
46.1441666666667,5.88417053222656
46.1508333333333,5.73492050170898
46.1575,5.58996200561523
46.1641666666667,5.45072555541992
46.1708333333333,5.31768798828125
46.1775,5.19084930419922
46.1841666666667,5.06925582885742
46.1908333333333,4.95195388793945
46.1975,4.83942031860352
46.2041666666667,4.7307014465332
46.2108333333333,4.62579727172852
46.2175,4.52375411987305
46.2241666666667,4.4245719909668
46.2308333333333,4.32825088500977
46.2375,4.23383712768555
46.2441666666667,4.14085388183594
46.2508333333333,4.04930114746094
46.2575,3.95917892456055
46.2641666666667,3.87191772460938
46.2708333333333,3.78561019897461
46.2775,3.70073318481445
46.2841666666667,3.6158561706543
46.2908333333333,3.53193283081055
46.2975,3.448486328125
46.3041666666667,3.36456298828125
46.3108333333333,3.2811164855957
46.3175,3.19862365722656
46.3241666666667,3.11708450317383
46.3308333333333,3.0364990234375
46.3375,2.95591354370117
46.3441666666667,2.87723541259766
46.3508333333333,2.79951095581055
46.3575,2.72321701049805
46.3641666666667,2.64739990234375
46.3708333333333,2.57205963134766
46.3775,2.49671936035156
46.3841666666667,2.42090225219727
46.3908333333333,2.34556198120117
46.3975,2.27212905883789
46.4041666666667,2.20108032226563
46.4108333333333,2.13193893432617
46.4175,2.06470489501953
46.4241666666667,2.00080871582031
46.4308333333333,1.94025039672852
46.4375,1.88159942626953
46.4441666666667,1.82294845581055
46.4508333333333,1.76477432250977
46.4575,1.7085075378418
46.4641666666667,1.65319442749023
46.4708333333333,1.59788131713867
46.4775,1.54209136962891
46.4841666666667,1.48820877075195
46.4908333333333,1.43671035766602
46.4975,1.38664245605469
46.5041666666667,1.33752822875977
46.5108333333333,1.29032135009766
46.5175,1.24549865722656
46.5241666666667,1.20162963867188
46.5308333333333,1.15871429443359
46.5375,1.11532211303711
46.5441666666667,1.07240676879883
46.5508333333333,1.03044509887695
46.5575,0.9918212890625
46.5641666666667,0.955104827880859
46.5708333333333,0.920295715332031
46.5775,0.886917114257813
46.5841666666667,0.854969024658203
46.5908333333333,0.824928283691406
46.5975,0.795364379882813
46.6041666666667,0.765800476074219
46.6108333333333,0.736713409423828
46.6175,0.708580017089844
46.6241666666667,0.681400299072266
46.6308333333333,0.654697418212891
46.6375,0.627994537353516
46.6441666666667,0.601768493652344
46.6508333333333,0.577449798583984
46.6575,0.555515289306641
46.6641666666667,0.534534454345703
46.6708333333333,0.514030456542969
46.6775,0.494003295898438
46.6841666666667,0.474452972412109
46.6908333333333,0.455856323242188
46.6975,0.437259674072266
46.7041666666667,0.418663024902344
46.7108333333333,0.400066375732422
46.7175,0.3814697265625
46.7241666666667,0.364303588867188
46.7308333333333,0.348091125488281
46.7375,0.332832336425781
46.7441666666667,0.319004058837891
46.7508333333333,0.306606292724609
46.7575,0.295162200927734
46.7641666666667,0.283718109130859
46.7708333333333,0.271797180175781
46.7775,0.2593994140625
46.7841666666667,0.247955322265625
46.7908333333333,0.236988067626953
46.7975,0.225543975830078
46.8041666666667,0.213146209716797
46.8108333333333,0.201702117919922
46.8175,0.191688537597656
46.8241666666667,0.18310546875
46.8308333333333,0.174999237060547
46.8375,0.168323516845703
46.8441666666667,0.163555145263672
46.8508333333333,0.160694122314453
46.8575,0.156879425048828
46.8641666666667,0.151157379150391
46.8708333333333,0.145912170410156
46.8775,0.140666961669922
46.8841666666667,0.134944915771484
46.8908333333333,0.128746032714844
46.8975,0.123023986816406
46.9041666666667,0.118255615234375
46.9108333333333,0.114917755126953
46.9175,0.111579895019531
46.9241666666667,0.108718872070313
46.9308333333333,0.105857849121094
46.9375,0.102996826171875
46.9441666666667,0.100612640380859
46.9508333333333,0.0977516174316406
46.9575,0.0948905944824219
46.9641666666667,0.0920295715332031
46.9708333333333,0.0886917114257813
46.9775,0.0863075256347656
46.9841666666667,0.08392333984375
46.9908333333333,0.0824928283691406
46.9975,0.0824928283691406
47.0041666666667,0.0834465026855469
47.0108333333333,0.0863075256347656
47.0175,0.0891685485839844
47.0241666666667,0.091552734375
47.0308333333333,0.0920295715332031
47.0375,0.091552734375
47.0441666666667,0.091552734375
47.0508333333333,0.0910758972167969
47.0575,0.0905990600585938
47.0641666666667,0.0891685485839844
47.0708333333333,0.0886917114257813
47.0775,0.0886917114257813
47.0841666666667,0.0882148742675781
47.0908333333333,0.0882148742675781
47.0975,0.0882148742675781
47.1041666666667,0.0882148742675781
47.1108333333333,0.0886917114257813
47.1175,0.0901222229003906
47.1241666666667,0.091552734375
47.1308333333333,0.0925064086914063
47.1375,0.0944137573242188
47.1441666666667,0.0972747802734375
47.1508333333333,0.100135803222656
47.1575,0.101566314697266
47.1641666666667,0.102043151855469
47.1708333333333,0.102043151855469
47.1775,0.102996826171875
47.1841666666667,0.103950500488281
47.1908333333333,0.105381011962891
47.1975,0.1068115234375
47.2041666666667,0.107765197753906
47.2108333333333,0.109195709228516
47.2175,0.109672546386719
47.2241666666667,0.110149383544922
47.2308333333333,0.110149383544922
47.2375,0.111103057861328
47.2441666666667,0.112533569335938
47.2508333333333,0.114917755126953
47.2575,0.116825103759766
47.2641666666667,0.118255615234375
47.2708333333333,0.119686126708984
47.2775,0.120639801025391
47.2841666666667,0.1220703125
47.2908333333333,0.122547149658203
47.2975,0.123023986816406
47.3041666666667,0.124454498291016
47.3108333333333,0.125408172607422
47.3175,0.125885009765625
47.3241666666667,0.125408172607422
47.3308333333333,0.123977661132813
47.3375,0.123023986816406
47.3441666666667,0.122547149658203
47.3508333333333,0.123023986816406
47.3575,0.123500823974609
47.3641666666667,0.123977661132813
47.3708333333333,0.124454498291016
47.3775,0.124454498291016
47.3841666666667,0.123977661132813
47.3908333333333,0.123023986816406
47.3975,0.1220703125
47.4041666666667,0.1220703125
47.4108333333333,0.122547149658203
47.4175,0.123500823974609
47.4241666666667,0.125885009765625
47.4308333333333,0.127315521240234
47.4375,0.127792358398438
47.4441666666667,0.128746032714844
47.4508333333333,0.128746032714844
47.4575,0.127792358398438
47.4641666666667,0.125885009765625
47.4708333333333,0.125408172607422
47.4775,0.125408172607422
47.4841666666667,0.125408172607422
47.4908333333333,0.124931335449219
47.4975,0.125408172607422
47.5041666666667,0.126361846923828
47.5108333333333,0.127315521240234
47.5175,0.128269195556641
47.5241666666667,0.12969970703125
47.5308333333333,0.132083892822266
47.5375,0.134944915771484
47.5441666666667,0.136852264404297
47.5508333333333,0.138282775878906
47.5575,0.138282775878906
47.5641666666667,0.138759613037109
47.5708333333333,0.138759613037109
47.5775,0.137805938720703
47.5841666666667,0.1373291015625
47.5908333333333,0.136852264404297
47.5975,0.136852264404297
47.6041666666667,0.136852264404297
47.6108333333333,0.136852264404297
47.6175,0.136852264404297
47.6241666666667,0.136852264404297
47.6308333333333,0.1373291015625
47.6375,0.138282775878906
47.6441666666667,0.138759613037109
47.6508333333333,0.138282775878906
47.6575,0.136375427246094
47.6641666666667,0.135421752929688
47.6708333333333,0.134468078613281
47.6775,0.133037567138672
47.6841666666667,0.132083892822266
47.6908333333333,0.132083892822266
47.6975,0.133514404296875
47.7041666666667,0.134944915771484
47.7108333333333,0.136852264404297
47.7175,0.138759613037109
47.7241666666667,0.139713287353516
47.7308333333333,0.141143798828125
47.7375,0.141620635986328
47.7441666666667,0.141143798828125
47.7508333333333,0.140666961669922
47.7575,0.139713287353516
47.7641666666667,0.139236450195313
47.7708333333333,0.138759613037109
47.7775,0.138759613037109
47.7841666666667,0.139236450195313
47.7908333333333,0.138759613037109
47.7975,0.137805938720703
47.8041666666667,0.136852264404297
47.8108333333333,0.136375427246094
47.8175,0.135421752929688
47.8241666666667,0.134944915771484
47.8308333333333,0.134468078613281
47.8375,0.135421752929688
47.8441666666667,0.136852264404297
47.8508333333333,0.138282775878906
47.8575,0.139236450195313
47.8641666666667,0.140190124511719
47.8708333333333,0.141620635986328
47.8775,0.141620635986328
47.8841666666667,0.140190124511719
47.8908333333333,0.138759613037109
47.8975,0.1373291015625
47.9041666666667,0.1373291015625
47.9108333333333,0.1373291015625
47.9175,0.1373291015625
47.9241666666667,0.1373291015625
47.9308333333333,0.136852264404297
47.9375,0.135898590087891
47.9441666666667,0.134944915771484
47.9508333333333,0.133991241455078
47.9575,0.133514404296875
47.9641666666667,0.133991241455078
47.9708333333333,0.133991241455078
47.9775,0.134468078613281
47.9841666666667,0.134468078613281
47.9908333333333,0.134944915771484
47.9975,0.135421752929688
48.0041666666667,0.136375427246094
48.0108333333333,0.1373291015625
48.0175,0.138282775878906
48.0241666666667,0.138282775878906
48.0308333333333,0.137805938720703
48.0375,0.137805938720703
48.0441666666667,0.137805938720703
48.0508333333333,0.137805938720703
48.0575,0.138282775878906
48.0641666666667,0.139236450195313
48.0708333333333,0.139236450195313
48.0775,0.137805938720703
48.0841666666667,0.136375427246094
48.0908333333333,0.135421752929688
48.0975,0.134944915771484
48.1041666666667,0.133991241455078
48.1108333333333,0.133514404296875
48.1175,0.132560729980469
48.1241666666667,0.132560729980469
48.1308333333333,0.132560729980469
48.1375,0.133037567138672
48.1441666666667,0.132560729980469
48.1508333333333,0.131607055664063
48.1575,0.131130218505859
48.1641666666667,0.130653381347656
48.1708333333333,0.130653381347656
48.1775,0.130653381347656
48.1841666666667,0.131607055664063
48.1908333333333,0.133514404296875
48.1975,0.134468078613281
48.2041666666667,0.133991241455078
48.2108333333333,0.133037567138672
48.2175,0.132083892822266
48.2241666666667,0.131607055664063
48.2308333333333,0.132083892822266
48.2375,0.133991241455078
48.2441666666667,0.136852264404297
48.2508333333333,0.138282775878906
48.2575,0.1373291015625
48.2641666666667,0.136852264404297
48.2708333333333,0.135421752929688
48.2775,0.133991241455078
48.2841666666667,0.132083892822266
48.2908333333333,0.131130218505859
48.2975,0.131607055664063
48.3041666666667,0.132083892822266
48.3108333333333,0.132560729980469
48.3175,0.133037567138672
48.3241666666667,0.133991241455078
48.3308333333333,0.134944915771484
48.3375,0.136375427246094
48.3441666666667,0.137805938720703
48.3508333333333,0.138282775878906
48.3575,0.138759613037109
48.3641666666667,0.139713287353516
48.3708333333333,0.141143798828125
48.3775,0.141620635986328
48.3841666666667,0.141620635986328
48.3908333333333,0.141620635986328
48.3975,0.141143798828125
48.4041666666667,0.139713287353516
48.4108333333333,0.1373291015625
48.4175,0.135898590087891
48.4241666666667,0.135898590087891
48.4308333333333,0.135898590087891
48.4375,0.136375427246094
48.4441666666667,0.136852264404297
48.4508333333333,0.1373291015625
48.4575,0.136852264404297
48.4641666666667,0.136375427246094
48.4708333333333,0.134944915771484
48.4775,0.133991241455078
48.4841666666667,0.134468078613281
48.4908333333333,0.135421752929688
48.4975,0.136852264404297
48.5041666666667,0.138282775878906
48.5108333333333,0.138759613037109
48.5175,0.139236450195313
48.5241666666667,0.139713287353516
48.5308333333333,0.139713287353516
48.5375,0.139236450195313
48.5441666666667,0.138282775878906
48.5508333333333,0.138282775878906
48.5575,0.138759613037109
48.5641666666667,0.138759613037109
48.5708333333333,0.138282775878906
48.5775,0.137805938720703
48.5841666666667,0.138282775878906
48.5908333333333,0.138759613037109
48.5975,0.139236450195313
48.6041666666667,0.138759613037109
48.6108333333333,0.139236450195313
48.6175,0.140190124511719
48.6241666666667,0.141143798828125
48.6308333333333,0.142097473144531
48.6375,0.142097473144531
48.6441666666667,0.142574310302734
48.6508333333333,0.141620635986328
48.6575,0.140666961669922
48.6641666666667,0.139236450195313
48.6708333333333,0.138282775878906
48.6775,0.137805938720703
48.6841666666667,0.136852264404297
48.6908333333333,0.136852264404297
48.6975,0.136852264404297
48.7041666666667,0.137805938720703
48.7108333333333,0.139236450195313
48.7175,0.140666961669922
48.7241666666667,0.142574310302734
48.7308333333333,0.144481658935547
48.7375,0.145912170410156
48.7441666666667,0.147342681884766
48.7508333333333,0.148296356201172
48.7575,0.147819519042969
48.7641666666667,0.146389007568359
48.7708333333333,0.144481658935547
48.7775,0.143527984619141
48.7841666666667,0.143051147460938
48.7908333333333,0.142574310302734
48.7975,0.142097473144531
48.8041666666667,0.142574310302734
48.8108333333333,0.144004821777344
48.8175,0.145912170410156
48.8241666666667,0.146865844726563
48.8308333333333,0.147342681884766
48.8375,0.148296356201172
48.8441666666667,0.149726867675781
48.8508333333333,0.151157379150391
48.8575,0.150680541992188
48.8641666666667,0.149726867675781
48.8708333333333,0.147342681884766
48.8775,0.144481658935547
48.8841666666667,0.141620635986328
48.8908333333333,0.139713287353516
48.8975,0.138759613037109
48.9041666666667,0.139236450195313
48.9108333333333,0.141143798828125
48.9175,0.143527984619141
48.9241666666667,0.14495849609375
48.9308333333333,0.14495849609375
48.9375,0.144004821777344
48.9441666666667,0.143527984619141
48.9508333333333,0.143051147460938
48.9575,0.144004821777344
48.9641666666667,0.145435333251953
48.9708333333333,0.146389007568359
48.9775,0.147342681884766
48.9841666666667,0.148773193359375
48.9908333333333,0.149250030517578
48.9975,0.148773193359375
49.0041666666667,0.147819519042969
49.0108333333333,0.147819519042969
49.0175,0.148773193359375
49.0241666666667,0.148773193359375
49.0308333333333,0.148773193359375
49.0375,0.148773193359375
49.0441666666667,0.148773193359375
49.0508333333333,0.148296356201172
49.0575,0.147342681884766
49.0641666666667,0.146865844726563
49.0708333333333,0.146389007568359
49.0775,0.146865844726563
49.0841666666667,0.147819519042969
49.0908333333333,0.148773193359375
49.0975,0.148773193359375
49.1041666666667,0.148296356201172
49.1108333333333,0.148296356201172
49.1175,0.148296356201172
49.1241666666667,0.148296356201172
49.1308333333333,0.148773193359375
49.1375,0.149726867675781
49.1441666666667,0.151157379150391
49.1508333333333,0.151157379150391
49.1575,0.150203704833984
49.1641666666667,0.149726867675781
49.1708333333333,0.149250030517578
49.1775,0.148773193359375
49.1841666666667,0.148773193359375
49.1908333333333,0.149726867675781
49.1975,0.151157379150391
49.2041666666667,0.152587890625
49.2108333333333,0.154495239257813
49.2175,0.154972076416016
49.2241666666667,0.154018402099609
49.2308333333333,0.152587890625
49.2375,0.150680541992188
49.2441666666667,0.149726867675781
49.2508333333333,0.149726867675781
49.2575,0.150680541992188
49.2641666666667,0.152111053466797
49.2708333333333,0.153541564941406
49.2775,0.154018402099609
49.2841666666667,0.153064727783203
49.2908333333333,0.152587890625
49.2975,0.152587890625
49.3041666666667,0.152587890625
49.3108333333333,0.153064727783203
49.3175,0.154018402099609
49.3241666666667,0.155925750732422
49.3308333333333,0.156402587890625
49.3375,0.156879425048828
49.3441666666667,0.157356262207031
49.3508333333333,0.158786773681641
49.3575,0.158786773681641
49.3641666666667,0.158786773681641
49.3708333333333,0.158309936523438
49.3775,0.157833099365234
49.3841666666667,0.157356262207031
49.3908333333333,0.156879425048828
49.3975,0.157356262207031
49.4041666666667,0.158309936523438
49.4108333333333,0.16021728515625
49.4175,0.162124633789063
49.4241666666667,0.163555145263672
49.4308333333333,0.163555145263672
49.4375,0.162601470947266
49.4441666666667,0.161170959472656
49.4508333333333,0.159263610839844
49.4575,0.157833099365234
49.4641666666667,0.157356262207031
49.4708333333333,0.157833099365234
49.4775,0.159263610839844
49.4841666666667,0.161170959472656
49.4908333333333,0.162124633789063
49.4975,0.162601470947266
49.5041666666667,0.162601470947266
49.5108333333333,0.162124633789063
49.5175,0.161647796630859
49.5241666666667,0.16021728515625
49.5308333333333,0.157833099365234
49.5375,0.155448913574219
49.5441666666667,0.154018402099609
49.5508333333333,0.153064727783203
49.5575,0.152587890625
49.5641666666667,0.153064727783203
49.5708333333333,0.154018402099609
49.5775,0.155925750732422
49.5841666666667,0.157356262207031
49.5908333333333,0.157833099365234
49.5975,0.157833099365234
49.6041666666667,0.158309936523438
49.6108333333333,0.159740447998047
49.6175,0.160694122314453
49.6241666666667,0.161170959472656
49.6308333333333,0.161647796630859
49.6375,0.162124633789063
49.6441666666667,0.162124633789063
49.6508333333333,0.161170959472656
49.6575,0.160694122314453
49.6641666666667,0.160694122314453
49.6708333333333,0.160694122314453
49.6775,0.161647796630859
49.6841666666667,0.163078308105469
49.6908333333333,0.164508819580078
49.6975,0.165462493896484
49.7041666666667,0.166416168212891
49.7108333333333,0.1678466796875
49.7175,0.168323516845703
49.7241666666667,0.1678466796875
49.7308333333333,0.166893005371094
49.7375,0.166416168212891
49.7441666666667,0.165939331054688
49.7508333333333,0.164508819580078
49.7575,0.163555145263672
49.7641666666667,0.163555145263672
49.7708333333333,0.163555145263672
49.7775,0.163555145263672
49.7841666666667,0.164031982421875
49.7908333333333,0.165462493896484
49.7975,0.165462493896484
49.8041666666667,0.164985656738281
49.8108333333333,0.164031982421875
49.8175,0.163555145263672
49.8241666666667,0.164031982421875
49.8308333333333,0.164031982421875
49.8375,0.164031982421875
49.8441666666667,0.164508819580078
49.8508333333333,0.164985656738281
49.8575,0.164508819580078
49.8641666666667,0.163555145263672
49.8708333333333,0.162124633789063
49.8775,0.161170959472656
49.8841666666667,0.160694122314453
49.8908333333333,0.160694122314453
49.8975,0.161170959472656
49.9041666666667,0.161170959472656
49.9108333333333,0.161170959472656
49.9175,0.161170959472656
49.9241666666667,0.16021728515625
49.9308333333333,0.159263610839844
49.9375,0.158309936523438
49.9441666666667,0.158786773681641
49.9508333333333,0.159740447998047
49.9575,0.161170959472656
49.9641666666667,0.162601470947266
49.9708333333333,0.164031982421875
49.9775,0.164985656738281
49.9841666666667,0.164985656738281
49.9908333333333,0.164031982421875
49.9975,0.162601470947266
