0.00208333333333333,0.00858306884765625
0.00875,0.00858306884765625
0.0154166666666667,0.00905990600585938
0.0220833333333333,0.00858306884765625
0.02875,0.00858306884765625
0.0354166666666667,0.0095367431640625
0.0420833333333333,0.0109672546386719
0.04875,0.0119209289550781
0.0554166666666667,0.0119209289550781
0.0620833333333333,0.0133514404296875
0.06875,0.0143051147460938
0.0754166666666667,0.0143051147460938
0.0820833333333333,0.0138282775878906
0.08875,0.0138282775878906
0.0954166666666667,0.0143051147460938
0.102083333333333,0.0147819519042969
0.10875,0.0138282775878906
0.115416666666667,0.0123977661132813
0.122083333333333,0.0109672546386719
0.12875,0.0100135803222656
0.135416666666667,0.0095367431640625
0.142083333333333,0.0095367431640625
0.14875,0.0100135803222656
0.155416666666667,0.0100135803222656
0.162083333333333,0.0104904174804688
0.16875,0.0104904174804688
0.175416666666667,0.0100135803222656
0.182083333333333,0.0095367431640625
0.18875,0.0095367431640625
0.195416666666667,0.0095367431640625
0.202083333333333,0.0100135803222656
0.20875,0.0100135803222656
0.215416666666667,0.0095367431640625
0.222083333333333,0.0100135803222656
0.22875,0.0104904174804688
0.235416666666667,0.0119209289550781
0.242083333333333,0.0128746032714844
0.24875,0.0133514404296875
0.255416666666667,0.0128746032714844
0.262083333333333,0.0128746032714844
0.26875,0.0133514404296875
0.275416666666667,0.0128746032714844
0.282083333333333,0.0128746032714844
0.28875,0.0133514404296875
0.295416666666667,0.0138282775878906
0.302083333333333,0.0138282775878906
0.30875,0.0128746032714844
0.315416666666667,0.0128746032714844
0.322083333333333,0.0128746032714844
0.32875,0.0133514404296875
0.335416666666667,0.0128746032714844
0.342083333333333,0.0128746032714844
0.34875,0.0119209289550781
0.355416666666667,0.011444091796875
0.362083333333333,0.0109672546386719
0.36875,0.011444091796875
0.375416666666667,0.0119209289550781
0.382083333333333,0.0128746032714844
0.38875,0.0143051147460938
0.395416666666667,0.0157356262207031
0.402083333333333,0.0162124633789063
0.40875,0.0157356262207031
0.415416666666667,0.0143051147460938
0.422083333333333,0.0133514404296875
0.42875,0.0119209289550781
0.435416666666667,0.011444091796875
0.442083333333333,0.011444091796875
0.44875,0.0119209289550781
0.455416666666667,0.0128746032714844
0.462083333333333,0.0138282775878906
0.46875,0.0143051147460938
0.475416666666667,0.0138282775878906
0.482083333333333,0.0123977661132813
0.48875,0.0109672546386719
0.495416666666667,0.0104904174804688
0.502083333333333,0.00905990600585938
0.50875,0.00715255737304688
0.515416666666667,0.0057220458984375
0.522083333333333,0.00524520874023438
0.52875,0.00429153442382813
0.535416666666667,0.003814697265625
0.542083333333333,0.003814697265625
0.54875,0.00429153442382813
0.555416666666667,0.00429153442382813
0.562083333333333,0.00429153442382813
0.56875,0.00476837158203125
0.575416666666667,0.00524520874023438
0.582083333333333,0.00619888305664063
0.58875,0.00667572021484375
0.595416666666667,0.00715255737304688
0.602083333333333,0.00762939453125
0.60875,0.00810623168945313
0.615416666666667,0.00810623168945313
0.622083333333333,0.00715255737304688
0.62875,0.0057220458984375
0.635416666666667,0.00476837158203125
0.642083333333333,0.003814697265625
0.64875,0.00238418579101563
0.655416666666667,0.00143051147460938
0.662083333333333,0.00095367431640625
0.66875,0.00095367431640625
0.675416666666667,0.00095367431640625
0.682083333333333,0.000476837158203125
0.68875,-0.000476837158203125
0.695416666666667,-0.00143051147460938
0.702083333333333,-0.00143051147460938
0.70875,-0.00143051147460938
0.715416666666667,-0.00095367431640625
0.722083333333333,0.000476837158203125
0.72875,0.00286102294921875
0.735416666666667,0.00524520874023438
0.742083333333333,0.00619888305664063
0.74875,0.00667572021484375
0.755416666666667,0.00667572021484375
0.762083333333333,0.00715255737304688
0.76875,0.00667572021484375
0.775416666666667,0.0057220458984375
0.782083333333333,0.00476837158203125
0.78875,0.00429153442382813
0.795416666666667,0.00429153442382813
0.802083333333333,0.00238418579101563
0.80875,0
0.815416666666667,-0.00286102294921875
0.822083333333333,-0.00429153442382813
0.82875,-0.003814697265625
0.835416666666667,-0.00333786010742188
0.842083333333333,-0.0019073486328125
0.84875,-0.000476837158203125
0.855416666666667,0.00143051147460938
0.862083333333333,0.0019073486328125
0.86875,0.0019073486328125
0.875416666666667,0.0019073486328125
0.882083333333333,0.0019073486328125
0.88875,0.00095367431640625
0.895416666666667,-0.000476837158203125
0.902083333333333,-0.0019073486328125
0.90875,-0.00333786010742188
0.915416666666667,-0.0057220458984375
0.922083333333333,-0.00715255737304688
0.92875,-0.00762939453125
0.935416666666667,-0.00619888305664063
0.942083333333333,-0.00476837158203125
0.94875,-0.00429153442382813
0.955416666666667,-0.00429153442382813
0.962083333333333,-0.00476837158203125
0.96875,-0.00524520874023438
0.975416666666667,-0.00619888305664063
0.982083333333333,-0.00619888305664063
0.98875,-0.00429153442382813
0.995416666666667,-0.0019073486328125
1.00208333333333,0
1.00875,0.00095367431640625
1.01541666666667,0.000476837158203125
1.02208333333333,-0.0019073486328125
1.02875,-0.00429153442382813
1.03541666666667,-0.00667572021484375
1.04208333333333,-0.00905990600585938
1.04875,-0.0104904174804688
1.05541666666667,-0.0109672546386719
1.06208333333333,-0.0104904174804688
1.06875,-0.0100135803222656
1.07541666666667,-0.0100135803222656
1.08208333333333,-0.0104904174804688
1.08875,-0.011444091796875
1.09541666666667,-0.0133514404296875
1.10208333333333,-0.0147819519042969
1.10875,-0.0162124633789063
1.11541666666667,-0.0176429748535156
1.12208333333333,-0.0181198120117188
1.12875,-0.0185966491699219
1.13541666666667,-0.0185966491699219
1.14208333333333,-0.0185966491699219
1.14875,-0.0185966491699219
1.15541666666667,-0.0176429748535156
1.16208333333333,-0.0162124633789063
1.16875,-0.0143051147460938
1.17541666666667,-0.0128746032714844
1.18208333333333,-0.0133514404296875
1.18875,-0.0147819519042969
1.19541666666667,-0.0162124633789063
1.20208333333333,-0.0176429748535156
1.20875,-0.0181198120117188
1.21541666666667,-0.0176429748535156
1.22208333333333,-0.0162124633789063
1.22875,-0.0147819519042969
1.23541666666667,-0.0143051147460938
1.24208333333333,-0.0147819519042969
1.24875,-0.0152587890625
1.25541666666667,-0.0162124633789063
1.26208333333333,-0.0166893005371094
1.26875,-0.0171661376953125
1.27541666666667,-0.0171661376953125
1.28208333333333,-0.0181198120117188
1.28875,-0.0200271606445313
1.29541666666667,-0.0219345092773438
1.30208333333333,-0.0224113464355469
1.30875,-0.0224113464355469
1.31541666666667,-0.0219345092773438
1.32208333333333,-0.0214576721191406
1.32875,-0.0205039978027344
1.33541666666667,-0.0195503234863281
1.34208333333333,-0.0200271606445313
1.34875,-0.0214576721191406
1.35541666666667,-0.0224113464355469
1.36208333333333,-0.0224113464355469
1.36875,-0.0219345092773438
1.37541666666667,-0.0214576721191406
1.38208333333333,-0.0205039978027344
1.38875,-0.019073486328125
1.39541666666667,-0.0181198120117188
1.40208333333333,-0.0181198120117188
1.40875,-0.019073486328125
1.41541666666667,-0.0209808349609375
1.42208333333333,-0.02288818359375
1.42875,-0.0247955322265625
1.43541666666667,-0.026702880859375
1.44208333333333,-0.026702880859375
1.44875,-0.0262260437011719
1.45541666666667,-0.0247955322265625
1.46208333333333,-0.0243186950683594
1.46875,-0.0238418579101563
1.47541666666667,-0.02288818359375
1.48208333333333,-0.02288818359375
1.48875,-0.02288818359375
1.49541666666667,-0.0233650207519531
1.50208333333333,-0.02288818359375
1.50875,-0.0219345092773438
1.51541666666667,-0.0214576721191406
1.52208333333333,-0.0219345092773438
1.52875,-0.02288818359375
1.53541666666667,-0.0238418579101563
1.54208333333333,-0.0247955322265625
1.54875,-0.0257492065429688
1.55541666666667,-0.0252723693847656
1.56208333333333,-0.0224113464355469
1.56875,-0.0152587890625
1.57541666666667,0.0057220458984375
1.58208333333333,0.0615119934082031
1.58875,0.176429748535156
1.59541666666667,0.366687774658203
1.60208333333333,0.625133514404297
1.60875,0.917434692382813
1.61541666666667,1.19543075561523
1.62208333333333,1.41096115112305
1.62875,1.52778625488281
1.63541666666667,1.53160095214844
1.64208333333333,1.43575668334961
1.64875,1.27935409545898
1.65541666666667,1.10626220703125
1.66208333333333,0.948905944824219
1.66875,0.819683074951172
1.67541666666667,0.720024108886719
1.68208333333333,0.643253326416016
1.68875,0.584125518798828
1.69541666666667,0.538825988769531
1.70208333333333,0.504016876220703
1.70875,0.478267669677734
1.71541666666667,0.458717346191406
1.72208333333333,0.443458557128906
1.72875,0.431537628173828
1.73541666666667,0.421524047851563
1.74208333333333,0.412940979003906
1.74875,0.404834747314453
1.75541666666667,0.398159027099609
1.76208333333333,0.392436981201172
1.76875,0.38909912109375
1.77541666666667,0.387191772460938
1.78208333333333,0.385761260986328
1.78875,0.384807586669922
1.79541666666667,0.384330749511719
1.80208333333333,0.384330749511719
1.80875,0.384807586669922
1.81541666666667,0.386238098144531
1.82208333333333,0.387668609619141
1.82875,0.38909912109375
1.83541666666667,0.391006469726563
1.84208333333333,0.392436981201172
1.84875,0.394344329833984
1.85541666666667,0.396251678466797
1.86208333333333,0.397205352783203
1.86875,0.398159027099609
1.87541666666667,0.399589538574219
1.88208333333333,0.401973724365234
1.88875,0.406265258789063
1.89541666666667,0.4119873046875
1.90208333333333,0.421047210693359
1.90875,0.433921813964844
1.91541666666667,0.449180603027344
1.92208333333333,0.465869903564453
1.92875,0.481605529785156
1.93541666666667,0.496387481689453
1.94208333333333,0.509738922119141
1.94875,0.521659851074219
1.95541666666667,0.532150268554688
1.96208333333333,0.542163848876953
1.96875,0.553607940673828
1.97541666666667,0.566959381103516
1.98208333333333,0.581264495849609
1.98875,0.5950927734375
1.99541666666667,0.607013702392578
2.00208333333333,0.617027282714844
2.00875,0.624656677246094
2.01541666666667,0.629901885986328
2.02208333333333,0.63323974609375
2.02875,0.638008117675781
2.03541666666667,0.646114349365234
2.04208333333333,0.658035278320313
2.04875,0.676631927490234
2.05541666666667,0.703334808349609
2.06208333333333,0.74005126953125
2.06875,0.788211822509766
2.07541666666667,0.852584838867188
2.08208333333333,0.937938690185547
2.08875,1.04236602783203
2.09541666666667,1.15394592285156
2.10208333333333,1.25885009765625
2.10875,1.34992599487305
2.11541666666667,1.42192840576172
2.12208333333333,1.47056579589844
2.12875,1.495361328125
2.13541666666667,1.50346755981445
2.14208333333333,1.50632858276367
2.14875,1.5106201171875
2.15541666666667,1.51681900024414
2.16208333333333,1.52778625488281
2.16875,1.54829025268555
2.17541666666667,1.58262252807617
2.18208333333333,1.62935256958008
2.18875,1.68418884277344
2.19541666666667,1.7399787902832
2.20208333333333,1.78813934326172
2.20875,1.82247161865234
2.21541666666667,1.83916091918945
2.22208333333333,1.84106826782227
2.22875,1.83439254760742
2.23541666666667,1.82771682739258
2.24208333333333,1.82914733886719
2.24875,1.8458366394043
2.25541666666667,1.88398361206055
2.26208333333333,1.94740295410156
2.26875,2.03990936279297
2.27541666666667,2.16150283813477
2.28208333333333,2.31075286865234
2.28875,2.4871826171875
2.29541666666667,2.68983840942383
2.30208333333333,2.9144287109375
2.30875,3.15618515014648
2.31541666666667,3.41463088989258
2.32208333333333,3.69977951049805
2.32875,4.03022766113281
2.33541666666667,4.42981719970703
2.34208333333333,4.90999221801758
2.34875,5.44643402099609
2.35541666666667,5.97572326660156
2.36208333333333,6.40678405761719
2.36875,6.64615631103516
2.37541666666667,6.6380500793457
2.38208333333333,6.39724731445313
2.38875,6.01387023925781
2.39541666666667,5.61380386352539
2.40208333333333,5.31148910522461
2.40875,5.12552261352539
2.41541666666667,4.93621826171875
2.42208333333333,4.52661514282227
2.42875,3.72123718261719
2.43541666666667,2.55918502807617
2.44208333333333,1.26218795776367
2.44875,0.159263610839844
2.45541666666667,-0.514030456542969
2.46208333333333,-0.644207000732422
2.46875,-0.216007232666016
2.47541666666667,0.633716583251953
2.48208333333333,1.65510177612305
2.48875,2.54058837890625
2.49541666666667,3.13520431518555
2.50208333333333,3.49235534667969
2.50875,3.7379264831543
2.51541666666667,3.92341613769531
2.52208333333333,4.02641296386719
2.52875,4.04977798461914
2.53541666666667,4.03594970703125
2.54208333333333,3.97872924804688
2.54875,3.82423400878906
2.55541666666667,3.58247756958008
2.56208333333333,3.30972671508789
2.56875,3.03268432617188
2.57541666666667,2.74801254272461
2.58208333333333,2.47859954833984
2.58875,2.26163864135742
2.59541666666667,2.08044052124023
2.60208333333333,1.90353393554688
2.60875,1.7399787902832
2.61541666666667,1.62029266357422
2.62208333333333,1.55115127563477
2.62875,1.51824951171875
2.63541666666667,1.50775909423828
2.64208333333333,1.51348114013672
2.64875,1.53207778930664
2.65541666666667,1.56211853027344
2.66208333333333,1.60694122314453
2.66875,1.67131423950195
2.67541666666667,1.76429748535156
2.68208333333333,1.89924240112305
2.68875,2.09617614746094
2.69541666666667,2.37083435058594
2.70208333333333,2.71034240722656
2.70875,3.05795669555664
2.71541666666667,3.33881378173828
2.72208333333333,3.50236892700195
2.72875,3.52811813354492
2.73541666666667,3.4174919128418
2.74208333333333,3.19528579711914
2.74875,2.92015075683594
2.75541666666667,2.66027450561523
2.76208333333333,2.45141983032227
2.76875,2.29072570800781
2.77541666666667,2.15911865234375
2.78208333333333,2.0442008972168
2.78875,1.94215774536133
2.79541666666667,1.85108184814453
2.80208333333333,1.77431106567383
2.80875,1.71422958374023
2.81541666666667,1.67274475097656
2.82208333333333,1.64985656738281
2.82875,1.64222717285156
2.83541666666667,1.64699554443359
2.84208333333333,1.66177749633789
2.84875,1.68132781982422
2.85541666666667,1.70278549194336
2.86208333333333,1.7247200012207
2.86875,1.74713134765625
2.87541666666667,1.7695426940918
2.88208333333333,1.79147720336914
2.88875,1.81388854980469
2.89541666666667,1.83916091918945
2.90208333333333,1.86586380004883
2.90875,1.89447402954102
2.91541666666667,1.92451477050781
2.92208333333333,1.95598602294922
2.92875,1.98936462402344
2.93541666666667,2.02178955078125
2.94208333333333,2.05183029174805
2.94875,2.07901000976563
2.95541666666667,2.10428237915039
2.96208333333333,2.12669372558594
2.96875,2.14910507202148
2.97541666666667,2.17294692993164
2.98208333333333,2.20060348510742
2.98875,2.23493576049805
2.99541666666667,2.27832794189453
3.00208333333333,2.33221054077148
3.00875,2.3956298828125
3.01541666666667,2.46572494506836
3.02208333333333,2.53772735595703
3.02875,2.60448455810547
3.03541666666667,2.65836715698242
3.04208333333333,2.69317626953125
3.04875,2.71415710449219
3.05541666666667,2.73895263671875
3.06208333333333,2.80523300170898
3.06875,2.98118591308594
3.07541666666667,3.46994400024414
3.08208333333333,5.24330139160156
3.08875,10.6930732727051
3.09541666666667,22.742748260498
3.10208333333333,43.6825752258301
3.10875,74.9063491821289
3.11541666666667,116.406440734863
3.12208333333333,164.252281188965
3.12875,208.734512329102
3.13541666666667,238.183498382568
3.14208333333333,245.596885681152
3.14875,230.830192565918
3.15541666666667,198.493957519531
3.16208333333333,155.946731567383
3.16875,112.900733947754
3.17541666666667,78.9837837219238
3.18208333333333,58.9547157287598
3.18875,51.1288642883301
3.19541666666667,50.1351356506348
3.20208333333333,51.032543182373
3.20875,51.0625839233398
3.21541666666667,49.1929054260254
3.22208333333333,45.3977584838867
3.22875,40.2121543884277
3.23541666666667,34.400463104248
3.24208333333333,28.6846160888672
3.24875,23.566722869873
3.25541666666667,19.2842483520508
3.26208333333333,15.8591270446777
3.26875,13.1850242614746
3.27541666666667,11.1083984375
3.28208333333333,9.48238372802734
3.28875,8.19015502929688
3.29541666666667,7.14683532714844
3.30208333333333,6.29425048828125
3.30875,5.59139251708984
3.31541666666667,5.00679016113281
3.32208333333333,4.51755523681641
3.32875,4.10604476928711
3.33541666666667,3.75747680664063
3.34208333333333,3.46088409423828
3.34875,3.20577621459961
3.35541666666667,2.98309326171875
3.36208333333333,2.78854370117188
3.36875,2.61783599853516
3.37541666666667,2.46667861938477
3.38208333333333,2.33078002929688
3.38875,2.20632553100586
3.39541666666667,2.09331512451172
3.40208333333333,1.99031829833984
3.40875,1.89733505249023
3.41541666666667,1.81341171264648
3.42208333333333,1.73616409301758
3.42875,1.66559219360352
3.43541666666667,1.6016960144043
3.44208333333333,1.54399871826172
3.44875,1.49154663085938
3.45541666666667,1.44147872924805
3.46208333333333,1.39379501342773
3.46875,1.34849548339844
3.47541666666667,1.30701065063477
3.48208333333333,1.26791000366211
3.48875,1.23119354248047
3.49541666666667,1.19590759277344
3.50208333333333,1.16300582885742
3.50875,1.13201141357422
3.51541666666667,1.10197067260742
3.52208333333333,1.07288360595703
3.52875,1.04331970214844
3.53541666666667,1.01423263549805
3.54208333333333,0.985145568847656
3.54875,0.959396362304688
3.55541666666667,0.936508178710938
3.56208333333333,0.915050506591797
3.56875,0.895023345947266
3.57541666666667,0.878334045410156
3.58208333333333,0.865936279296875
3.58875,0.857353210449219
3.59541666666667,0.849723815917969
3.60208333333333,0.844001770019531
3.60875,0.840187072753906
3.61541666666667,0.837802886962891
3.62208333333333,0.836372375488281
3.62875,0.835418701171875
3.63541666666667,0.835418701171875
3.64208333333333,0.836849212646484
3.64875,0.840187072753906
3.65541666666667,0.845432281494141
3.66208333333333,0.852108001708984
3.66875,0.858783721923828
3.67541666666667,0.865936279296875
3.68208333333333,0.874519348144531
3.68875,0.884056091308594
3.69541666666667,0.894546508789063
3.70208333333333,0.904083251953125
3.70875,0.914096832275391
3.71541666666667,0.924110412597656
3.72208333333333,0.934600830078125
3.72875,0.944137573242188
3.73541666666667,0.952243804931641
3.74208333333333,0.959873199462891
3.74875,0.967502593994141
3.75541666666667,0.973701477050781
3.76208333333333,0.979423522949219
3.76875,0.98419189453125
3.77541666666667,0.989913940429688
3.78208333333333,0.996112823486328
3.78875,1.00278854370117
3.79541666666667,1.01089477539063
3.80208333333333,1.01947784423828
3.80875,1.02710723876953
3.81541666666667,1.03378295898438
3.82208333333333,1.03998184204102
3.82875,1.04475021362305
3.83541666666667,1.04856491088867
3.84208333333333,1.05190277099609
3.84875,1.05571746826172
3.85541666666667,1.06000900268555
3.86208333333333,1.06430053710938
3.86875,1.068115234375
3.87541666666667,1.07145309448242
3.88208333333333,1.07431411743164
3.88875,1.07622146606445
3.89541666666667,1.07812881469727
3.90208333333333,1.08051300048828
3.90875,1.0833740234375
3.91541666666667,1.08718872070313
3.92208333333333,1.09243392944336
3.92875,1.0981559753418
3.93541666666667,1.10387802124023
3.94208333333333,1.10864639282227
3.94875,1.1134147644043
3.95541666666667,1.11818313598633
3.96208333333333,1.12104415893555
3.96875,1.12199783325195
3.97541666666667,1.12247467041016
3.98208333333333,1.12342834472656
3.98875,1.12628936767578
3.99541666666667,1.1286735534668
4.00208333333333,1.13105773925781
4.00875,1.13439559936523
4.01541666666667,1.13821029663086
4.02208333333333,1.14154815673828
4.02875,1.1448860168457
4.03541666666667,1.14774703979492
4.04208333333333,1.15060806274414
4.04875,1.15346908569336
4.05541666666667,1.15585327148438
4.06208333333333,1.15680694580078
4.06875,1.15680694580078
4.07541666666667,1.15680694580078
4.08208333333333,1.15823745727539
4.08875,1.15966796875
4.09541666666667,1.16157531738281
4.10208333333333,1.16395950317383
4.10875,1.16729736328125
4.11541666666667,1.17158889770508
4.12208333333333,1.17683410644531
4.12875,1.18112564086914
4.13541666666667,1.18589401245117
4.14208333333333,1.1906623840332
4.14875,1.19543075561523
4.15541666666667,1.19972229003906
4.16208333333333,1.20353698730469
4.16875,1.20735168457031
4.17541666666667,1.21259689331055
4.18208333333333,1.21879577636719
4.18875,1.22547149658203
4.19541666666667,1.23119354248047
4.20208333333333,1.2359619140625
4.20875,1.24073028564453
4.21541666666667,1.24549865722656
4.22208333333333,1.24931335449219
4.22875,1.25312805175781
4.23541666666667,1.25741958618164
4.24208333333333,1.26218795776367
4.24875,1.2664794921875
4.25541666666667,1.27029418945313
4.26208333333333,1.27410888671875
4.26875,1.27792358398438
4.27541666666667,1.2822151184082
4.28208333333333,1.28650665283203
4.28875,1.29079818725586
4.29541666666667,1.29604339599609
4.30208333333333,1.30224227905273
4.30875,1.30844116210938
4.31541666666667,1.31416320800781
4.32208333333333,1.31940841674805
4.32875,1.32513046264648
4.33541666666667,1.32989883422852
4.34208333333333,1.33419036865234
4.34875,1.33800506591797
4.35541666666667,1.34181976318359
4.36208333333333,1.34563446044922
4.36875,1.35040283203125
4.37541666666667,1.35612487792969
4.38208333333333,1.36280059814453
4.38875,1.36899948120117
4.39541666666667,1.37662887573242
4.40208333333333,1.38473510742188
4.40875,1.39379501342773
4.41541666666667,1.40237808227539
4.42208333333333,1.41143798828125
4.42875,1.42192840576172
4.43541666666667,1.43337249755859
4.44208333333333,1.44672393798828
4.44875,1.46102905273438
4.45541666666667,1.47581100463867
4.46208333333333,1.49202346801758
4.46875,1.5106201171875
4.47541666666667,1.53160095214844
4.48208333333333,1.55448913574219
4.48875,1.57928466796875
4.49541666666667,1.60551071166992
4.50208333333333,1.63364410400391
4.50875,1.6632080078125
4.51541666666667,1.6942024230957
4.52208333333333,1.72710418701172
4.52875,1.76334381103516
4.53541666666667,1.80244445800781
4.54208333333333,1.84440612792969
4.54875,1.88732147216797
4.55541666666667,1.93166732788086
4.56208333333333,1.97553634643555
4.56875,2.01892852783203
4.57541666666667,2.06136703491211
4.58208333333333,2.10332870483398
4.58875,2.14624404907227
4.59541666666667,2.18820571899414
4.60208333333333,2.23064422607422
4.60875,2.27212905883789
4.61541666666667,2.31218338012695
4.62208333333333,2.3493766784668
4.62875,2.38275527954102
4.63541666666667,2.4113655090332
4.64208333333333,2.43520736694336
4.64875,2.45523452758789
4.65541666666667,2.4714469909668
4.66208333333333,2.48527526855469
4.66875,2.49671936035156
4.67541666666667,2.50577926635742
4.68208333333333,2.51245498657227
4.68875,2.51674652099609
4.69541666666667,2.51865386962891
4.70208333333333,2.5181770324707
4.70875,2.51579284667969
4.71541666666667,2.51197814941406
4.72208333333333,2.50816345214844
4.72875,2.50577926635742
4.73541666666667,2.50482559204102
4.74208333333333,2.50577926635742
4.74875,2.50816345214844
4.75541666666667,2.51197814941406
4.76208333333333,2.5172233581543
4.76875,2.52389907836914
4.77541666666667,2.5324821472168
4.78208333333333,2.54297256469727
4.78875,2.55680084228516
4.79541666666667,2.57349014282227
4.80208333333333,2.5935173034668
4.80875,2.61783599853516
4.81541666666667,2.64596939086914
4.82208333333333,2.67839431762695
4.82875,2.71463394165039
4.83541666666667,2.75611877441406
4.84208333333333,2.80237197875977
4.84875,2.8533935546875
4.85541666666667,2.90727615356445
4.86208333333333,2.96401977539063
4.86875,3.02314758300781
4.87541666666667,3.08609008789063
4.88208333333333,3.15237045288086
4.88875,3.22151184082031
4.89541666666667,3.29256057739258
4.90208333333333,3.36647033691406
4.90875,3.44276428222656
4.91541666666667,3.52191925048828
4.92208333333333,3.60345840454102
4.92875,3.68785858154297
4.93541666666667,3.77559661865234
4.94208333333333,3.86714935302734
4.94875,3.96203994750977
4.95541666666667,4.0593147277832
4.96208333333333,4.15945053100586
4.96875,4.26292419433594
4.97541666666667,4.36925888061523
4.98208333333333,4.47988510131836
4.98875,4.59527969360352
4.99541666666667,4.71591949462891
5.00208333333333,4.84275817871094
5.00875,4.9748420715332
5.01541666666667,5.11312484741211
5.02208333333333,5.25903701782227
5.02875,5.41353225708008
5.03541666666667,5.57804107666016
5.04208333333333,5.75351715087891
5.04875,5.94139099121094
5.05541666666667,6.14261627197266
5.06208333333333,6.35862350463867
5.06875,6.5922737121582
5.07541666666667,6.84547424316406
5.08208333333333,7.12060928344727
5.08875,7.42053985595703
5.09541666666667,7.74955749511719
5.10208333333333,8.10956954956055
5.10875,8.50248336791992
5.11541666666667,8.93115997314453
5.12208333333333,9.39750671386719
5.12875,9.90629196166992
5.13541666666667,10.4589462280273
5.14208333333333,11.0578536987305
5.14875,11.7058753967285
5.15541666666667,12.4053955078125
5.16208333333333,13.1583213806152
5.16875,13.9670372009277
5.17541666666667,14.8305892944336
5.18208333333333,15.7499313354492
5.18875,16.7241096496582
5.19541666666667,17.7531242370605
5.20208333333333,18.8336372375488
5.20875,19.9637413024902
5.21541666666667,21.141529083252
5.22208333333333,22.3631858825684
5.22875,23.6220359802246
5.23541666666667,24.9123573303223
5.24208333333333,26.2265205383301
5.24875,27.5564193725586
5.25541666666667,28.8934707641602
5.26208333333333,30.2290916442871
5.26875,31.5537452697754
5.27541666666667,32.8569412231445
5.28208333333333,34.1272354125977
5.28875,35.3527069091797
5.29541666666667,36.5219116210938
5.30208333333333,37.6238822937012
5.30875,38.6476516723633
5.31541666666667,39.5827293395996
5.32208333333333,40.4186248779297
5.32875,41.144847869873
5.33541666666667,41.752815246582
5.34208333333333,42.2353744506836
5.34875,42.5863265991211
5.35541666666667,42.8009033203125
5.36208333333333,42.8776741027832
5.36875,42.816162109375
5.37541666666667,42.6158905029297
5.38208333333333,42.2773361206055
5.38875,41.8047904968262
5.39541666666667,41.2039756774902
5.40208333333333,40.4810905456543
5.40875,39.6437644958496
5.41541666666667,38.7020111083984
5.42208333333333,37.665843963623
5.42875,36.5462303161621
5.43541666666667,35.3541374206543
5.44208333333333,34.1019630432129
5.44875,32.8011512756348
5.45541666666667,31.463623046875
5.46208333333333,30.1012992858887
5.46875,28.7270545959473
5.47541666666667,27.350902557373
5.48208333333333,25.9819030761719
5.48875,24.630069732666
5.49541666666667,23.3054161071777
5.50208333333333,22.0150947570801
5.50875,20.7648277282715
5.51541666666667,19.5603370666504
5.52208333333333,18.406867980957
5.52875,17.3077583312988
5.53541666666667,16.2668228149414
5.54208333333333,15.2854919433594
5.54875,14.3651962280273
5.55541666666667,13.5064125061035
5.56208333333333,12.7096176147461
5.56875,11.9733810424805
5.57541666666667,11.296272277832
5.58208333333333,10.6773376464844
5.58875,10.1151466369629
5.59541666666667,9.60779190063477
5.60208333333333,9.15336608886719
5.60875,8.75043869018555
5.61541666666667,8.39471817016602
5.62208333333333,8.08286666870117
5.62875,7.8125
5.63541666666667,7.58171081542969
5.64208333333333,7.38954544067383
5.64875,7.23648071289063
5.65541666666667,7.12490081787109
5.66208333333333,7.05575942993164
5.66875,7.03191757202148
5.67541666666667,7.05528259277344
5.68208333333333,7.13109970092773
5.68875,7.26461410522461
5.69541666666667,7.46297836303711
5.70208333333333,7.73429870605469
5.70875,8.08906555175781
5.71541666666667,8.53776931762695
5.72208333333333,9.09233093261719
5.72875,9.76324081420898
5.73541666666667,10.5648040771484
5.74208333333333,11.5108489990234
5.74875,12.6147270202637
5.75541666666667,13.8893127441406
5.76208333333333,15.345573425293
5.76875,16.9930458068848
5.77541666666667,18.8388824462891
5.78208333333333,20.8888053894043
5.78875,23.1451988220215
5.79541666666667,25.6075859069824
5.80208333333333,28.2716751098633
5.80875,31.1298370361328
5.81541666666667,34.1682434082031
5.82208333333333,37.3687744140625
5.82875,40.7094955444336
5.83541666666667,44.1617965698242
5.84208333333333,47.6922988891602
5.84875,51.2642860412598
5.85541666666667,54.8386573791504
5.86208333333333,58.3705902099609
5.86875,61.8133544921875
5.87541666666667,65.1192665100098
5.88208333333333,68.242073059082
5.88875,71.1355209350586
5.89541666666667,73.7552642822266
5.90208333333333,76.0622024536133
5.90875,78.0205726623535
5.91541666666667,79.6017646789551
5.92208333333333,80.7833671569824
5.92875,81.5515518188477
5.93541666666667,81.8991661071777
5.94208333333333,81.8281173706055
5.94875,81.3479423522949
5.95541666666667,80.4762840270996
5.96208333333333,79.2365074157715
5.96875,77.6586532592773
5.97541666666667,75.7789611816406
5.98208333333333,73.6379623413086
5.98875,71.2790489196777
5.99541666666667,68.7456130981445
6.00208333333333,66.0843849182129
6.00875,63.3406639099121
6.01541666666667,60.5559349060059
6.02208333333333,57.7692985534668
6.02875,55.0146102905273
6.03541666666667,52.3223876953125
6.04208333333333,49.717903137207
6.04875,47.2211837768555
6.05541666666667,44.8465347290039
6.06208333333333,42.6044464111328
6.06875,40.4996871948242
6.07541666666667,38.5360717773438
6.08208333333333,36.710262298584
6.08875,35.0174903869629
6.09541666666667,33.4515571594238
6.10208333333333,32.0053100585938
6.10875,30.670166015625
6.11541666666667,29.4384956359863
6.12208333333333,28.3041000366211
6.12875,27.2579193115234
6.13541666666667,26.2899398803711
6.14208333333333,25.3887176513672
6.14875,24.5428085327148
6.15541666666667,23.7369537353516
6.16208333333333,22.9544639587402
6.16875,22.1781730651855
6.17541666666667,21.3947296142578
6.18208333333333,20.5912590026855
6.18875,19.7577476501465
6.19541666666667,18.8889503479004
6.20208333333333,17.9862976074219
6.20875,17.0564651489258
6.21541666666667,16.1099433898926
6.22208333333333,15.1605606079102
6.22875,14.2245292663574
6.23541666666667,13.3190155029297
6.24208333333333,12.4592781066895
6.24875,11.6581916809082
6.25541666666667,10.9238624572754
6.26208333333333,10.2624893188477
6.26875,9.67931747436523
6.27541666666667,9.17434692382813
6.28208333333333,8.74710083007813
6.28875,8.39567184448242
6.29541666666667,8.12005996704102
6.30208333333333,7.91835784912109
6.30875,7.78913497924805
6.31541666666667,7.73048400878906
6.32208333333333,7.74431228637695
6.32875,7.83491134643555
6.33541666666667,8.00800323486328
6.34208333333333,8.27169418334961
6.34875,8.63885879516602
6.35541666666667,9.12570953369141
6.36208333333333,9.75131988525391
6.36875,10.5376243591309
6.37541666666667,11.512279510498
6.38208333333333,12.7043724060059
6.38875,14.1444206237793
6.39541666666667,15.8662796020508
6.40208333333333,17.9028511047363
6.40875,20.2875137329102
6.41541666666667,23.0512619018555
6.42208333333333,26.2184143066406
6.42875,29.8051834106445
6.43541666666667,33.8187217712402
6.44208333333333,38.2542610168457
6.44875,43.0908203125
6.45541666666667,48.2888221740723
6.46208333333333,53.7905693054199
6.46875,59.5207214355469
6.47541666666667,65.3882026672363
6.48208333333333,71.2857246398926
6.48875,77.0931243896484
6.49541666666667,82.6807022094727
6.50208333333333,87.9197120666504
6.50875,92.6837921142578
6.51541666666667,96.8561172485352
6.52208333333333,100.332260131836
6.52875,103.027820587158
6.53541666666667,104.88224029541
6.54208333333333,105.861663818359
6.54875,105.957984924316
6.55541666666667,105.187892913818
6.56208333333333,103.592395782471
6.56875,101.234436035156
6.57541666666667,98.1960296630859
6.58208333333333,94.5706367492676
6.58875,90.456485748291
6.59541666666667,85.9594345092773
6.60208333333333,81.183910369873
6.60875,76.2314796447754
6.61541666666667,71.1932182312012
6.62208333333333,66.1520957946777
6.62875,61.1824989318848
6.63541666666667,56.3478469848633
6.64208333333333,51.7001152038574
6.64875,47.2793579101563
6.65541666666667,43.1160926818848
6.66208333333333,39.2332077026367
6.66875,35.6440544128418
6.67541666666667,32.3543548583984
6.68208333333333,29.362678527832
6.68875,26.6628265380859
6.69541666666667,24.2428779602051
6.70208333333333,22.0894813537598
6.70875,20.1873779296875
6.71541666666667,18.519401550293
6.72208333333333,17.0683860778809
6.72875,15.8162117004395
6.73541666666667,14.7480964660645
6.74208333333333,13.8497352600098
6.74875,13.1082534790039
6.75541666666667,12.51220703125
6.76208333333333,12.0534896850586
6.76875,11.725902557373
6.77541666666667,11.5261077880859
6.78208333333333,11.4517211914063
6.78875,11.5013122558594
6.79541666666667,11.6753578186035
6.80208333333333,11.9733810424805
6.80875,12.3944282531738
6.81541666666667,12.9365921020508
6.82208333333333,13.5965347290039
6.82875,14.3671035766602
6.83541666666667,15.2397155761719
6.84208333333333,16.2029266357422
6.84875,17.2429084777832
6.85541666666667,18.3444023132324
6.86208333333333,19.4916725158691
6.86875,20.6680297851563
6.87541666666667,21.857738494873
6.88208333333333,23.0464935302734
6.88875,24.2228507995605
6.89541666666667,25.3767967224121
6.90208333333333,26.5011787414551
6.90875,27.5888442993164
6.91541666666667,28.6374092102051
6.92208333333333,29.6435356140137
6.92875,30.6034088134766
6.93541666666667,31.5127372741699
6.94208333333333,32.3657989501953
6.94875,33.1549644470215
6.95541666666667,33.8726043701172
6.96208333333333,34.5072746276855
6.96875,35.0484848022461
6.97541666666667,35.4857444763184
6.98208333333333,35.8099937438965
6.98875,36.013126373291
6.99541666666667,36.0898971557617
7.00208333333333,36.0360145568848
7.00875,35.853385925293
7.01541666666667,35.5420112609863
7.02208333333333,35.1042747497559
7.02875,34.5430374145508
7.03541666666667,33.8625907897949
7.04208333333333,33.0672264099121
7.04875,32.160758972168
7.05541666666667,31.1508178710938
7.06208333333333,30.0464630126953
7.06875,28.8586616516113
7.07541666666667,27.5998115539551
7.08208333333333,26.2846946716309
7.08875,24.9314308166504
7.09541666666667,23.5567092895508
7.10208333333333,22.1776962280273
7.10875,20.8120346069336
7.11541666666667,19.4764137268066
7.12208333333333,18.1865692138672
7.12875,16.9548988342285
7.13541666666667,15.7918930053711
7.14208333333333,14.7075653076172
7.14875,13.7090682983398
7.15541666666667,12.8006935119629
7.16208333333333,11.9838714599609
7.16875,11.2576484680176
7.17541666666667,10.6215476989746
7.18208333333333,10.073184967041
7.18875,9.61017608642578
7.19541666666667,9.22918319702148
7.20208333333333,8.92782211303711
7.20875,8.70227813720703
7.21541666666667,8.55016708374023
7.22208333333333,8.46624374389648
7.22875,8.44526290893555
7.23541666666667,8.47911834716797
7.24208333333333,8.5601806640625
7.24875,8.67843627929688
7.25541666666667,8.82387161254883
7.26208333333333,8.98361206054688
7.26875,9.14382934570313
7.27541666666667,9.2926025390625
7.28208333333333,9.41658020019531
7.28875,9.50527191162109
7.29541666666667,9.54866409301758
7.30208333333333,9.54103469848633
7.30875,9.47904586791992
7.31541666666667,9.36222076416016
7.32208333333333,9.19342041015625
7.32875,8.97836685180664
7.33541666666667,8.72468948364258
7.34208333333333,8.44001770019531
7.34875,8.13484191894531
7.35541666666667,7.81869888305664
7.36208333333333,7.50207901000977
7.36875,7.19356536865234
7.37541666666667,6.90269470214844
7.38208333333333,6.6375732421875
7.38875,6.40678405761719
7.39541666666667,6.21843338012695
7.40208333333333,6.07967376708984
7.40875,5.9967041015625
7.41541666666667,5.97810745239258
7.42208333333333,6.03055953979492
7.42875,6.15978240966797
7.43541666666667,6.37006759643555
7.44208333333333,6.66236877441406
7.44875,7.03716278076172
7.45541666666667,7.48968124389648
7.46208333333333,8.00943374633789
7.46875,8.57973098754883
7.47541666666667,9.18340682983398
7.48208333333333,9.79709625244141
7.48875,10.3950500488281
7.49541666666667,10.9505653381348
7.50208333333333,11.439323425293
7.50875,11.8403434753418
7.51541666666667,12.1393203735352
7.52208333333333,12.3281478881836
7.52875,12.4082565307617
7.53541666666667,12.3896598815918
7.54208333333333,12.291431427002
7.54875,12.138843536377
7.55541666666667,11.9614601135254
7.56208333333333,11.7936134338379
7.56875,11.6696357727051
7.57541666666667,11.624813079834
7.58208333333333,11.693000793457
7.58875,11.906623840332
7.59541666666667,12.2966766357422
7.60208333333333,12.8927230834961
7.60875,13.7238502502441
7.61541666666667,14.8177146911621
7.62208333333333,16.1991119384766
7.62875,17.8923606872559
7.63541666666667,19.9174880981445
7.64208333333333,22.2873687744141
7.64875,25.0043869018555
7.65541666666667,28.0590057373047
7.66208333333333,31.4264297485352
7.66875,35.0589752197266
7.67541666666667,38.8870239257813
7.68208333333333,42.8147315979004
7.68875,46.7262268066406
7.69541666666667,50.4875183105469
7.70208333333333,53.955078125
7.70875,56.9849014282227
7.71541666666667,59.4449043273926
7.72208333333333,61.2268447875977
7.72875,62.253475189209
7.73541666666667,62.4833106994629
7.74208333333333,61.9139671325684
7.74875,60.5831146240234
7.75541666666667,58.5613250732422
7.76208333333333,55.943489074707
7.76875,52.8421401977539
7.77541666666667,49.3817329406738
7.78208333333333,45.6910133361816
7.78875,41.8906211853027
7.79541666666667,38.0926132202148
7.80208333333333,34.398078918457
7.80875,30.8918952941895
7.81541666666667,27.6412963867188
7.82208333333333,24.6953964233398
7.82875,22.0861434936523
7.83541666666667,19.8326110839844
7.84208333333333,17.939567565918
7.84875,16.4022445678711
7.85541666666667,15.2058601379395
7.86208333333333,14.3313407897949
7.86875,13.7572288513184
7.87541666666667,13.4587287902832
7.88208333333333,13.4119987487793
7.88875,13.5922431945801
7.89541666666667,13.9741897583008
7.90208333333333,14.5320892333984
7.90875,15.2387619018555
7.91541666666667,16.0641670227051
7.92208333333333,16.9744491577148
7.92875,17.9300308227539
7.93541666666667,18.8918113708496
7.94208333333333,19.8183059692383
7.94875,20.667552947998
7.95541666666667,21.4004516601563
7.96208333333333,21.9841003417969
7.96875,22.3922729492188
7.97541666666667,22.6073265075684
7.98208333333333,22.620677947998
7.98875,22.4347114562988
7.99541666666667,22.0632553100586
8.00208333333333,21.5287208557129
8.00875,20.8621025085449
8.01541666666667,20.0977325439453
8.02208333333333,19.2747116088867
8.02875,18.4311866760254
8.03541666666667,17.6033973693848
8.04208333333333,16.8228149414063
8.04875,16.1151885986328
8.05541666666667,15.5010223388672
8.06208333333333,14.9908065795898
8.06875,14.5888328552246
8.07541666666667,14.2922401428223
8.08208333333333,14.0929222106934
8.08875,13.9765739440918
8.09541666666667,13.9255523681641
8.10208333333333,13.920783996582
8.10875,13.9431953430176
8.11541666666667,13.9727592468262
8.12208333333333,13.9918327331543
8.12875,13.9861106872559
8.13541666666667,13.9460563659668
8.14208333333333,13.8649940490723
8.14875,13.7405395507813
8.15541666666667,13.5750770568848
8.16208333333333,13.3719444274902
8.16875,13.1378173828125
8.17541666666667,12.8812789916992
8.18208333333333,12.6094818115234
8.18875,12.3310089111328
8.19541666666667,12.052059173584
8.20208333333333,11.77978515625
8.20875,11.5184783935547
8.21541666666667,11.2700462341309
8.22208333333333,11.0368728637695
8.22875,10.8199119567871
8.23541666666667,10.6196403503418
8.24208333333333,10.4331970214844
8.24875,10.2601051330566
8.25541666666667,10.0979804992676
8.26208333333333,9.94396209716797
8.26875,9.796142578125
8.27541666666667,9.65309143066406
8.28208333333333,9.51623916625977
8.28875,9.38558578491211
8.29541666666667,9.2620849609375
8.30208333333333,9.14669036865234
8.30875,9.04226303100586
8.31541666666667,8.94975662231445
8.32208333333333,8.87012481689453
8.32875,8.80241394042969
8.33541666666667,8.74567031860352
8.34208333333333,8.69655609130859
8.34875,8.6517333984375
8.35541666666667,8.60500335693359
8.36208333333333,8.55112075805664
8.36875,8.48579406738281
8.37541666666667,8.40568542480469
8.38208333333333,8.31174850463867
8.38875,8.20493698120117
8.39541666666667,8.09097290039063
8.40208333333333,7.97891616821289
8.40875,7.87925720214844
8.41541666666667,7.80630111694336
8.42208333333333,7.77292251586914
8.42875,7.79533386230469
8.43541666666667,7.88688659667969
8.44208333333333,8.06379318237305
8.44875,8.33892822265625
8.45541666666667,8.72802734375
8.46208333333333,9.24777984619141
8.46875,9.92107391357422
8.47541666666667,10.7812881469727
8.48208333333333,11.8823051452637
8.48875,13.3199691772461
8.49541666666667,15.2735710144043
8.50208333333333,18.0845260620117
8.50875,22.3760604858398
8.51541666666667,29.172420501709
8.52208333333333,39.9775505065918
8.52875,56.8161010742188
8.53541666666667,82.2434425354004
8.54208333333333,119.225025177002
8.54875,170.632362365723
8.55541666666667,238.159656524658
8.56208333333333,320.802211761475
8.56875,413.865566253662
8.57541666666667,509.584903717041
8.58208333333333,599.145412445068
8.58875,674.841403961182
8.59541666666667,731.482028961182
8.60208333333333,767.324447631836
8.60875,784.391403198242
8.61541666666667,787.441253662109
8.62208333333333,781.817436218262
8.62875,771.607398986816
8.63541666666667,759.171009063721
8.64208333333333,745.642185211182
8.64875,731.530666351318
8.65541666666667,717.073440551758
8.66208333333333,702.396869659424
8.66875,687.583923339844
8.67541666666667,672.698020935059
8.68208333333333,657.78923034668
8.68875,642.890453338623
8.69541666666667,628.023147583008
8.70208333333333,613.197326660156
8.70875,598.421096801758
8.71541666666667,583.696365356445
8.72208333333333,569.019317626953
8.72875,554.378509521484
8.73541666666667,539.761543273926
8.74208333333333,525.164604187012
8.74875,510.589122772217
8.75541666666667,496.037483215332
8.76208333333333,481.510162353516
8.76875,467.008590698242
8.77541666666667,452.539920806885
8.78208333333333,438.116073608398
8.78875,423.749446868896
8.79541666666667,409.451007843018
8.80208333333333,395.22647857666
8.80875,381.083488464355
8.81541666666667,367.031574249268
8.82208333333333,353.080749511719
8.82875,339.234828948975
8.83541666666667,325.492858886719
8.84208333333333,311.858654022217
8.84875,298.341751098633
8.85541666666667,284.95454788208
8.86208333333333,271.707057952881
8.86875,258.607387542725
8.87541666666667,245.667457580566
8.88208333333333,232.906341552734
8.88875,220.345020294189
8.89541666666667,208.00256729126
8.90208333333333,195.898532867432
8.90875,184.053421020508
8.91541666666667,172.491550445557
8.92208333333333,161.238670349121
8.92875,150.320529937744
8.93541666666667,139.759540557861
8.94208333333333,129.577159881592
8.94875,119.796752929688
8.95541666666667,110.442161560059
8.96208333333333,101.535320281982
8.96875,93.0948257446289
8.97541666666667,85.1349830627441
8.98208333333333,77.6691436767578
8.98875,70.706844329834
8.99541666666667,64.2547607421875
9.00208333333333,58.3148002624512
9.00875,52.8817176818848
9.01541666666667,47.9469299316406
9.02208333333333,43.4999465942383
9.02875,39.5264625549316
9.03541666666667,36.008358001709
9.04208333333333,32.9217910766602
9.04875,30.2443504333496
9.05541666666667,27.9560089111328
9.06208333333333,26.0376930236816
9.06875,24.4688987731934
9.07541666666667,23.2315063476563
9.08208333333333,22.313117980957
9.08875,21.7037200927734
9.09541666666667,21.3947296142578
9.10208333333333,21.3794708251953
9.10875,21.6512680053711
9.11541666666667,22.2029685974121
9.12208333333333,23.0212211608887
9.12875,24.085521697998
9.13541666666667,25.364875793457
9.14208333333333,26.8187522888184
9.14875,28.3951759338379
9.15541666666667,30.0326347351074
9.16208333333333,31.6600799560547
9.16875,33.2040786743164
9.17541666666667,34.5911979675293
9.18208333333333,35.7503890991211
9.18875,36.6196632385254
9.19541666666667,37.1494293212891
9.20208333333333,37.3091697692871
9.20875,37.0874404907227
9.21541666666667,36.4933013916016
9.22208333333333,35.5539321899414
9.22875,34.3132019042969
9.23541666666667,32.8273773193359
9.24208333333333,31.1603546142578
9.24875,29.3765068054199
9.25541666666667,27.5397300720215
9.26208333333333,25.7072448730469
9.26875,23.9295959472656
9.27541666666667,22.247314453125
9.28208333333333,20.688533782959
9.28875,19.2713737487793
9.29541666666667,18.0039405822754
9.30208333333333,16.8862342834473
9.30875,15.9120559692383
9.31541666666667,15.0699615478516
9.32208333333333,14.3442153930664
9.32875,13.7186050415039
9.33541666666667,13.1769180297852
9.34208333333333,12.7038955688477
9.34875,12.2866630554199
9.35541666666667,11.9113922119141
9.36208333333333,11.568546295166
9.36875,11.2504959106445
9.37541666666667,10.951042175293
9.38208333333333,10.6644630432129
9.38875,10.3878974914551
9.39541666666667,10.1180076599121
9.40208333333333,9.85288619995117
9.40875,9.59110260009766
9.41541666666667,9.33122634887695
9.42208333333333,9.07087326049805
9.42875,8.80956649780273
9.43541666666667,8.54825973510742
9.44208333333333,8.28933715820313
9.44875,8.03518295288086
9.45541666666667,7.78961181640625
9.46208333333333,7.55548477172852
9.46875,7.33661651611328
9.47541666666667,7.13491439819336
9.48208333333333,6.95276260375977
9.48875,6.79206848144531
9.49541666666667,6.65426254272461
9.50208333333333,6.53934478759766
9.50875,6.44731521606445
9.51541666666667,6.37722015380859
9.52208333333333,6.32762908935547
9.52875,6.29615783691406
9.53541666666667,6.28089904785156
9.54208333333333,6.27946853637695
9.54875,6.29281997680664
9.55541666666667,6.32047653198242
9.56208333333333,6.3629150390625
9.56875,6.41870498657227
9.57541666666667,6.48927688598633
9.58208333333334,6.57510757446289
9.58875,6.67381286621094
9.59541666666667,6.78348541259766
9.60208333333333,6.90174102783203
9.60875,7.02714920043945
9.61541666666667,7.15541839599609
9.62208333333333,7.28321075439453
9.62875,7.40671157836914
9.63541666666667,7.5221061706543
9.64208333333333,7.62701034545898
9.64875,7.71999359130859
9.65541666666667,7.80010223388672
9.66208333333333,7.86685943603516
9.66875,7.92074203491211
9.67541666666667,7.96413421630859
9.68208333333333,8.00037384033203
9.68875,8.03279876708984
9.69541666666667,8.06379318237305
9.70208333333333,8.09764862060547
9.70875,8.13722610473633
9.71541666666667,8.18490982055664
9.72208333333333,8.24260711669922
9.72875,8.31079483032227
9.73541666666667,8.39138031005859
9.74208333333333,8.48627090454102
9.74875,8.59832763671875
9.75541666666667,8.73088836669922
9.76208333333333,8.88776779174805
9.76875,9.07278060913086
9.77541666666667,9.28831100463867
9.78208333333333,9.53578948974609
9.78875,9.81521606445313
9.79541666666667,10.124683380127
9.80208333333333,10.4584693908691
9.80875,10.8075141906738
9.81541666666667,11.1598968505859
9.82208333333333,11.502742767334
9.82875,11.8198394775391
9.83541666666667,12.0944976806641
9.84208333333333,12.3119354248047
9.84875,12.4592781066895
9.85541666666667,12.5265121459961
9.86208333333333,12.509822845459
9.86875,12.4082565307617
9.87541666666667,12.2275352478027
9.88208333333333,11.9762420654297
9.88875,11.6691589355469
9.89541666666667,11.3234519958496
9.90208333333333,10.9567642211914
9.90875,10.5891227722168
9.91541666666667,10.2372169494629
9.92208333333333,9.9186897277832
9.92875,9.64498519897461
9.93541666666667,9.42230224609375
9.94208333333333,9.25397872924805
9.94875,9.1400146484375
9.95541666666667,9.07516479492188
9.96208333333333,9.05036926269531
9.96875,9.05323028564453
9.97541666666667,9.07182693481445
9.98208333333333,9.09090042114258
9.98875,9.09709930419922
9.99541666666667,9.0789794921875
10.0020833333333,9.02843475341797
10.00875,8.93926620483398
10.0154166666667,8.80956649780273
10.0220833333333,8.63885879516602
10.02875,8.43000411987305
10.0354166666667,8.18777084350586
10.0420833333333,7.91788101196289
10.04875,7.63082504272461
10.0554166666667,7.33470916748047
10.0620833333333,7.03907012939453
10.06875,6.75058364868164
10.0754166666667,6.47735595703125
10.0820833333333,6.22367858886719
10.08875,5.99241256713867
10.0954166666667,5.78641891479492
10.1020833333333,5.60760498046875
10.10875,5.45644760131836
10.1154166666667,5.33151626586914
10.1220833333333,5.23138046264648
10.12875,5.15460968017578
10.1354166666667,5.09881973266602
10.1420833333333,5.06210327148438
10.14875,5.04302978515625
10.1554166666667,5.03969192504883
10.1620833333333,5.05208969116211
10.16875,5.07926940917969
10.1754166666667,5.12075424194336
10.1820833333333,5.17511367797852
10.18875,5.24234771728516
10.1954166666667,5.32007217407227
10.2020833333333,5.40685653686523
10.20875,5.50174713134766
10.2154166666667,5.60140609741211
10.2220833333333,5.70249557495117
10.22875,5.80167770385742
10.2354166666667,5.89466094970703
10.2420833333333,5.97858428955078
10.24875,6.04915618896484
10.2554166666667,6.1030387878418
10.2620833333333,6.13689422607422
10.26875,6.15024566650391
10.2754166666667,6.14404678344727
10.2820833333333,6.1182975769043
10.28875,6.07490539550781
10.2954166666667,6.01482391357422
10.3020833333333,5.94329833984375
10.30875,5.86223602294922
10.3154166666667,5.77497482299805
10.3220833333333,5.68580627441406
10.32875,5.5994987487793
10.3354166666667,5.51939010620117
10.3420833333333,5.44929504394531
10.34875,5.39207458496094
10.3554166666667,5.35202026367188
10.3620833333333,5.33056259155273
10.36875,5.32770156860352
10.3754166666667,5.34391403198242
10.3820833333333,5.38206100463867
10.38875,5.43975830078125
10.3954166666667,5.51509857177734
10.4020833333333,5.60569763183594
10.40875,5.71060180664063
10.4154166666667,5.8283805847168
10.4220833333333,5.95474243164063
10.42875,6.08587265014648
10.4354166666667,6.22034072875977
10.4420833333333,6.35528564453125
10.44875,6.48689270019531
10.4554166666667,6.61230087280273
10.4620833333333,6.7296028137207
10.46875,6.83689117431641
10.4754166666667,6.93321228027344
10.4820833333333,7.01761245727539
10.48875,7.09152221679688
10.4954166666667,7.15732574462891
10.5020833333333,7.21931457519531
10.50875,7.28273391723633
10.5154166666667,7.35282897949219
10.5220833333333,7.43579864501953
10.52875,7.5373649597168
10.5354166666667,7.66468048095703
10.5420833333333,7.82489776611328
10.54875,8.02469253540039
10.5554166666667,8.2697868347168
10.5620833333333,8.56494903564453
10.56875,8.91351699829102
10.5754166666667,9.31406021118164
10.5820833333333,9.76371765136719
10.58875,10.2558135986328
10.5954166666667,10.779857635498
10.6020833333333,11.3248825073242
10.60875,11.8780136108398
10.6154166666667,12.425422668457
10.6220833333333,12.9513740539551
10.62875,13.4410858154297
10.6354166666667,13.8835906982422
10.6420833333333,14.2679214477539
10.64875,14.58740234375
10.6554166666667,14.8367881774902
10.6620833333333,15.0146484375
10.66875,15.1252746582031
10.6754166666667,15.1715278625488
10.6820833333333,15.1596069335938
10.68875,15.0966644287109
10.6954166666667,14.9903297424316
10.7020833333333,14.8468017578125
10.70875,14.6708488464355
10.7154166666667,14.467716217041
10.7220833333333,14.2402648925781
10.72875,13.9894485473633
10.7354166666667,13.7152671813965
10.7420833333333,13.4172439575195
10.74875,13.0949020385742
10.7554166666667,12.7482414245605
10.7620833333333,12.3767852783203
10.76875,11.9843482971191
10.7754166666667,11.5737915039063
10.7820833333333,11.1513137817383
10.78875,10.7221603393555
10.7954166666667,10.2939605712891
10.8020833333333,9.8729133605957
10.80875,9.46569442749023
10.8154166666667,9.07659530639648
10.8220833333333,8.70943069458008
10.82875,8.36801528930664
10.8354166666667,8.05330276489258
10.8420833333333,7.7662467956543
10.84875,7.50541687011719
10.8554166666667,7.26890563964844
10.8620833333333,7.05480575561523
10.86875,6.85977935791016
10.8754166666667,6.68239593505859
10.8820833333333,6.51931762695313
10.88875,6.36816024780273
10.8954166666667,6.22892379760742
10.9020833333333,6.10065460205078
10.90875,5.98239898681641
10.9154166666667,5.8751106262207
10.9220833333333,5.77831268310547
10.92875,5.69391250610352
10.9354166666667,5.62095642089844
10.9420833333333,5.56087493896484
10.94875,5.51557540893555
10.9554166666667,5.48696517944336
10.9620833333333,5.47885894775391
10.96875,5.49554824829102
10.9754166666667,5.54370880126953
10.9820833333333,5.63192367553711
10.98875,5.76972961425781
10.9954166666667,5.96952438354492
11.0020833333333,6.24561309814453
11.00875,6.61754608154297
11.0154166666667,7.11154937744141
11.0220833333333,7.76052474975586
11.02875,8.60452651977539
11.0354166666667,9.69219207763672
11.0420833333333,11.0831260681152
11.04875,12.8521919250488
11.0554166666667,15.0904655456543
11.0620833333333,17.911434173584
11.06875,21.4557647705078
11.0754166666667,25.8975028991699
11.0820833333333,31.456470489502
11.08875,38.4140014648438
11.0954166666667,47.1301078796387
11.1020833333333,58.0563545227051
11.10875,71.7654228210449
11.1154166666667,88.9840126037598
11.1220833333333,110.629558563232
11.12875,137.847900390625
11.1354166666667,172.016620635986
11.1420833333333,214.75076675415
11.14875,267.885208129883
11.1554166666667,333.437442779541
11.1620833333333,413.519382476807
11.16875,510.139942169189
11.1754166666667,624.950408935547
11.1820833333333,758.955955505371
11.18875,912.230968475342
11.1954166666667,1083.60719680786
11.2020833333333,1270.31850814819
11.20875,1467.83351898193
11.2154166666667,1669.98529434204
11.2220833333333,1869.39239501953
11.22875,2058.09211730957
11.2354166666667,2228.20568084717
11.2420833333333,2373.06594848633
11.24875,2487.65277862549
11.2554166666667,2568.73750686646
11.2620833333333,2614.66407775879
11.26875,2625.02813339233
11.2754166666667,2600.50392150879
11.2820833333333,2542.21630096436
11.28875,2452.00634002686
11.2954166666667,2332.69500732422
11.3020833333333,2188.21239471436
11.30875,2023.61011505127
11.3154166666667,1844.81859207153
11.3220833333333,1658.30945968628
11.32875,1470.41511535645
11.3354166666667,1286.75079345703
11.3420833333333,1111.97280883789
11.34875,949.615001678467
11.3554166666667,802.022457122803
11.3620833333333,670.435905456543
11.36875,555.172443389893
11.3754166666667,455.866813659668
11.3820833333333,371.651649475098
11.38875,301.28002166748
11.3954166666667,243.246078491211
11.4020833333333,195.935249328613
11.40875,157.766819000244
11.4154166666667,127.26354598999
11.4220833333333,103.081226348877
11.42875,84.017276763916
11.4354166666667,69.0340995788574
11.4420833333333,57.2724342346191
11.44875,48.0389595031738
11.4554166666667,40.7781600952148
11.4620833333333,35.0441932678223
11.46875,30.4880142211914
11.4754166666667,26.8392562866211
11.4820833333333,23.8943099975586
11.48875,21.4977264404297
11.4954166666667,19.5298194885254
11.5020833333333,17.8995132446289
11.50875,16.5352821350098
11.5154166666667,15.3822898864746
11.5220833333333,14.3985748291016
11.52875,13.5502815246582
11.5354166666667,12.8116607666016
11.5420833333333,12.1617317199707
11.54875,11.5861892700195
11.5554166666667,11.073112487793
11.5620833333333,10.6143951416016
11.56875,10.2028846740723
11.5754166666667,9.83333587646484
11.5820833333333,9.50241088867188
11.58875,9.20724868774414
11.5954166666667,8.94641876220703
11.6020833333333,8.72039794921875
11.60875,8.52870941162109
11.6154166666667,8.37278366088867
11.6220833333333,8.25262069702148
11.62875,8.16869735717773
11.6354166666667,8.12149047851563
11.6420833333333,8.11195373535156
11.64875,8.13913345336914
11.6554166666667,8.20350646972656
11.6620833333333,8.30316543579102
11.66875,8.43715667724609
11.6754166666667,8.60500335693359
11.6820833333333,8.80575180053711
11.68875,9.04035568237305
11.6954166666667,9.31119918823242
11.7020833333333,9.62448120117188
11.70875,9.98830795288086
11.7154166666667,10.4141235351563
11.7220833333333,10.9167098999023
11.72875,11.5146636962891
11.7354166666667,12.2275352478027
11.7420833333333,13.0739212036133
11.74875,14.0719413757324
11.7554166666667,15.2363777160645
11.7620833333333,16.5743827819824
11.76875,18.0816650390625
11.7754166666667,19.7420120239258
11.7820833333333,21.5249061584473
11.78875,23.3850479125977
11.7954166666667,25.2618789672852
11.8020833333333,27.0833969116211
11.80875,28.773307800293
11.8154166666667,30.2534103393555
11.8220833333333,31.4521789550781
11.82875,32.3081016540527
11.8354166666667,32.7787399291992
11.8420833333333,32.841682434082
11.84875,32.4978828430176
11.8554166666667,31.771183013916
11.8620833333333,30.7064056396484
11.86875,29.3660163879395
11.8754166666667,27.8263092041016
11.8820833333333,26.1707305908203
11.88875,24.4846343994141
11.8954166666667,22.8509902954102
11.9020833333333,21.3475227355957
11.90875,20.0433731079102
11.9154166666667,19.0014839172363
11.9220833333333,18.280029296875
11.92875,17.9333686828613
11.9354166666667,18.0168151855469
11.9420833333333,18.5933113098145
11.94875,19.7372436523438
11.9554166666667,21.5373039245605
11.9620833333333,24.1036415100098
11.96875,27.5683403015137
11.9754166666667,32.0849418640137
11.9820833333333,37.8251075744629
11.98875,44.9705123901367
11.9954166666667,53.7104606628418
12.0020833333333,64.2180442810059
12.00875,76.6291618347168
12.0154166666667,91.0191535949707
12.0220833333333,107.384204864502
12.02875,125.621318817139
12.0354166666667,145.501136779785
12.0420833333333,166.656017303467
12.04875,188.576698303223
12.0554166666667,210.63232421875
12.0620833333333,232.09810256958
12.06875,252.181529998779
12.0754166666667,270.073890686035
12.0820833333333,285.006999969482
12.08875,296.31519317627
12.0954166666667,303.481101989746
12.1020833333333,306.171417236328
12.10875,304.264545440674
12.1154166666667,297.865867614746
12.1220833333333,287.298202514648
12.12875,273.070812225342
12.1354166666667,255.8274269104
12.1420833333333,236.307144165039
12.14875,215.291976928711
12.1554166666667,193.557739257813
12.1620833333333,171.822071075439
12.16875,150.704860687256
12.1754166666667,130.714416503906
12.1820833333333,112.237930297852
12.18875,95.5319404602051
12.1954166666667,80.7271003723145
12.2020833333333,67.8458213806152
12.20875,56.8313598632813
12.2154166666667,47.5673675537109
12.2220833333333,39.8917198181152
12.22875,33.6151123046875
12.2354166666667,28.538703918457
12.2420833333333,24.4708061218262
12.24875,21.2335586547852
12.2554166666667,18.6667442321777
12.2620833333333,16.6316032409668
12.26875,15.0103569030762
12.2754166666667,13.7066841125488
12.2820833333333,12.6452445983887
12.28875,11.7669105529785
12.2954166666667,11.0278129577637
12.3020833333333,10.3936195373535
12.30875,9.83953475952148
12.3154166666667,9.34839248657227
12.3220833333333,8.90922546386719
12.32875,8.51297378540039
12.3354166666667,8.15296173095703
12.3420833333333,7.82394409179688
12.34875,7.5221061706543
12.3554166666667,7.24554061889648
12.3620833333333,6.99186325073242
12.36875,6.7591667175293
12.3754166666667,6.5464973449707
12.3820833333333,6.35528564453125
12.38875,6.18600845336914
12.3954166666667,6.03961944580078
12.4020833333333,5.91850280761719
12.40875,5.82408905029297
12.4154166666667,5.75923919677734
12.4220833333333,5.72633743286133
12.42875,5.72729110717773
12.4354166666667,5.76591491699219
12.4420833333333,5.84506988525391
12.44875,5.96761703491211
12.4554166666667,6.13546371459961
12.4620833333333,6.34956359863281
12.46875,6.61134719848633
12.4754166666667,6.92033767700195
12.4820833333333,7.27748870849609
12.48875,7.68232345581055
12.4954166666667,8.13484191894531
12.5020833333333,8.63742828369141
12.50875,9.19246673583984
12.5154166666667,9.80615615844727
12.5220833333333,10.4861259460449
12.52875,11.2447738647461
12.5354166666667,12.0973587036133
12.5420833333333,13.0643844604492
12.54875,14.1682624816895
12.5554166666667,15.4333114624023
12.5620833333333,16.8843269348145
12.56875,18.5422897338867
12.5754166666667,20.4181671142578
12.5820833333333,22.5119590759277
12.58875,24.810791015625
12.5954166666667,27.2846221923828
12.6020833333333,29.8824310302734
12.60875,32.5355529785156
12.6154166666667,35.1629257202148
12.6220833333333,37.6706123352051
12.62875,39.9580001831055
12.6354166666667,41.9249534606934
12.6420833333333,43.4789657592773
12.64875,44.5442199707031
12.6554166666667,45.0649261474609
12.6620833333333,45.0096130371094
12.66875,44.3768501281738
12.6754166666667,43.1933403015137
12.6820833333333,41.5139198303223
12.68875,39.4139289855957
12.6954166666667,36.984920501709
12.7020833333333,34.3270301818848
12.70875,31.5437316894531
12.7154166666667,28.7322998046875
12.7220833333333,25.9795188903809
12.72875,23.3569145202637
12.7354166666667,20.9193229675293
12.7420833333333,18.7063217163086
12.74875,16.7403221130371
12.7554166666667,15.0270462036133
12.7620833333333,13.5612487792969
12.76875,12.3305320739746
12.7754166666667,11.3143920898438
12.7820833333333,10.4889869689941
12.78875,9.8271369934082
12.7954166666667,9.30213928222656
12.8020833333333,8.89062881469727
12.80875,8.56971740722656
12.8154166666667,8.32033157348633
12.8220833333333,8.12435150146484
12.82875,7.96985626220703
12.8354166666667,7.84540176391602
12.8420833333333,7.74383544921875
12.84875,7.659912109375
12.8554166666667,7.59220123291016
12.8620833333333,7.54165649414063
12.86875,7.51066207885742
12.8754166666667,7.50541687011719
12.8820833333333,7.53259658813477
12.88875,7.5993537902832
12.8954166666667,7.71427154541016
12.9020833333333,7.88545608520508
12.90875,8.12101364135742
12.9154166666667,8.42905044555664
12.9220833333333,8.81671905517578
12.92875,9.29355621337891
12.9354166666667,9.86909866333008
12.9420833333333,10.5552673339844
12.94875,11.3639831542969
12.9554166666667,12.3100280761719
12.9620833333333,13.4096145629883
12.96875,14.6775245666504
12.9754166666667,16.1280632019043
12.9820833333333,17.7674293518066
12.98875,19.5965766906738
12.9954166666667,21.6059684753418
13.0020833333333,23.7736701965332
13.00875,26.064395904541
13.0154166666667,28.4247398376465
13.0220833333333,30.7888984680176
13.02875,33.0801010131836
13.0354166666667,35.2139472961426
13.0420833333333,37.1031761169434
13.04875,38.6638641357422
13.0554166666667,39.8244857788086
13.0620833333333,40.5287742614746
13.06875,40.7414436340332
13.0754166666667,40.4529571533203
13.0820833333333,39.6795272827148
13.08875,38.4664535522461
13.0954166666667,36.8838310241699
13.1020833333333,35.0236892700195
13.10875,32.991886138916
13.1154166666667,30.9028625488281
13.1220833333333,28.8758277893066
13.12875,27.0266532897949
13.1354166666667,25.4631042480469
13.1420833333333,24.2781639099121
13.14875,23.5509872436523
13.1554166666667,23.3421325683594
13.1620833333333,23.6911773681641
13.16875,24.6143341064453
13.1754166666667,26.1063575744629
13.1820833333333,28.141975402832
13.18875,30.6706428527832
13.1954166666667,33.6170196533203
13.2020833333333,36.8890762329102
13.20875,40.3766632080078
13.2154166666667,43.9581871032715
13.2220833333333,47.5058555603027
13.22875,50.8956909179688
13.2354166666667,54.0199279785156
13.2420833333333,56.7946434020996
13.24875,59.1673851013184
13.2554166666667,61.1281394958496
13.2620833333333,62.7155303955078
13.26875,64.02587890625
13.2754166666667,65.2065277099609
13.2820833333333,66.4548873901367
13.28875,68.0093765258789
13.2954166666667,70.136547088623
13.3020833333333,73.1158256530762
13.30875,77.2180557250977
13.3154166666667,82.6845169067383
13.3220833333333,89.7011756896973
13.32875,98.3738899230957
13.3354166666667,108.711242675781
13.3420833333333,120.607376098633
13.34875,133.837699890137
13.3554166666667,148.052215576172
13.3620833333333,162.784576416016
13.36875,177.477359771729
13.3754166666667,191.513061523438
13.3820833333333,204.251766204834
13.38875,215.075016021729
13.3954166666667,223.427295684814
13.4020833333333,228.86323928833
13.40875,231.085777282715
13.4154166666667,229.958057403564
13.4220833333333,225.51155090332
13.42875,217.941284179688
13.4354166666667,207.594394683838
13.4420833333333,194.937705993652
13.44875,180.515289306641
13.4554166666667,164.904594421387
13.4620833333333,148.682594299316
13.46875,132.392883300781
13.4754166666667,116.516590118408
13.4820833333333,101.444721221924
13.48875,87.4729156494141
13.4954166666667,74.8038291931152
13.5020833333333,63.5523796081543
13.50875,53.7533760070801
13.5154166666667,45.372486114502
13.5220833333333,38.3238792419434
13.52875,32.4907302856445
13.5354166666667,27.7385711669922
13.5420833333333,23.9248275756836
13.54875,20.9054946899414
13.5554166666667,18.5451507568359
13.5620833333333,16.7231559753418
13.56875,15.3365135192871
13.5754166666667,14.2979621887207
13.5820833333333,13.5335922241211
13.58875,12.9828453063965
13.5954166666667,12.5994682312012
13.6020833333333,12.3457908630371
13.60875,12.1941566467285
13.6154166666667,12.1192932128906
13.6220833333333,12.1035575866699
13.62875,12.1326446533203
13.6354166666667,12.1932029724121
13.6420833333333,12.2747421264648
13.64875,12.366771697998
13.6554166666667,12.4616622924805
13.6620833333333,12.5517845153809
13.66875,12.6314163208008
13.6754166666667,12.6962661743164
13.6820833333333,12.7420425415039
13.68875,12.7668380737305
13.6954166666667,12.7696990966797
13.7020833333333,12.7506256103516
13.70875,12.7105712890625
13.7154166666667,12.6514434814453
13.7220833333333,12.5765800476074
13.72875,12.4907493591309
13.7354166666667,12.397289276123
13.7420833333333,12.2990608215332
13.74875,12.2003555297852
13.7554166666667,12.1049880981445
13.7620833333333,12.0148658752441
13.76875,11.9338035583496
13.7754166666667,11.864185333252
13.7820833333333,11.8088722229004
13.78875,11.7712020874023
13.7954166666667,11.7530822753906
13.8020833333333,11.7549896240234
13.80875,11.7783546447754
13.8154166666667,11.8246078491211
13.8220833333333,11.8942260742188
13.82875,11.988639831543
13.8354166666667,12.1088027954102
13.8420833333333,12.2561454772949
13.84875,12.4316215515137
13.8554166666667,12.63427734375
13.8620833333333,12.8641128540039
13.86875,13.1206512451172
13.8754166666667,13.4015083312988
13.8820833333333,13.7028694152832
13.88875,14.0190124511719
13.8954166666667,14.345645904541
13.9020833333333,14.676570892334
13.90875,15.0055885314941
13.9154166666667,15.3264999389648
13.9220833333333,15.6378746032715
13.92875,15.9401893615723
13.9354166666667,16.2367820739746
13.9420833333333,16.535758972168
13.94875,16.8499946594238
13.9554166666667,17.1995162963867
13.9620833333333,17.6081657409668
13.96875,18.1064605712891
13.9754166666667,18.7296867370605
13.9820833333333,19.5178985595703
13.98875,20.512580871582
13.9954166666667,21.7523574829102
14.0020833333333,23.2729911804199
14.00875,25.1040458679199
14.0154166666667,27.2626876831055
14.0220833333333,29.7470092773438
14.02875,32.536506652832
14.0354166666667,35.5873107910156
14.0420833333333,38.8331413269043
14.04875,42.1819686889648
14.0554166666667,45.5207824707031
14.0620833333333,48.7213134765625
14.06875,51.6486167907715
14.0754166666667,54.168701171875
14.0820833333333,56.1556816101074
14.08875,57.5060844421387
14.0954166666667,58.1436157226563
14.1020833333333,58.0272674560547
14.10875,57.1517944335938
14.1154166666667,55.5505752563477
14.1220833333333,53.290843963623
14.12875,50.4698753356934
14.1354166666667,47.205924987793
14.1420833333333,43.6305999755859
14.14875,39.8764610290527
14.1554166666667,36.0722541809082
14.1620833333333,32.3324203491211
14.16875,28.7542343139648
14.1754166666667,25.4116058349609
14.1820833333333,22.3560333251953
14.18875,19.6170806884766
14.1954166666667,17.2066688537598
14.2020833333333,15.1195526123047
14.20875,13.3395195007324
14.2154166666667,11.8408203125
14.2220833333333,10.591983795166
14.22875,9.56249237060547
14.2354166666667,8.72039794921875
14.2420833333333,8.03565979003906
14.24875,7.48014450073242
14.2554166666667,7.02857971191406
14.2620833333333,6.66189193725586
14.26875,6.3624382019043
14.2754166666667,6.11639022827148
14.2820833333333,5.91087341308594
14.28875,5.73635101318359
14.2954166666667,5.58614730834961
14.3020833333333,5.45358657836914
14.30875,5.33390045166016
14.3154166666667,5.22470474243164
14.3220833333333,5.12266159057617
14.32875,5.02777099609375
14.3354166666667,4.93812561035156
14.3420833333333,4.85515594482422
14.34875,4.77743148803711
14.3554166666667,4.70542907714844
14.3620833333333,4.64057922363281
14.36875,4.58335876464844
14.3754166666667,4.53472137451172
14.3820833333333,4.49705123901367
14.38875,4.47225570678711
14.3954166666667,4.46128845214844
14.4020833333333,4.46367263793945
14.40875,4.47797775268555
14.4154166666667,4.50563430786133
14.4220833333333,4.54473495483398
14.42875,4.59575653076172
14.4354166666667,4.65774536132813
14.4420833333333,4.730224609375
14.44875,4.81271743774414
14.4554166666667,4.90379333496094
14.4620833333333,5.00059127807617
14.46875,5.10072708129883
14.4754166666667,5.20229339599609
14.4820833333333,5.30338287353516
14.48875,5.4011344909668
14.4954166666667,5.49411773681641
14.5020833333333,5.57899475097656
14.50875,5.65338134765625
14.5154166666667,5.71489334106445
14.5220833333333,5.76210021972656
14.52875,5.79214096069336
14.5354166666667,5.80596923828125
14.5420833333333,5.80406188964844
14.54875,5.78880310058594
14.5554166666667,5.76305389404297
14.5620833333333,5.73062896728516
14.56875,5.69534301757813
14.5754166666667,5.66387176513672
14.5820833333333,5.64146041870117
14.58875,5.63621520996094
14.5954166666667,5.65814971923828
14.6020833333333,5.71918487548828
14.60875,5.83076477050781
14.6154166666667,6.00576400756836
14.6220833333333,6.26087188720703
14.62875,6.61373138427734
14.6354166666667,7.08436965942383
14.6420833333333,7.69519805908203
14.64875,8.47387313842773
14.6554166666667,9.45377349853516
14.6620833333333,10.6730461120605
14.66875,12.1769905090332
14.6754166666667,14.0166282653809
14.6820833333333,16.2506103515625
14.68875,18.9437866210938
14.6954166666667,22.1662521362305
14.7020833333333,25.9919166564941
14.70875,30.4946899414063
14.7154166666667,35.743236541748
14.7220833333333,41.7952537536621
14.72875,48.6931800842285
14.7354166666667,56.4589500427246
14.7420833333333,65.0835037231445
14.74875,74.5201110839844
14.7554166666667,84.6767425537109
14.7620833333333,95.4146385192871
14.76875,106.550693511963
14.7754166666667,117.858409881592
14.7820833333333,129.066944122314
14.78875,139.874935150146
14.7954166666667,149.966239929199
14.8020833333333,159.027099609375
14.80875,166.757106781006
14.8154166666667,172.884464263916
14.8220833333333,177.186965942383
14.82875,179.507255554199
14.8354166666667,179.762363433838
14.8420833333333,177.941799163818
14.84875,174.110412597656
14.8554166666667,168.408870697021
14.8620833333333,161.044597625732
14.86875,152.275085449219
14.8754166666667,142.38977432251
14.8820833333333,131.698608398438
14.88875,120.516777038574
14.8954166666667,109.149932861328
14.9020833333333,97.8755950927734
14.90875,86.9355201721191
14.9154166666667,76.5314102172852
14.9220833333333,66.8215751647949
14.92875,57.92236328125
14.9354166666667,49.903392791748
14.9420833333333,42.788028717041
14.94875,36.5653038024902
14.9554166666667,31.1994552612305
14.9620833333333,26.6447067260742
14.96875,22.8328704833984
14.9754166666667,19.686222076416
14.9820833333333,17.1303749084473
14.98875,15.0957107543945
14.9954166666667,13.5130882263184
15.0020833333333,12.3109817504883
15.00875,11.4250183105469
15.0154166666667,10.8017921447754
15.0220833333333,10.3912353515625
15.02875,10.1523399353027
15.0354166666667,10.0493431091309
15.0420833333333,10.0512504577637
15.04875,10.1304054260254
15.0554166666667,10.2605819702148
15.0620833333333,10.4207992553711
15.06875,10.591983795166
15.0754166666667,10.7564926147461
15.0820833333333,10.8990669250488
15.08875,11.0063552856445
15.0954166666667,11.0678672790527
15.1020833333333,11.0750198364258
15.10875,11.0206604003906
15.1154166666667,10.9004974365234
15.1220833333333,10.7145309448242
15.12875,10.4660987854004
15.1354166666667,10.1590156555176
15.1420833333333,9.80186462402344
15.14875,9.40465927124023
15.1554166666667,8.97789001464844
15.1620833333333,8.53109359741211
15.16875,8.07380676269531
15.1754166666667,7.61747360229492
15.1820833333333,7.171630859375
15.18875,6.7448616027832
15.1954166666667,6.34336471557617
15.2020833333333,5.97238540649414
15.20875,5.63621520996094
15.2154166666667,5.33676147460938
15.2220833333333,5.07545471191406
15.22875,4.85134124755859
15.2354166666667,4.66346740722656
15.2420833333333,4.51135635375977
15.24875,4.39357757568359
15.2554166666667,4.30727005004883
15.2620833333333,4.25004959106445
15.26875,4.21953201293945
15.2754166666667,4.21476364135742
15.2820833333333,4.23526763916016
15.28875,4.27818298339844
15.2954166666667,4.34255599975586
15.3020833333333,4.42790985107422
15.30875,4.53424453735352
15.3154166666667,4.66108322143555
15.3220833333333,4.81128692626953
15.32875,4.98723983764648
15.3354166666667,5.19275665283203
15.3420833333333,5.43212890625
15.34875,5.71060180664063
15.3554166666667,6.03532791137695
15.3620833333333,6.41298294067383
15.36875,6.85024261474609
15.3754166666667,7.35569000244141
15.3820833333333,7.93838500976563
15.38875,8.6054801940918
15.3954166666667,9.36222076416016
15.4020833333333,10.2109909057617
15.40875,11.1551284790039
15.4154166666667,12.1922492980957
15.4220833333333,13.3142471313477
15.42875,14.5101547241211
15.4354166666667,15.7632827758789
15.4420833333333,17.0526504516602
15.44875,18.3491706848145
15.4554166666667,19.6208953857422
15.4620833333333,20.8349227905273
15.46875,21.9573974609375
15.4754166666667,22.951602935791
15.4820833333333,23.7855911254883
15.48875,24.4312286376953
15.4954166666667,24.8675346374512
15.5020833333333,25.0778198242188
15.50875,25.0530242919922
15.5154166666667,24.7941017150879
15.5220833333333,24.3120193481445
15.52875,23.6225128173828
15.5354166666667,22.7499008178711
15.5420833333333,21.7232704162598
15.54875,20.5779075622559
15.5554166666667,19.34814453125
15.5620833333333,18.0702209472656
15.56875,16.7784690856934
15.5754166666667,15.5048370361328
15.5820833333333,14.277458190918
15.58875,13.1192207336426
15.5954166666667,12.0501518249512
15.6020833333333,11.0855102539063
15.60875,10.2329254150391
15.6154166666667,9.49573516845703
15.6220833333333,8.87441635131836
15.62875,8.36753845214844
15.6354166666667,7.97080993652344
15.6420833333333,7.67993927001953
15.64875,7.49015808105469
15.6554166666667,7.39622116088867
15.6620833333333,7.39336013793945
15.66875,7.4763298034668
15.6754166666667,7.64036178588867
15.6820833333333,7.88068771362305
15.68875,8.1944465637207
15.6954166666667,8.57639312744141
15.7020833333333,9.02128219604492
15.70875,9.52339172363281
15.7154166666667,10.0741386413574
15.7220833333333,10.6635093688965
15.72875,11.2805366516113
15.7354166666667,11.9128227233887
15.7420833333333,12.5460624694824
15.74875,13.1635665893555
15.7554166666667,13.7500762939453
15.7620833333333,14.2908096313477
15.76875,14.7705078125
15.7754166666667,15.1724815368652
15.7820833333333,15.4829025268555
15.78875,15.6903266906738
15.7954166666667,15.7880783081055
15.8020833333333,15.770435333252
15.80875,15.6340599060059
15.8154166666667,15.3837203979492
15.8220833333333,15.0289535522461
15.82875,14.5812034606934
15.8354166666667,14.0509605407715
15.8420833333333,13.4515762329102
15.84875,12.8002166748047
15.8554166666667,12.1140480041504
15.8620833333333,11.4083290100098
15.86875,10.6987953186035
15.8754166666667,10.0002288818359
15.8820833333333,9.32598114013672
15.88875,8.68701934814453
15.8954166666667,8.09097290039063
15.9020833333333,7.54451751708984
15.90875,7.05146789550781
15.9154166666667,6.61373138427734
15.9220833333333,6.23273849487305
15.92875,5.90705871582031
15.9354166666667,5.63383102416992
15.9420833333333,5.40971755981445
15.94875,5.23138046264648
15.9554166666667,5.09452819824219
15.9620833333333,4.99439239501953
15.96875,4.92620468139648
15.9754166666667,4.88662719726563
15.9820833333333,4.87279891967773
15.98875,4.87995147705078
15.9954166666667,4.90379333496094
16.0020833333333,4.94003295898438
16.00875,4.98723983764648
16.0154166666667,5.04302978515625
16.0220833333333,5.10406494140625
16.02875,5.16843795776367
16.0354166666667,5.23519515991211
16.0420833333333,5.30242919921875
16.04875,5.36823272705078
16.0554166666667,5.4316520690918
16.0620833333333,5.49125671386719
16.06875,5.54704666137695
16.0754166666667,5.59806823730469
16.0820833333333,5.64479827880859
16.08875,5.68866729736328
16.0954166666667,5.72967529296875
16.1020833333333,5.76925277709961
16.10875,5.80787658691406
16.1154166666667,5.84697723388672
16.1220833333333,5.88703155517578
16.12875,5.92947006225586
16.1354166666667,5.97524642944336
16.1420833333333,6.02388381958008
16.14875,6.07490539550781
16.1554166666667,6.13069534301758
16.1620833333333,6.19173049926758
16.16875,6.25801086425781
16.1754166666667,6.32858276367188
16.1820833333333,6.40392303466797
16.18875,6.4845085144043
16.1954166666667,6.56890869140625
16.2020833333333,6.65426254272461
16.20875,6.74152374267578
16.2154166666667,6.82926177978516
16.2220833333333,6.91795349121094
16.22875,7.00759887695313
16.2354166666667,7.09819793701172
16.2420833333333,7.18975067138672
16.24875,7.28273391723633
16.2554166666667,7.37524032592773
16.2620833333333,7.46679306030273
16.26875,7.55596160888672
16.2754166666667,7.64179229736328
16.2820833333333,7.72285461425781
16.28875,7.79867172241211
16.2954166666667,7.86828994750977
16.3020833333333,7.93027877807617
16.30875,7.98320770263672
16.3154166666667,8.02469253540039
16.3220833333333,8.05282592773438
16.32875,8.06427001953125
16.3354166666667,8.05854797363281
16.3420833333333,8.03327560424805
16.34875,7.98749923706055
16.3554166666667,7.92074203491211
16.3620833333333,7.83300399780273
16.36875,7.72476196289063
16.3754166666667,7.59553909301758
16.3820833333333,7.4462890625
16.38875,7.2784423828125
16.3954166666667,7.09390640258789
16.4020833333333,6.89458847045898
16.40875,6.68239593505859
16.4154166666667,6.46066665649414
16.4220833333333,6.23226165771484
16.42875,6.00004196166992
16.4354166666667,5.7673454284668
16.4420833333333,5.53750991821289
16.44875,5.31339645385742
16.4554166666667,5.09834289550781
16.4620833333333,4.89377975463867
16.46875,4.70352172851563
16.4754166666667,4.52852249145508
16.4820833333333,4.36973571777344
16.48875,4.22859191894531
16.4954166666667,4.10556793212891
16.5020833333333,4.00209426879883
16.50875,3.91769409179688
16.5154166666667,3.85141372680664
16.5220833333333,3.80325317382813
16.52875,3.77130508422852
16.5354166666667,3.75509262084961
16.5420833333333,3.75175476074219
16.54875,3.75938415527344
16.5554166666667,3.77702713012695
16.5620833333333,3.80373001098633
16.56875,3.83710861206055
16.5754166666667,3.87477874755859
16.5820833333333,3.91530990600586
16.58875,3.95631790161133
16.5954166666667,3.99637222290039
16.6020833333333,4.03308868408203
16.60875,4.06551361083984
16.6154166666667,4.09221649169922
16.6220833333333,4.11367416381836
16.62875,4.12893295288086
16.6354166666667,4.13751602172852
16.6420833333333,4.13990020751953
16.64875,4.1346549987793
16.6554166666667,4.12273406982422
16.6620833333333,4.1041374206543
16.66875,4.07886505126953
16.6754166666667,4.04691696166992
16.6820833333333,4.00829315185547
16.68875,3.96442413330078
16.6954166666667,3.91578674316406
16.7020833333333,3.86333465576172
16.70875,3.80897521972656
16.7154166666667,3.7531852722168
16.7220833333333,3.69787216186523
16.72875,3.64255905151367
16.7354166666667,3.58676910400391
16.7420833333333,3.53193283081055
16.74875,3.47757339477539
16.7554166666667,3.42416763305664
16.7620833333333,3.37314605712891
16.76875,3.32450866699219
16.7754166666667,3.27730178833008
16.7820833333333,3.23104858398438
16.78875,3.18622589111328
16.7954166666667,3.14235687255859
16.8020833333333,3.10039520263672
16.80875,3.06129455566406
16.8154166666667,3.02553176879883
16.8220833333333,2.99406051635742
16.82875,2.96545028686523
16.8354166666667,2.94065475463867
16.8420833333333,2.91872024536133
16.84875,2.90060043334961
16.8554166666667,2.88724899291992
16.8620833333333,2.87914276123047
16.86875,2.87675857543945
16.8754166666667,2.87961959838867
16.8820833333333,2.88677215576172
16.88875,2.89773941040039
16.8954166666667,2.91252136230469
16.9020833333333,2.93111801147461
16.90875,2.95400619506836
16.9154166666667,2.98309326171875
16.9220833333333,3.01933288574219
16.92875,3.06415557861328
16.9354166666667,3.11708450317383
16.9420833333333,3.17907333374023
16.94875,3.2496452331543
16.9554166666667,3.33023071289063
16.9620833333333,3.42130661010742
16.96875,3.52382659912109
16.9754166666667,3.63683700561523
16.9820833333333,3.76081466674805
16.98875,3.89528274536133
16.9954166666667,4.03833389282227
17.0020833333333,4.18901443481445
17.00875,4.34589385986328
17.0154166666667,4.50754165649414
17.0220833333333,4.67348098754883
17.02875,4.84323501586914
17.0354166666667,5.01489639282227
17.0420833333333,5.1875114440918
17.04875,5.36108016967773
17.0554166666667,5.53512573242188
17.0620833333333,5.70964813232422
17.06875,5.88464736938477
17.0754166666667,6.06107711791992
17.0820833333333,6.2403678894043
17.08875,6.42299652099609
17.0954166666667,6.61039352416992
17.1020833333333,6.80351257324219
17.10875,7.00473785400391
17.1154166666667,7.21645355224609
17.1220833333333,7.44247436523438
17.12875,7.68709182739258
17.1354166666667,7.95507431030273
17.1420833333333,8.25071334838867
17.14875,8.58020782470703
17.1554166666667,8.94784927368164
17.1620833333333,9.36031341552734
17.16875,9.82379913330078
17.1754166666667,10.347843170166
17.1820833333333,10.9410285949707
17.18875,11.6133689880371
17.1954166666667,12.3772621154785
17.2020833333333,13.2465362548828
17.20875,14.2354965209961
17.2154166666667,15.3622627258301
17.2220833333333,16.6473388671875
17.22875,18.1126594543457
17.2354166666667,19.782543182373
17.2420833333333,21.6832160949707
17.24875,23.8399505615234
17.2554166666667,26.2813568115234
17.2620833333333,29.0341377258301
17.26875,32.1273803710938
17.2754166666667,35.5868339538574
17.2820833333333,39.4353866577148
17.28875,43.6902046203613
17.2954166666667,48.363208770752
17.3020833333333,53.4591674804688
17.30875,58.9737892150879
17.3154166666667,64.8918151855469
17.3220833333333,71.1855888366699
17.32875,77.8141021728516
17.3354166666667,84.7249031066895
17.3420833333333,91.8502807617188
17.34875,99.1072654724121
17.3554166666667,106.400489807129
17.3620833333333,113.621711730957
17.36875,120.655536651611
17.3754166666667,127.380847930908
17.3820833333333,133.670330047607
17.38875,139.39905166626
17.3954166666667,144.444465637207
17.4020833333333,148.697853088379
17.40875,152.060985565186
17.4154166666667,154.4508934021
17.4220833333333,155.805587768555
17.42875,156.087398529053
17.4354166666667,155.282497406006
17.4420833333333,153.400421142578
17.44875,150.473117828369
17.4554166666667,146.559238433838
17.4620833333333,141.739368438721
17.46875,136.112689971924
17.4754166666667,129.78982925415
17.4820833333333,122.892379760742
17.48875,115.550518035889
17.4954166666667,107.898712158203
17.5020833333333,100.06856918335
17.50875,92.1840667724609
17.5154166666667,84.3586921691895
17.5220833333333,76.6992568969727
17.52875,69.2987442016602
17.5354166666667,62.2334480285645
17.5420833333333,55.5620193481445
17.54875,49.3278503417969
17.5554166666667,43.5633659362793
17.5620833333333,38.2876396179199
17.56875,33.505916595459
17.5754166666667,29.2110443115234
17.5820833333333,25.3849029541016
17.58875,22.0065116882324
17.5954166666667,19.0491676330566
17.6020833333333,16.481876373291
17.60875,14.2683982849121
17.6154166666667,12.3729705810547
17.6220833333333,10.7622146606445
17.62875,9.40418243408203
17.6354166666667,8.26787948608398
17.6420833333333,7.32421875
17.64875,6.5455436706543
17.6554166666667,5.91039657592773
17.6620833333333,5.39731979370117
17.66875,4.98819351196289
17.6754166666667,4.66680526733398
17.6820833333333,4.41884994506836
17.68875,4.23431396484375
17.6954166666667,4.1041374206543
17.7020833333333,4.02259826660156
17.70875,3.9825439453125
17.7154166666667,3.97825241088867
17.7220833333333,4.00638580322266
17.72875,4.06503677368164
17.7354166666667,4.1508674621582
17.7420833333333,4.26197052001953
17.74875,4.39596176147461
17.7554166666667,4.55188751220703
17.7620833333333,4.7297477722168
17.76875,4.92620468139648
17.7754166666667,5.1417350769043
17.7820833333333,5.37443161010742
17.78875,5.62191009521484
17.7954166666667,5.88274002075195
17.8020833333333,6.15453720092773
17.80875,6.43587112426758
17.8154166666667,6.72388076782227
17.8220833333333,7.01522827148438
17.82875,7.3094367980957
17.8354166666667,7.60650634765625
17.8420833333333,7.90643692016602
17.84875,8.20779800415039
17.8554166666667,8.51106643676758
17.8620833333333,8.8200569152832
17.86875,9.13619995117188
17.8754166666667,9.46474075317383
17.8820833333333,9.8114013671875
17.88875,10.1838111877441
17.8954166666667,10.5915069580078
17.9020833333333,11.0445022583008
17.90875,11.5542411804199
17.9154166666667,12.1340751647949
17.9220833333333,12.7992630004883
17.92875,13.5674476623535
17.9354166666667,14.458179473877
17.9420833333333,15.4910087585449
17.94875,16.688346862793
17.9554166666667,18.073558807373
17.9620833333333,19.6714401245117
17.96875,21.5048789978027
17.9754166666667,23.597240447998
17.9820833333333,25.9709358215332
17.98875,28.6469459533691
17.9954166666667,31.6452980041504
18.0020833333333,34.9812507629395
18.00875,38.665771484375
18.0154166666667,42.7045822143555
18.0220833333333,47.0972061157227
18.02875,51.8345832824707
18.0354166666667,56.9009780883789
18.0420833333333,62.2687339782715
18.04875,67.9030418395996
18.0554166666667,73.7595558166504
18.0620833333333,79.7829627990723
18.06875,85.909366607666
18.0754166666667,92.064380645752
18.0820833333333,98.1664657592773
18.08875,104.126453399658
18.0954166666667,109.852313995361
18.1020833333333,115.251064300537
18.10875,120.230674743652
18.1154166666667,124.702453613281
18.1220833333333,128.58247756958
18.12875,131.796836853027
18.1354166666667,134.281635284424
18.1420833333333,135.984897613525
18.14875,136.870384216309
18.1554166666667,136.918544769287
18.1620833333333,136.128902435303
18.16875,134.515762329102
18.1754166666667,132.110118865967
18.1820833333333,128.960132598877
18.18875,125.127792358398
18.1954166666667,120.687961578369
18.2020833333333,115.725040435791
18.20875,110.329151153564
18.2154166666667,104.596138000488
18.2220833333333,98.625659942627
18.22875,92.5164222717285
18.2354166666667,86.3633155822754
18.2420833333333,80.254077911377
18.24875,74.2721557617188
18.2554166666667,68.4933662414551
18.2620833333333,62.9854202270508
18.26875,57.802677154541
18.2754166666667,52.9885292053223
18.2820833333333,48.5787391662598
18.28875,44.6019172668457
18.2954166666667,41.0752296447754
18.3020833333333,38.0063056945801
18.30875,35.3960990905762
18.3154166666667,33.2388877868652
18.3220833333333,31.5265655517578
18.32875,30.2433967590332
18.3354166666667,29.3731689453125
18.3420833333333,28.8963317871094
18.34875,28.7928581237793
18.3554166666667,29.0431976318359
18.3620833333333,29.6263694763184
18.36875,30.5237770080566
18.3754166666667,31.7173004150391
18.3820833333333,33.1916809082031
18.38875,34.9359512329102
18.3954166666667,36.9405746459961
18.4020833333333,39.2012596130371
18.40875,41.7213439941406
18.4154166666667,44.5079803466797
18.4220833333333,47.5735664367676
18.42875,50.9347915649414
18.4354166666667,54.6159744262695
18.4420833333333,58.6495399475098
18.44875,63.0717277526855
18.4554166666667,67.927360534668
18.4620833333333,73.265552520752
18.46875,79.1420936584473
18.4754166666667,85.6156349182129
18.4820833333333,92.750072479248
18.48875,100.611686706543
18.4954166666667,109.261035919189
18.5020833333333,118.754863739014
18.50875,129.14514541626
18.5154166666667,140.478134155273
18.5220833333333,152.787685394287
18.52875,166.087627410889
18.5354166666667,180.374145507813
18.5420833333333,195.62292098999
18.54875,211.792469024658
18.5554166666667,228.814125061035
18.5620833333333,246.590137481689
18.56875,264.996528625488
18.5754166666667,283.878803253174
18.5820833333333,303.05814743042
18.58875,322.332859039307
18.5954166666667,341.477394104004
18.6020833333333,360.245227813721
18.60875,378.375053405762
18.6154166666667,395.598888397217
18.6220833333333,411.650657653809
18.62875,426.265239715576
18.6354166666667,439.185619354248
18.6420833333333,450.172424316406
18.64875,459.0163230896
18.6554166666667,465.539932250977
18.6620833333333,469.600677490234
18.66875,471.094608306885
18.6754166666667,469.963550567627
18.6820833333333,466.19987487793
18.68875,459.845542907715
18.6954166666667,450.986862182617
18.7020833333333,439.75305557251
18.70875,426.318168640137
18.7154166666667,410.895824432373
18.7220833333333,393.727779388428
18.72875,375.077724456787
18.7354166666667,355.225086212158
18.7420833333333,334.463119506836
18.74875,313.088893890381
18.7554166666667,291.390419006348
18.7620833333333,269.638061523438
18.76875,248.085975646973
18.7754166666667,226.97114944458
18.7820833333333,206.502914428711
18.78875,186.859130859375
18.7954166666667,168.178558349609
18.8020833333333,150.572776794434
18.80875,134.128570556641
18.8154166666667,118.900775909424
18.8220833333333,104.915142059326
18.82875,92.1673774719238
18.8354166666667,80.6379318237305
18.8420833333333,70.2915191650391
18.84875,61.0771179199219
18.8554166666667,52.9298782348633
18.8620833333333,45.7758903503418
18.86875,39.5364761352539
18.8754166666667,34.1334342956543
18.8820833333333,29.4899940490723
18.88875,25.5289077758789
18.8954166666667,22.1743583679199
18.9020833333333,19.355297088623
18.90875,17.0068740844727
18.9154166666667,15.0694847106934
18.9220833333333,13.4873390197754
18.92875,12.2113227844238
18.9354166666667,11.197566986084
18.9420833333333,10.4093551635742
18.94875,9.81330871582031
18.9554166666667,9.38034057617188
18.9620833333333,9.08708572387695
18.96875,8.91208648681641
18.9754166666667,8.83722305297852
18.9820833333333,8.84580612182617
18.98875,8.92400741577148
18.9954166666667,9.06133651733398
19.0020833333333,9.2463493347168
19.00875,9.47093963623047
19.0154166666667,9.72700119018555
19.0220833333333,10.0078582763672
19.02875,10.3068351745605
19.0354166666667,10.6182098388672
19.0420833333333,10.9372138977051
19.04875,11.258602142334
19.0554166666667,11.5766525268555
19.0620833333333,11.8889808654785
19.06875,12.1917724609375
19.0754166666667,12.4821662902832
19.0820833333333,12.75634765625
19.08875,13.0133628845215
19.0954166666667,13.2522583007813
19.1020833333333,13.4739875793457
19.10875,13.6799812316895
19.1154166666667,13.8735771179199
19.1220833333333,14.0590667724609
19.12875,14.2426490783691
19.1354166666667,14.4314765930176
19.1420833333333,14.6331787109375
19.14875,14.857292175293
19.1554166666667,15.1128768920898
19.1620833333333,15.4109001159668
19.16875,15.7642364501953
19.1754166666667,16.1867141723633
19.1820833333333,16.6935920715332
19.18875,17.301082611084
19.1954166666667,18.0263519287109
19.2020833333333,18.8884735107422
19.20875,19.9065208435059
19.2154166666667,21.1024284362793
19.2220833333333,22.4957466125488
19.22875,24.111270904541
19.2354166666667,25.9761810302734
19.2420833333333,28.1195640563965
19.24875,30.5743217468262
19.2554166666667,33.3738327026367
19.2620833333333,36.5548133850098
19.26875,40.1577949523926
19.2754166666667,44.2299842834473
19.2820833333333,48.8238334655762
19.28875,53.9922714233398
19.2954166666667,59.7949028015137
19.3020833333333,66.2984848022461
19.30875,73.5759735107422
19.3154166666667,81.7065238952637
19.3220833333333,90.7731056213379
19.32875,100.860595703125
19.3354166666667,112.059116363525
19.3420833333333,124.462604522705
19.34875,138.168811798096
19.3554166666667,153.275489807129
19.3620833333333,169.869899749756
19.36875,188.032627105713
19.3754166666667,207.837581634521
19.3820833333333,229.348182678223
19.38875,252.613544464111
19.3954166666667,277.654647827148
19.4020833333333,304.465293884277
19.40875,333.011150360107
19.4154166666667,363.231182098389
19.4220833333333,395.031929016113
19.42875,428.273677825928
19.4354166666667,462.769985198975
19.4420833333333,498.293399810791
19.44875,534.579753875732
19.4554166666667,571.330070495605
19.4620833333333,608.20198059082
19.46875,644.814968109131
19.4754166666667,680.756568908691
19.4820833333333,715.597629547119
19.48875,748.899459838867
19.4954166666667,780.213356018066
19.5020833333333,809.087753295898
19.50875,835.08825302124
19.5154166666667,857.810497283936
19.5220833333333,876.890182495117
19.52875,892.002582550049
19.5354166666667,902.875900268555
19.5420833333333,909.299850463867
19.54875,911.129474639893
19.5554166666667,908.298015594482
19.5620833333333,900.814533233643
19.56875,888.762474060059
19.5754166666667,872.29585647583
19.5820833333333,851.645946502686
19.58875,827.1164894104
19.5954166666667,799.05891418457
19.6020833333333,767.873287200928
19.60875,734.003067016602
19.6154166666667,697.924613952637
19.6220833333333,660.125732421875
19.62875,621.086597442627
19.6354166666667,581.289768218994
19.6420833333333,541.208267211914
19.64875,501.289844512939
19.6554166666667,461.940288543701
19.6620833333333,423.520565032959
19.66875,386.351585388184
19.6754166666667,350.709915161133
19.6820833333333,316.822052001953
19.68875,284.861087799072
19.6954166666667,254.945278167725
19.7020833333333,227.14900970459
19.70875,201.511383056641
19.7154166666667,178.03430557251
19.7220833333333,156.682014465332
19.72875,137.38489151001
19.7354166666667,120.05090713501
19.7420833333333,104.577541351318
19.74875,90.8513069152832
19.7554166666667,78.7453651428223
19.7620833333333,68.1238174438477
19.76875,58.8517189025879
19.7754166666667,50.7993698120117
19.7820833333333,43.8418388366699
19.78875,37.8575325012207
19.7954166666667,32.7301025390625
19.8020833333333,28.3536911010742
19.80875,24.6310234069824
19.8154166666667,21.4757919311523
19.8220833333333,18.8078880310059
19.82875,16.5572166442871
19.8354166666667,14.6598815917969
19.8420833333333,13.0634307861328
19.84875,11.7206573486328
19.8554166666667,10.5924606323242
19.8620833333333,9.6440315246582
19.86875,8.84675979614258
19.8754166666667,8.17584991455078
19.8820833333333,7.61127471923828
19.88875,7.13443756103516
19.8954166666667,6.73246383666992
19.9020833333333,6.39438629150391
19.90875,6.10971450805664
19.9154166666667,5.87034225463867
19.9220833333333,5.67102432250977
19.92875,5.50746917724609
19.9354166666667,5.37490844726563
19.9420833333333,5.26952743530273
19.94875,5.1875114440918
19.9554166666667,5.12504577636719
19.9620833333333,5.07926940917969
19.96875,5.04827499389648
19.9754166666667,5.03063201904297
19.9820833333333,5.02443313598633
19.98875,5.02872467041016
19.9954166666667,5.04255294799805
20.0020833333333,5.06496429443359
20.00875,5.09500503540039
20.0154166666667,5.13076782226563
20.0220833333333,5.1722526550293
20.02875,5.2189826965332
20.0354166666667,5.26952743530273
20.0420833333333,5.32293319702148
20.04875,5.37919998168945
20.0554166666667,5.43785095214844
20.0620833333333,5.49840927124023
20.06875,5.55992126464844
20.0754166666667,5.62334060668945
20.0820833333333,5.68914413452148
20.08875,5.75733184814453
20.0954166666667,5.82790374755859
20.1020833333333,5.90085983276367
20.10875,5.97620010375977
20.1154166666667,6.05392456054688
20.1220833333333,6.134033203125
20.12875,6.21509552001953
20.1354166666667,6.29711151123047
20.1420833333333,6.38008117675781
20.14875,6.46543502807617
20.1554166666667,6.55126571655273
20.1620833333333,6.6375732421875
20.16875,6.72388076782227
20.1754166666667,6.80971145629883
20.1820833333333,6.89315795898438
20.18875,6.9732666015625
20.1954166666667,7.0500373840332
20.2020833333333,7.12108612060547
20.20875,7.18593597412109
20.2154166666667,7.24172592163086
20.2220833333333,7.28845596313477
20.22875,7.32517242431641
20.2354166666667,7.35092163085938
20.2420833333333,7.36522674560547
20.24875,7.36713409423828
20.2554166666667,7.35569000244141
20.2620833333333,7.32946395874023
20.26875,7.28797912597656
20.2754166666667,7.23075866699219
20.2820833333333,7.15827941894531
20.28875,7.07101821899414
20.2954166666667,6.96992874145508
20.3020833333333,6.85596466064453
20.30875,6.7286491394043
20.3154166666667,6.58941268920898
20.3220833333333,6.4396858215332
20.32875,6.28089904785156
20.3354166666667,6.11448287963867
20.3420833333333,5.94186782836914
20.34875,5.76591491699219
20.3554166666667,5.58805465698242
20.3620833333333,5.41019439697266
20.36875,5.23185729980469
20.3754166666667,5.05447387695313
20.3820833333333,4.88042831420898
20.38875,4.71162796020508
20.3954166666667,4.54854965209961
20.4020833333333,4.39119338989258
20.40875,4.24098968505859
20.4154166666667,4.10032272338867
20.4220833333333,3.96919250488281
20.42875,3.84807586669922
20.4354166666667,3.73697280883789
20.4420833333333,3.63826751708984
20.44875,3.55195999145508
20.4554166666667,3.47661972045898
20.4620833333333,3.41272354125977
20.46875,3.36027145385742
20.4754166666667,3.31783294677734
20.4820833333333,3.28493118286133
20.48875,3.26156616210938
20.4954166666667,3.24821472167969
20.5020833333333,3.24535369873047
20.50875,3.25155258178711
20.5154166666667,3.26728820800781
20.5220833333333,3.29160690307617
20.52875,3.32403182983398
20.5354166666667,3.36551666259766
20.5420833333333,3.41558456420898
20.54875,3.47232818603516
20.5554166666667,3.53622436523438
20.5620833333333,3.60727310180664
20.56875,3.68499755859375
20.5754166666667,3.7689208984375
20.5820833333333,3.85713577270508
20.58875,3.95059585571289
20.5954166666667,4.04977798461914
20.6020833333333,4.15468215942383
20.60875,4.26387786865234
20.6154166666667,4.37688827514648
20.6220833333333,4.49371337890625
20.62875,4.61435317993164
20.6354166666667,4.73833084106445
20.6420833333333,4.86469268798828
20.64875,4.99391555786133
20.6554166666667,5.12552261352539
20.6620833333333,5.25903701782227
20.66875,5.39159774780273
20.6754166666667,5.52272796630859
20.6820833333333,5.65338134765625
20.68875,5.7826042175293
20.6954166666667,5.90944290161133
20.7020833333333,6.03437423706055
20.70875,6.15739822387695
20.7154166666667,6.27803802490234
20.7220833333333,6.39533996582031
20.72875,6.50882720947266
20.7354166666667,6.61945343017578
20.7420833333333,6.72578811645508
20.74875,6.82640075683594
20.7554166666667,6.92176818847656
20.7620833333333,7.01093673706055
20.76875,7.09342956542969
20.7754166666667,7.16829299926758
20.7820833333333,7.23648071289063
20.78875,7.29894638061523
20.7954166666667,7.3542594909668
20.8020833333333,7.40194320678711
20.80875,7.44247436523438
20.8154166666667,7.47537612915039
20.8220833333333,7.50112533569336
20.82875,7.51876831054688
20.8354166666667,7.52830505371094
20.8420833333333,7.52973556518555
20.84875,7.52162933349609
20.8554166666667,7.50350952148438
20.8620833333333,7.4763298034668
20.86875,7.43961334228516
20.8754166666667,7.39383697509766
20.8820833333333,7.3390007019043
20.88875,7.27558135986328
20.8954166666667,7.20405578613281
20.9020833333333,7.12347030639648
20.90875,7.0347785949707
20.9154166666667,6.93655014038086
20.9220833333333,6.82926177978516
20.92875,6.71195983886719
20.9354166666667,6.58655166625977
20.9420833333333,6.45303726196289
20.94875,6.31284713745117
20.9554166666667,6.16693496704102
20.9620833333333,6.01577758789063
20.96875,5.8588981628418
20.9754166666667,5.69725036621094
20.9820833333333,5.53083419799805
20.98875,5.36060333251953
20.9954166666667,5.18798828125
21.0020833333333,5.01394271850586
21.00875,4.84037399291992
21.0154166666667,4.66823577880859
21.0220833333333,4.49705123901367
21.02875,4.32777404785156
21.0354166666667,4.16088104248047
21.0420833333333,3.99684906005859
21.04875,3.83710861206055
21.0554166666667,3.68165969848633
21.0620833333333,3.53145599365234
21.06875,3.38840484619141
21.0754166666667,3.25250625610352
21.0820833333333,3.12423706054688
21.08875,3.00216674804688
21.0954166666667,2.88629531860352
21.1020833333333,2.77805328369141
21.10875,2.67696380615234
21.1154166666667,2.58302688598633
21.1220833333333,2.49671936035156
21.12875,2.41851806640625
21.1354166666667,2.3493766784668
21.1420833333333,2.28738784790039
21.14875,2.23207473754883
21.1554166666667,2.1824836730957
21.1620833333333,2.14004516601563
21.16875,2.10380554199219
21.1754166666667,2.07281112670898
21.1820833333333,2.04658508300781
21.18875,2.02703475952148
21.1954166666667,2.01272964477539
21.2020833333333,2.00223922729492
21.20875,1.99604034423828
21.2154166666667,1.99508666992188
21.2220833333333,1.9993782043457
21.22875,2.00653076171875
21.2354166666667,2.01749801635742
21.2420833333333,2.03180313110352
21.24875,2.04896926879883
21.2554166666667,2.06804275512695
21.2620833333333,2.08854675292969
21.26875,2.11095809936523
21.2754166666667,2.13527679443359
21.2820833333333,2.16054916381836
21.28875,2.18677520751953
21.2954166666667,2.21490859985352
21.3020833333333,2.24494934082031
21.30875,2.27642059326172
21.3154166666667,2.30884552001953
21.3220833333333,2.34174728393555
21.32875,2.37512588500977
21.3354166666667,2.40945816040039
21.3420833333333,2.44474411010742
21.34875,2.47955322265625
21.3554166666667,2.51483917236328
21.3620833333333,2.55107879638672
21.36875,2.58922576904297
21.3754166666667,2.62880325317383
21.3820833333333,2.6707649230957
21.38875,2.71368026733398
21.3954166666667,2.75850296020508
21.4020833333333,2.80570983886719
21.40875,2.85434722900391
21.4154166666667,2.90393829345703
21.4220833333333,2.95543670654297
21.42875,3.00836563110352
21.4354166666667,3.06320190429688
21.4420833333333,3.12137603759766
21.44875,3.18241119384766
21.4554166666667,3.24487686157227
21.4620833333333,3.30972671508789
21.46875,3.37600708007813
21.4754166666667,3.44371795654297
21.4820833333333,3.51285934448242
21.48875,3.58247756958008
21.4954166666667,3.65257263183594
21.5020833333333,3.72409820556641
21.50875,3.79514694213867
21.5154166666667,3.86667251586914
21.5220833333333,3.93772125244141
21.52875,4.00829315185547
21.5354166666667,4.07791137695313
21.5420833333333,4.14752960205078
21.54875,4.21762466430664
21.5554166666667,4.2872428894043
21.5620833333333,4.35781478881836
21.56875,4.42981719970703
21.5754166666667,4.50229644775391
21.5820833333333,4.57620620727539
21.58875,4.65202331542969
21.5954166666667,4.73165512084961
21.6020833333333,4.81605529785156
21.60875,4.90570068359375
21.6154166666667,5.00249862670898
21.6220833333333,5.10835647583008
21.62875,5.22518157958984
21.6354166666667,5.35488128662109
21.6420833333333,5.49983978271484
21.64875,5.66387176513672
21.6554166666667,5.84983825683594
21.6620833333333,6.06012344360352
21.66875,6.29854202270508
21.6754166666667,6.56795501708984
21.6820833333333,6.87170028686523
21.68875,7.21359252929688
21.6954166666667,7.59744644165039
21.7020833333333,8.02707672119141
21.70875,8.50725173950195
21.7154166666667,9.04321670532227
21.7220833333333,9.63973999023438
21.72875,10.3030204772949
21.7354166666667,11.0373497009277
21.7420833333333,11.8484497070313
21.74875,12.7415657043457
21.7554166666667,13.7214660644531
21.7620833333333,14.7919654846191
21.76875,15.9573554992676
21.7754166666667,17.2204971313477
21.7820833333333,18.5856819152832
21.78875,20.0552940368652
21.7954166666667,21.6312408447266
21.8020833333333,23.3139991760254
21.80875,25.1030921936035
21.8154166666667,26.9975662231445
21.8220833333333,28.9959907531738
21.82875,31.092643737793
21.8354166666667,33.2808494567871
21.8420833333333,35.552978515625
21.84875,37.8999710083008
21.8554166666667,40.3108596801758
21.8620833333333,42.7708625793457
21.86875,45.2651977539063
21.8754166666667,47.7781295776367
21.8820833333333,50.2920150756836
21.88875,52.788257598877
21.8954166666667,55.2473068237305
21.9020833333333,57.6491355895996
21.90875,59.9713325500488
21.9154166666667,62.192440032959
21.9220833333333,64.2914772033691
21.92875,66.248893737793
21.9354166666667,68.0432319641113
21.9420833333333,69.6558952331543
21.94875,71.0701942443848
21.9554166666667,72.2737312316895
21.9620833333333,73.2545852661133
21.96875,74.0008354187012
21.9754166666667,74.5043754577637
21.9820833333333,74.7604370117188
21.98875,74.7685432434082
21.9954166666667,74.528694152832
22.0020833333333,74.0451812744141
22.00875,73.3237266540527
22.0154166666667,72.3757743835449
22.0220833333333,71.2137222290039
22.02875,69.8518753051758
22.0354166666667,68.3064460754395
22.0420833333333,66.5950775146484
22.04875,64.7377967834473
22.0554166666667,62.7541542053223
22.0620833333333,60.6637001037598
22.06875,58.4864616394043
22.0754166666667,56.2434196472168
22.0820833333333,53.9541244506836
22.08875,51.6376495361328
22.0954166666667,49.3106842041016
22.1020833333333,46.9903945922852
22.10875,44.6920394897461
22.1154166666667,42.4289703369141
22.1220833333333,40.2131080627441
22.12875,38.0544662475586
22.1354166666667,35.9611511230469
22.1420833333333,33.9393615722656
22.14875,31.9948196411133
22.1554166666667,30.1318168640137
22.1620833333333,28.3517837524414
22.16875,26.6551971435547
22.1754166666667,25.0449180603027
22.1820833333333,23.5214233398438
22.18875,22.0828056335449
22.1954166666667,20.7257270812988
22.2020833333333,19.4482803344727
22.20875,18.247127532959
22.2154166666667,17.120361328125
22.2220833333333,16.0636901855469
22.22875,15.0728225708008
22.2354166666667,14.1458511352539
22.2420833333333,13.279914855957
22.24875,12.4711990356445
22.2554166666667,11.7177963256836
22.2620833333333,11.0158920288086
22.26875,10.3635787963867
22.2754166666667,9.75942611694336
22.2820833333333,9.19961929321289
22.28875,8.68320465087891
22.2954166666667,8.20684432983398
22.3020833333333,7.77101516723633
22.30875,7.37428665161133
22.3154166666667,7.01522827148438
22.3220833333333,6.69336318969727
22.32875,6.40773773193359
22.3354166666667,6.15835189819336
22.3420833333333,5.94472885131836
22.34875,5.7673454284668
22.3554166666667,5.62572479248047
22.3620833333333,5.51986694335938
22.36875,5.44977188110352
22.3754166666667,5.4163932800293
22.3820833333333,5.42068481445313
22.38875,5.46455383300781
22.3954166666667,5.54847717285156
22.4020833333333,5.67626953125
22.40875,5.85126876831055
22.4154166666667,6.07681274414063
22.4220833333333,6.35385513305664
22.42875,6.68478012084961
22.4354166666667,7.07387924194336
22.4420833333333,7.52687454223633
22.44875,8.04758071899414
22.4554166666667,8.64124298095703
22.4620833333333,9.31453704833984
22.46875,10.075569152832
22.4754166666667,10.9314918518066
22.4820833333333,11.8894577026367
22.48875,12.9590034484863
22.4954166666667,14.1506195068359
22.5020833333333,15.474796295166
22.50875,16.9434547424316
22.5154166666667,18.5708999633789
22.5220833333333,20.3704833984375
22.52875,22.3569869995117
22.5354166666667,24.5466232299805
22.5420833333333,26.9579887390137
22.54875,29.6120643615723
22.5554166666667,32.5279235839844
22.5620833333333,35.7270240783691
22.56875,39.2327308654785
22.5754166666667,43.0717468261719
22.5820833333333,47.2707748413086
22.58875,51.8555641174316
22.5954166666667,56.8532943725586
22.6020833333333,62.293529510498
22.60875,68.2072639465332
22.6154166666667,74.6250152587891
22.6220833333333,81.575870513916
22.62875,89.0870094299316
22.6354166666667,97.1870422363281
22.6420833333333,105.904102325439
22.64875,115.264415740967
22.6554166666667,125.290393829346
22.6620833333333,135.998725891113
22.66875,147.40514755249
22.6754166666667,159.518718719482
22.6820833333333,172.346115112305
22.68875,185.885906219482
22.6954166666667,200.127601623535
22.7020833333333,215.053081512451
22.70875,230.635166168213
22.7154166666667,246.843338012695
22.7220833333333,263.635158538818
22.72875,280.952930450439
22.7354166666667,298.727512359619
22.7420833333333,316.882133483887
22.74875,335.330486297607
22.7554166666667,353.978157043457
22.7620833333333,372.715950012207
22.76875,391.424655914307
22.7754166666667,409.977436065674
22.7820833333333,428.244113922119
22.78875,446.091175079346
22.7954166666667,463.375091552734
22.8020833333333,479.949474334717
22.80875,495.670795440674
22.8154166666667,510.39981842041
22.8220833333333,524.003028869629
22.82875,536.347389221191
22.8354166666667,547.308444976807
22.8420833333333,556.775093078613
22.84875,564.650535583496
22.8554166666667,570.850372314453
22.8620833333333,575.30403137207
22.86875,577.960014343262
22.8754166666667,578.787803649902
22.8820833333333,577.773571014404
22.88875,574.920177459717
22.8954166666667,570.246696472168
22.9020833333333,563.798904418945
22.90875,555.636882781982
22.9154166666667,545.834541320801
22.9220833333333,534.480094909668
22.92875,521.675109863281
22.9354166666667,507.539749145508
22.9420833333333,492.204189300537
22.94875,475.804328918457
22.9554166666667,458.478927612305
22.9620833333333,440.371990203857
22.96875,421.633243560791
22.9754166666667,402.413845062256
22.9820833333333,382.856845855713
22.98875,363.101959228516
22.9954166666667,343.283176422119
23.0020833333333,323.530197143555
23.00875,303.966522216797
23.0154166666667,284.70516204834
23.0220833333333,265.847206115723
23.02875,247.479915618896
23.0354166666667,229.682922363281
23.0420833333333,212.527275085449
23.04875,196.072101593018
23.0554166666667,180.365562438965
23.0620833333333,165.440082550049
23.06875,151.320457458496
23.0754166666667,138.020992279053
23.0820833333333,125.551700592041
23.08875,113.911151885986
23.0954166666667,103.085041046143
23.1020833333333,93.0542945861816
23.10875,83.798885345459
23.1154166666667,75.2949714660645
23.1220833333333,67.5125122070313
23.12875,60.4143142700195
23.1354166666667,53.962230682373
23.1420833333333,48.1200218200684
23.14875,42.8500175476074
23.1554166666667,38.1112098693848
23.1620833333333,33.8625907897949
23.16875,30.0655364990234
23.1754166666667,26.6828536987305
23.1820833333333,23.6787796020508
23.18875,21.0185050964355
23.1954166666667,18.6691284179688
23.2020833333333,16.5996551513672
23.20875,14.7819519042969
23.2154166666667,13.1878852844238
23.2220833333333,11.7940902709961
23.22875,10.5781555175781
23.2354166666667,9.52005386352539
23.2420833333333,8.60071182250977
23.24875,7.80153274536133
23.2554166666667,7.10868835449219
23.2620833333333,6.50930404663086
23.26875,5.99050521850586
23.2754166666667,5.54132461547852
23.2820833333333,5.15222549438477
23.28875,4.81700897216797
23.2954166666667,4.52995300292969
23.3020833333333,4.28438186645508
23.30875,4.0745735168457
23.3154166666667,3.89671325683594
23.3220833333333,3.74603271484375
23.32875,3.61871719360352
23.3354166666667,3.51047515869141
23.3420833333333,3.41939926147461
23.34875,3.34453582763672
23.3554166666667,3.28350067138672
23.3620833333333,3.2353401184082
23.36875,3.19814682006836
23.3754166666667,3.17192077636719
23.3820833333333,3.15427780151367
23.38875,3.1437873840332
23.3954166666667,3.13997268676758
23.4020833333333,3.14426422119141
23.40875,3.15570831298828
23.4154166666667,3.17287445068359
23.4220833333333,3.19528579711914
23.42875,3.22341918945313
23.4354166666667,3.25536727905273
23.4420833333333,3.29017639160156
23.44875,3.3268928527832
23.4554166666667,3.36599349975586
23.4620833333333,3.40795516967773
23.46875,3.45373153686523
23.4754166666667,3.50236892700195
23.4820833333333,3.55339050292969
23.48875,3.60679626464844
23.4954166666667,3.66067886352539
23.5020833333333,3.71503829956055
23.50875,3.76796722412109
23.5154166666667,3.81994247436523
23.5220833333333,3.87096405029297
23.52875,3.9219856262207
23.5354166666667,3.97300720214844
23.5420833333333,4.02307510375977
23.54875,4.07171249389648
23.5554166666667,4.1193962097168
23.5620833333333,4.16469573974609
23.56875,4.20713424682617
23.5754166666667,4.24718856811523
23.5820833333333,4.28390502929688
23.58875,4.3177604675293
23.5954166666667,4.34732437133789
23.6020833333333,4.37355041503906
23.60875,4.39691543579102
23.6154166666667,4.41694259643555
23.6220833333333,4.43363189697266
23.62875,4.44602966308594
23.6354166666667,4.45413589477539
23.6420833333333,4.45795059204102
23.64875,4.4560432434082
23.6554166666667,4.44936752319336
23.6620833333333,4.43792343139648
23.66875,4.42266464233398
23.6754166666667,4.40454483032227
23.6820833333333,4.38404083251953
23.68875,4.35972213745117
23.6954166666667,4.33063507080078
23.7020833333333,4.29773330688477
23.70875,4.25958633422852
23.7154166666667,4.21762466430664
23.7220833333333,4.17137145996094
23.72875,4.12225723266602
23.7354166666667,4.07075881958008
23.7420833333333,4.01735305786133
23.74875,3.96156311035156
23.7554166666667,3.90338897705078
23.7620833333333,3.84330749511719
23.76875,3.78131866455078
23.7754166666667,3.71789932250977
23.7820833333333,3.65352630615234
23.78875,3.58819961547852
23.7954166666667,3.52287292480469
23.8020833333333,3.45706939697266
23.80875,3.39078903198242
23.8154166666667,3.32546234130859
23.8220833333333,3.26204299926758
23.82875,3.20005416870117
23.8354166666667,3.13949584960938
23.8420833333333,3.08036804199219
23.84875,3.02219390869141
23.8554166666667,2.96545028686523
23.8620833333333,2.91013717651367
23.86875,2.85625457763672
23.8754166666667,2.80427932739258
23.8820833333333,2.75325775146484
23.88875,2.70557403564453
23.8954166666667,2.66075134277344
23.9020833333333,2.61926651000977
23.90875,2.57968902587891
23.9154166666667,2.54344940185547
23.9220833333333,2.51007080078125
23.92875,2.47859954833984
23.9354166666667,2.44998931884766
23.9420833333333,2.42280960083008
23.94875,2.39801406860352
23.9554166666667,2.37560272216797
23.9620833333333,2.35605239868164
23.96875,2.34031677246094
23.9754166666667,2.32744216918945
23.9820833333333,2.31742858886719
23.98875,2.31027603149414
23.9954166666667,2.30503082275391
24.0020833333333,2.30216979980469
24.00875,2.30121612548828
24.0154166666667,2.30264663696289
24.0220833333333,2.30550765991211
24.02875,2.31027603149414
24.0354166666667,2.31838226318359
24.0420833333333,2.32839584350586
24.04875,2.33888626098633
24.0554166666667,2.349853515625
24.0620833333333,2.36225128173828
24.06875,2.37560272216797
24.0754166666667,2.38990783691406
24.0820833333333,2.40468978881836
24.08875,2.42090225219727
24.0954166666667,2.43854522705078
24.1020833333333,2.4566650390625
24.10875,2.47573852539063
24.1154166666667,2.49481201171875
24.1220833333333,2.51436233520508
24.12875,2.5334358215332
24.1354166666667,2.55203247070313
24.1420833333333,2.57110595703125
24.14875,2.59017944335938
24.1554166666667,2.61020660400391
24.1620833333333,2.63071060180664
24.16875,2.65312194824219
24.1754166666667,2.67601013183594
24.1820833333333,2.69937515258789
24.18875,2.72369384765625
24.1954166666667,2.74801254272461
24.2020833333333,2.77423858642578
24.20875,2.80284881591797
24.2154166666667,2.83336639404297
24.2220833333333,2.86579132080078
24.22875,2.90060043334961
24.2354166666667,2.93779373168945
24.2420833333333,2.97832489013672
24.24875,3.02267074584961
24.2554166666667,3.07178497314453
24.2620833333333,3.12566757202148
24.26875,3.18527221679688
24.2754166666667,3.2505989074707
24.2820833333333,3.32212448120117
24.28875,3.40175628662109
24.2954166666667,3.48997116088867
24.3020833333333,3.58963012695313
24.30875,3.70073318481445
24.3154166666667,3.82518768310547
24.3220833333333,3.96442413330078
24.32875,4.119873046875
24.3354166666667,4.29153442382813
24.3420833333333,4.48131561279297
24.34875,4.68921661376953
24.3554166666667,4.91857528686523
24.3620833333333,5.17082214355469
24.36875,5.4473876953125
24.3754166666667,5.75017929077148
24.3820833333333,6.08062744140625
24.38875,6.44016265869141
24.3954166666667,6.83021545410156
24.4020833333333,7.25078582763672
24.40875,7.70378112792969
24.4154166666667,8.19015502929688
24.4220833333333,8.7122917175293
24.42875,9.26971435546875
24.4354166666667,9.86242294311523
24.4420833333333,10.4904174804688
24.44875,11.1532211303711
24.4554166666667,11.8498802185059
24.4620833333333,12.5784873962402
24.46875,13.336181640625
24.4754166666667,14.1205787658691
24.4820833333333,14.9288177490234
24.48875,15.7566070556641
24.4954166666667,16.6015625
24.5020833333333,17.458438873291
24.50875,18.3234214782715
24.5154166666667,19.1893577575684
24.5220833333333,20.0505256652832
24.52875,20.9012031555176
24.5354166666667,21.7337608337402
24.5420833333333,22.5410461425781
24.54875,23.317813873291
24.5554166666667,24.0583419799805
24.5620833333333,24.7559547424316
24.56875,25.4039764404297
24.5754166666667,25.9957313537598
24.5820833333333,26.5264511108398
24.58875,26.9918441772461
24.5954166666667,27.3871421813965
24.6020833333333,27.7099609375
24.60875,27.9579162597656
24.6154166666667,28.1291007995605
24.6220833333333,28.2225608825684
24.62875,28.2387733459473
24.6354166666667,28.1777381896973
24.6420833333333,28.0418395996094
24.64875,27.8339385986328
24.6554166666667,27.5568962097168
24.6620833333333,27.2154808044434
24.66875,26.8139839172363
24.6754166666667,26.3571739196777
24.6820833333333,25.8522033691406
24.68875,25.3043174743652
24.6954166666667,24.7211456298828
24.7020833333333,24.1079330444336
24.70875,23.4708786010742
24.7154166666667,22.8161811828613
24.7220833333333,22.1490859985352
24.72875,21.4753150939941
24.7354166666667,20.8001136779785
24.7420833333333,20.1277732849121
24.74875,19.4625854492188
24.7554166666667,18.8083648681641
24.7620833333333,18.1674957275391
24.76875,17.5414085388184
24.7754166666667,16.932487487793
24.7820833333333,16.3431167602539
24.78875,15.772819519043
24.7954166666667,15.2220726013184
24.8020833333333,14.6913528442383
24.80875,14.1811370849609
24.8154166666667,13.6899948120117
24.8220833333333,13.216495513916
24.82875,12.7601623535156
24.8354166666667,12.3200416564941
24.8420833333333,11.8937492370605
24.84875,11.4798545837402
24.8554166666667,11.0769271850586
24.8620833333333,10.6854438781738
24.86875,10.3034973144531
24.8754166666667,9.93013381958008
24.8820833333333,9.56487655639648
24.88875,9.20724868774414
24.8954166666667,8.85820388793945
24.9020833333333,8.51535797119141
24.90875,8.1791877746582
24.9154166666667,7.85064697265625
24.9220833333333,7.53068923950195
24.92875,7.21883773803711
24.9354166666667,6.91509246826172
24.9420833333333,6.61945343017578
24.94875,6.33382797241211
24.9554166666667,6.0572624206543
24.9620833333333,5.79023361206055
24.96875,5.53321838378906
24.9754166666667,5.28717041015625
24.9820833333333,5.05161285400391
24.98875,4.82797622680664
24.9954166666667,4.61626052856445
25.0020833333333,4.41646575927734
25.00875,4.22811508178711
25.0154166666667,4.05168533325195
25.0220833333333,3.88717651367188
25.02875,3.73411178588867
25.0354166666667,3.59249114990234
25.0420833333333,3.46183776855469
25.04875,3.34262847900391
25.0554166666667,3.23390960693359
25.0620833333333,3.13615798950195
25.06875,3.04841995239258
25.0754166666667,2.96974182128906
25.0820833333333,2.899169921875
25.08875,2.83622741699219
25.0954166666667,2.78043746948242
25.1020833333333,2.7313232421875
25.10875,2.68745422363281
25.1154166666667,2.64835357666016
25.1220833333333,2.61449813842773
25.12875,2.58541107177734
25.1354166666667,2.56109237670898
25.1420833333333,2.54011154174805
25.14875,2.52294540405273
25.1554166666667,2.50911712646484
25.1620833333333,2.49767303466797
25.16875,2.4876594543457
25.1754166666667,2.47764587402344
25.1820833333333,2.46763229370117
25.18875,2.4571418762207
25.1954166666667,2.44712829589844
25.2020833333333,2.43759155273438
25.20875,2.42853164672852
25.2154166666667,2.41947174072266
25.2220833333333,2.4104118347168
25.22875,2.40135192871094
25.2354166666667,2.39038467407227
25.2420833333333,2.37894058227539
25.24875,2.36654281616211
25.2554166666667,2.35462188720703
25.2620833333333,2.34317779541016
25.26875,2.33078002929688
25.2754166666667,2.3188591003418
25.2820833333333,2.30693817138672
25.28875,2.29406356811523
25.2954166666667,2.28166580200195
25.3020833333333,2.26974487304688
25.30875,2.25973129272461
25.3154166666667,2.25019454956055
25.3220833333333,2.24161148071289
25.32875,2.23398208618164
25.3354166666667,2.2282600402832
25.3420833333333,2.22301483154297
25.34875,2.21920013427734
25.3554166666667,2.21729278564453
25.3620833333333,2.21776962280273
25.36875,2.22206115722656
25.3754166666667,2.22873687744141
25.3820833333333,2.23779678344727
25.38875,2.24971771240234
25.3954166666667,2.26497650146484
25.4020833333333,2.28452682495117
25.40875,2.30646133422852
25.4154166666667,2.33030319213867
25.4220833333333,2.35795974731445
25.42875,2.38847732543945
25.4354166666667,2.42233276367188
25.4420833333333,2.45904922485352
25.44875,2.49910354614258
25.4554166666667,2.54249572753906
25.4620833333333,2.58922576904297
25.46875,2.63881683349609
25.4754166666667,2.69031524658203
25.4820833333333,2.74324417114258
25.48875,2.79712677001953
25.4954166666667,2.85196304321289
25.5020833333333,2.90822982788086
25.50875,2.96497344970703
25.5154166666667,3.021240234375
25.5220833333333,3.07750701904297
25.52875,3.13377380371094
25.5354166666667,3.1886100769043
25.5420833333333,3.24249267578125
25.54875,3.29399108886719
25.5554166666667,3.34262847900391
25.5620833333333,3.38840484619141
25.56875,3.43132019042969
25.5754166666667,3.47232818603516
25.5820833333333,3.5099983215332
25.58875,3.54480743408203
25.5954166666667,3.57818603515625
25.6020833333333,3.61061096191406
25.60875,3.64112854003906
25.6154166666667,3.66926193237305
25.6220833333333,3.69691848754883
25.62875,3.72457504272461
25.6354166666667,3.75127792358398
25.6420833333333,3.77655029296875
25.64875,3.80277633666992
25.6554166666667,3.8294792175293
25.6620833333333,3.85665893554688
25.66875,3.88431549072266
25.6754166666667,3.91244888305664
25.6820833333333,3.94058227539063
25.68875,3.96966934204102
25.6954166666667,3.99971008300781
25.7020833333333,4.03165817260742
25.70875,4.06360626220703
25.7154166666667,4.09650802612305
25.7220833333333,4.12988662719727
25.72875,4.16231155395508
25.7354166666667,4.19282913208008
25.7420833333333,4.22096252441406
25.74875,4.24671173095703
25.7554166666667,4.26959991455078
25.7620833333333,4.28915023803711
25.76875,4.30440902709961
25.7754166666667,4.31299209594727
25.7820833333333,4.31632995605469
25.78875,4.31299209594727
25.7954166666667,4.3034553527832
25.8020833333333,4.28581237792969
25.80875,4.26054000854492
25.8154166666667,4.22906875610352
25.8220833333333,4.19139862060547
25.82875,4.14705276489258
25.8354166666667,4.09746170043945
25.8420833333333,4.0431022644043
25.84875,3.98492813110352
25.8554166666667,3.9215087890625
25.8620833333333,3.85236740112305
25.86875,3.77798080444336
25.8754166666667,3.69882583618164
25.8820833333333,3.6168098449707
25.88875,3.53193283081055
25.8954166666667,3.44562530517578
25.9020833333333,3.35931777954102
25.90875,3.27348709106445
25.9154166666667,3.1895637512207
25.9220833333333,3.10802459716797
25.92875,3.02886962890625
25.9354166666667,2.95352935791016
25.9420833333333,2.88200378417969
25.94875,2.81572341918945
25.9554166666667,2.75468826293945
25.9620833333333,2.69985198974609
25.96875,2.65216827392578
25.9754166666667,2.61068344116211
25.9820833333333,2.57492065429688
25.98875,2.54487991333008
25.9954166666667,2.52199172973633
26.0020833333333,2.50625610351563
26.00875,2.49814987182617
26.0154166666667,2.49767303466797
26.0220833333333,2.50720977783203
26.02875,2.52723693847656
26.0354166666667,2.55727767944336
26.0420833333333,2.59542465209961
26.04875,2.64167785644531
26.0554166666667,2.69699096679688
26.0620833333333,2.7613639831543
26.06875,2.83336639404297
26.0754166666667,2.91299819946289
26.0820833333333,3.00025939941406
26.08875,3.09514999389648
26.0954166666667,3.19671630859375
26.1020833333333,3.30352783203125
26.10875,3.41510772705078
26.1154166666667,3.53145599365234
26.1220833333333,3.65066528320313
26.12875,3.77273559570313
26.1354166666667,3.89623641967773
26.1420833333333,4.02164459228516
26.14875,4.14657592773438
26.1554166666667,4.27055358886719
26.1620833333333,4.3940544128418
26.16875,4.51421737670898
26.1754166666667,4.63056564331055
26.1820833333333,4.74119186401367
26.18875,4.84657287597656
26.1954166666667,4.9443244934082
26.2020833333333,5.03444671630859
26.20875,5.11646270751953
26.2154166666667,5.18989562988281
26.2220833333333,5.25569915771484
26.22875,5.31339645385742
26.2354166666667,5.36155700683594
26.2420833333333,5.40018081665039
26.24875,5.42974472045898
26.2554166666667,5.45120239257813
26.2620833333333,5.46407699584961
26.26875,5.46741485595703
26.2754166666667,5.462646484375
26.2820833333333,5.45072555541992
26.28875,5.43212890625
26.2954166666667,5.40590286254883
26.3020833333333,5.37252426147461
26.30875,5.33246994018555
26.3154166666667,5.28669357299805
26.3220833333333,5.2342414855957
26.32875,5.17511367797852
26.3354166666667,5.10978698730469
26.3420833333333,5.03873825073242
26.34875,4.96244430541992
26.3554166666667,4.88138198852539
26.3620833333333,4.79507446289063
26.36875,4.70542907714844
26.3754166666667,4.61435317993164
26.3820833333333,4.52089309692383
26.38875,4.425048828125
26.3954166666667,4.32825088500977
26.4020833333333,4.23097610473633
26.40875,4.13370132446289
26.4154166666667,4.03642654418945
26.4220833333333,3.93962860107422
26.42875,3.84616851806641
26.4354166666667,3.75604629516602
26.4420833333333,3.67259979248047
26.44875,3.59582901000977
26.4554166666667,3.52621078491211
26.4620833333333,3.4642219543457
26.46875,3.40938568115234
26.4754166666667,3.36170196533203
26.4820833333333,3.32260131835938
26.48875,3.29351425170898
26.4954166666667,3.27396392822266
26.5020833333333,3.26442718505859
26.50875,3.2649040222168
26.5154166666667,3.27539443969727
26.5220833333333,3.29399108886719
26.52875,3.31878662109375
26.5354166666667,3.35025787353516
26.5420833333333,3.38840484619141
26.54875,3.43179702758789
26.5554166666667,3.47995758056641
26.5620833333333,3.53145599365234
26.56875,3.5858154296875
26.5754166666667,3.64208221435547
26.5820833333333,3.69834899902344
26.58875,3.7541389465332
26.5954166666667,3.80849838256836
26.6020833333333,3.8599967956543
26.60875,3.90768051147461
26.6154166666667,3.95011901855469
26.6220833333333,3.98683547973633
26.62875,4.01735305786133
26.6354166666667,4.04119491577148
26.6420833333333,4.05788421630859
26.64875,4.06789779663086
26.6554166666667,4.07123565673828
26.6620833333333,4.06599044799805
26.66875,4.05216217041016
26.6754166666667,4.03070449829102
26.6820833333333,4.00114059448242
26.68875,3.96347045898438
26.6954166666667,3.91912460327148
26.7020833333333,3.86953353881836
26.70875,3.8151741027832
26.7154166666667,3.75747680664063
26.7220833333333,3.69644165039063
26.72875,3.63349914550781
26.7354166666667,3.56817245483398
26.7420833333333,3.50189208984375
26.74875,3.43561172485352
26.7554166666667,3.37123870849609
26.7620833333333,3.30829620361328
26.76875,3.24869155883789
26.7754166666667,3.19242477416992
26.7820833333333,3.13901901245117
26.78875,3.08895111083984
26.7954166666667,3.04126739501953
26.8020833333333,2.99692153930664
26.80875,2.95543670654297
26.8154166666667,2.91681289672852
26.8220833333333,2.88152694702148
26.82875,2.84957885742188
26.8354166666667,2.82144546508789
26.8420833333333,2.79617309570313
26.84875,2.77423858642578
26.8554166666667,2.75611877441406
26.8620833333333,2.74181365966797
26.86875,2.73036956787109
26.8754166666667,2.72035598754883
26.8820833333333,2.71129608154297
26.88875,2.70462036132813
26.8954166666667,2.69985198974609
26.9020833333333,2.69794464111328
26.90875,2.69842147827148
26.9154166666667,2.70175933837891
26.9220833333333,2.70938873291016
26.92875,2.72226333618164
26.9354166666667,2.73942947387695
26.9420833333333,2.7613639831543
26.94875,2.78949737548828
26.9554166666667,2.82430648803711
26.9620833333333,2.86626815795898
26.96875,2.9149055480957
26.9754166666667,2.97021865844727
26.9820833333333,3.03220748901367
26.98875,3.10087203979492
26.9954166666667,3.17668914794922
27.0020833333333,3.25965881347656
27.00875,3.34930419921875
27.0154166666667,3.44610214233398
27.0220833333333,3.55052947998047
27.02875,3.66115570068359
27.0354166666667,3.77798080444336
27.0420833333333,3.89957427978516
27.04875,4.02498245239258
27.0554166666667,4.15277481079102
27.0620833333333,4.28247451782227
27.06875,4.41265106201172
27.0754166666667,4.54187393188477
27.0820833333333,4.6696662902832
27.08875,4.79412078857422
27.0954166666667,4.91428375244141
27.1020833333333,5.02824783325195
27.10875,5.13553619384766
27.1154166666667,5.23567199707031
27.1220833333333,5.32770156860352
27.12875,5.41114807128906
27.1354166666667,5.48315048217773
27.1420833333333,5.54323196411133
27.14875,5.59091567993164
27.1554166666667,5.62667846679688
27.1620833333333,5.64908981323242
27.16875,5.65910339355469
27.1754166666667,5.65862655639648
27.1820833333333,5.64956665039063
27.18875,5.6304931640625
27.1954166666667,5.60140609741211
27.2020833333333,5.56278228759766
27.20875,5.51509857177734
27.2154166666667,5.45930862426758
27.2220833333333,5.39636611938477
27.22875,5.32960891723633
27.2354166666667,5.25903701782227
27.2420833333333,5.18608093261719
27.24875,5.1112174987793
27.2554166666667,5.03444671630859
27.2620833333333,4.95576858520508
27.26875,4.87613677978516
27.2754166666667,4.79698181152344
27.2820833333333,4.71925735473633
27.28875,4.64582443237305
27.2954166666667,4.57763671875
27.3020833333333,4.51517105102539
27.30875,4.45890426635742
27.3154166666667,4.4097900390625
27.3220833333333,4.36830520629883
27.32875,4.33444976806641
27.3354166666667,4.30870056152344
27.3420833333333,4.29105758666992
27.34875,4.28104400634766
27.3554166666667,4.27913665771484
27.3620833333333,4.28485870361328
27.36875,4.29725646972656
27.3754166666667,4.31585311889648
27.3820833333333,4.34064865112305
27.38875,4.37164306640625
27.3954166666667,4.40740585327148
27.4020833333333,4.44698333740234
27.40875,4.48942184448242
27.4154166666667,4.53519821166992
27.4220833333333,4.58240509033203
27.42875,4.62913513183594
27.4354166666667,4.67395782470703
27.4420833333333,4.71687316894531
27.44875,4.75692749023438
27.4554166666667,4.79412078857422
27.4620833333333,4.82654571533203
27.46875,4.85467910766602
27.4754166666667,4.87899780273438
27.4820833333333,4.89950180053711
27.48875,4.91476058959961
27.4954166666667,4.92572784423828
27.5020833333333,4.93335723876953
27.50875,4.93860244750977
27.5154166666667,4.94241714477539
27.5220833333333,4.94623184204102
27.52875,4.95147705078125
27.5354166666667,4.9591064453125
27.5420833333333,4.97055053710938
27.54875,4.98485565185547
27.5554166666667,5.00392913818359
27.5620833333333,5.02824783325195
27.56875,5.05828857421875
27.5754166666667,5.09357452392578
27.5820833333333,5.13410568237305
27.58875,5.18035888671875
27.5954166666667,5.2332878112793
27.6020833333333,5.29098510742188
27.60875,5.35392761230469
27.6154166666667,5.42163848876953
27.6220833333333,5.49411773681641
27.62875,5.57041168212891
27.6354166666667,5.64956665039063
27.6420833333333,5.73015213012695
27.64875,5.81169128417969
27.6554166666667,5.89227676391602
27.6620833333333,5.97095489501953
27.66875,6.04772567749023
27.6754166666667,6.12020492553711
27.6820833333333,6.18791580200195
27.68875,6.24990463256836
27.6954166666667,6.30664825439453
27.7020833333333,6.35719299316406
27.70875,6.40058517456055
27.7154166666667,6.43730163574219
27.7220833333333,6.46781921386719
27.72875,6.49213790893555
27.7354166666667,6.50978088378906
27.7420833333333,6.51979446411133
27.74875,6.52313232421875
27.7554166666667,6.52122497558594
27.7620833333333,6.51407241821289
27.76875,6.50262832641602
27.7754166666667,6.48880004882813
27.7820833333333,6.47354125976563
27.78875,6.45732879638672
27.7954166666667,6.439208984375
27.8020833333333,6.42061233520508
27.80875,6.40344619750977
27.8154166666667,6.38771057128906
27.8220833333333,6.37340545654297
27.82875,6.36148452758789
27.8354166666667,6.35385513305664
27.8420833333333,6.35004043579102
27.84875,6.34956359863281
27.8554166666667,6.35147094726563
27.8620833333333,6.35576248168945
27.86875,6.3624382019043
27.8754166666667,6.37006759643555
27.8820833333333,6.37960433959961
27.88875,6.39057159423828
27.8954166666667,6.40249252319336
27.9020833333333,6.41536712646484
27.90875,6.42967224121094
27.9154166666667,6.44540786743164
27.9220833333333,6.46162033081055
27.92875,6.48021697998047
27.9354166666667,6.50167465209961
27.9420833333333,6.52837753295898
27.94875,6.5608024597168
27.9554166666667,6.59799575805664
27.9620833333333,6.63995742797852
27.96875,6.68573379516602
27.9754166666667,6.73723220825195
27.9820833333333,6.79445266723633
27.98875,6.85739517211914
27.9954166666667,6.92653656005859
28.0020833333333,7.00283050537109
28.00875,7.08627700805664
28.0154166666667,7.17639923095703
28.0220833333333,7.27176666259766
28.02875,7.37333297729492
28.0354166666667,7.48109817504883
28.0420833333333,7.59363174438477
28.04875,7.70902633666992
28.0554166666667,7.8272819519043
28.0620833333333,7.94744491577148
28.06875,8.06808471679688
28.0754166666667,8.18634033203125
28.0820833333333,8.30364227294922
28.08875,8.41903686523438
28.0954166666667,8.53252410888672
28.1020833333333,8.64267349243164
28.10875,8.74948501586914
28.1154166666667,8.85343551635742
28.1220833333333,8.95404815673828
28.12875,9.05132293701172
28.1354166666667,9.14430618286133
28.1420833333333,9.23252105712891
28.14875,9.31549072265625
28.1554166666667,9.39273834228516
28.1620833333333,9.46474075317383
28.16875,9.53006744384766
28.1754166666667,9.58919525146484
28.1820833333333,9.64260101318359
28.18875,9.69076156616211
28.1954166666667,9.73367691040039
28.2020833333333,9.77087020874023
28.20875,9.80138778686523
28.2154166666667,9.82475280761719
28.2220833333333,9.83953475952148
28.22875,9.84668731689453
28.2354166666667,9.84668731689453
28.2420833333333,9.83905792236328
28.24875,9.82570648193359
28.2554166666667,9.80806350708008
28.2620833333333,9.78803634643555
28.26875,9.7651481628418
28.2754166666667,9.74035263061523
28.2820833333333,9.71651077270508
28.28875,9.69552993774414
28.2954166666667,9.67979431152344
28.3020833333333,9.67168807983398
28.30875,9.67311859130859
28.3154166666667,9.68694686889648
28.3220833333333,9.71555709838867
28.32875,9.75894927978516
28.3354166666667,9.81950759887695
28.3420833333333,9.89913940429688
28.34875,10.0002288818359
28.3554166666667,10.1242065429688
28.3620833333333,10.2720260620117
28.36875,10.4465484619141
28.3754166666667,10.6492042541504
28.3820833333333,10.8828544616699
28.38875,11.1479759216309
28.3954166666667,11.4459991455078
28.4020833333333,11.7793083190918
28.40875,12.148380279541
28.4154166666667,12.5536918640137
28.4220833333333,12.993335723877
28.42875,13.4663581848145
28.4354166666667,13.9708518981934
28.4420833333333,14.5044326782227
28.44875,15.0637626647949
28.4554166666667,15.6440734863281
28.4620833333333,16.237735748291
28.46875,16.8375968933105
28.4754166666667,17.4345970153809
28.4820833333333,18.0177688598633
28.48875,18.5751914978027
28.4954166666667,19.0958976745605
28.5020833333333,19.5684432983398
28.50875,19.9832916259766
28.5154166666667,20.3280448913574
28.5220833333333,20.5926895141602
28.52875,20.7705497741699
28.5354166666667,20.8554267883301
28.5420833333333,20.8454132080078
28.54875,20.7395553588867
28.5554166666667,20.5411911010742
28.5620833333333,20.2560424804688
28.56875,19.890308380127
28.5754166666667,19.4530487060547
28.5820833333333,18.956184387207
28.58875,18.4125900268555
28.5954166666667,17.8356170654297
28.6020833333333,17.2381401062012
28.60875,16.6330337524414
28.6154166666667,16.0331726074219
28.6220833333333,15.4485702514648
28.62875,14.8868560791016
28.6354166666667,14.3542289733887
28.6420833333333,13.8568878173828
28.64875,13.399600982666
28.6554166666667,12.9828453063965
28.6620833333333,12.6075744628906
28.66875,12.272834777832
28.6754166666667,11.9771957397461
28.6820833333333,11.7173194885254
28.68875,11.4903450012207
28.6954166666667,11.2919807434082
28.7020833333333,11.1198425292969
28.70875,10.9710693359375
28.7154166666667,10.8428001403809
28.7220833333333,10.7326507568359
28.72875,10.6377601623535
28.7354166666667,10.5562210083008
28.7420833333333,10.4866027832031
28.74875,10.4279518127441
28.7554166666667,10.3793144226074
28.7620833333333,10.3392601013184
28.76875,10.3063583374023
28.7754166666667,10.2815628051758
28.7820833333333,10.2639198303223
28.78875,10.2534294128418
28.7954166666667,10.2500915527344
28.8020833333333,10.2548599243164
28.80875,10.2686882019043
28.8154166666667,10.2906227111816
28.8220833333333,10.3216171264648
28.82875,10.3607177734375
28.8354166666667,10.408878326416
28.8420833333333,10.4656219482422
28.84875,10.5314254760742
28.8554166666667,10.6058120727539
28.8620833333333,10.688304901123
28.86875,10.7793807983398
28.8754166666667,10.8785629272461
28.8820833333333,10.983943939209
28.88875,11.0945701599121
28.8954166666667,11.2085342407227
28.9020833333333,11.3248825073242
28.90875,11.4398002624512
28.9154166666667,11.5509033203125
28.9220833333333,11.6562843322754
28.92875,11.7545127868652
28.9354166666667,11.8441581726074
28.9420833333333,11.9237899780273
28.94875,11.9915008544922
28.9554166666667,12.0463371276855
28.9620833333333,12.0878219604492
28.96875,12.1150016784668
28.9754166666667,12.1269226074219
28.9820833333333,12.1240615844727
28.98875,12.1059417724609
28.9954166666667,12.0754241943359
29.0020833333333,12.0329856872559
29.00875,11.9791030883789
29.0154166666667,11.9147300720215
29.0220833333333,11.8422508239746
29.02875,11.7626190185547
29.0354166666667,11.6777420043945
29.0420833333333,11.5885734558105
29.04875,11.4974975585938
29.0554166666667,11.4049911499023
29.0620833333333,11.3115310668945
29.06875,11.2180709838867
29.0754166666667,11.1241340637207
29.0820833333333,11.0297203063965
29.08875,10.9348297119141
29.0954166666667,10.8404159545898
29.1020833333333,10.7455253601074
29.10875,10.6487274169922
29.1154166666667,10.5500221252441
29.1220833333333,10.4489326477051
29.12875,10.3449821472168
29.1354166666667,10.2353096008301
29.1420833333333,10.1203918457031
29.14875,10.0002288818359
29.1554166666667,9.87482070922852
29.1620833333333,9.74369049072266
29.16875,9.60588455200195
29.1754166666667,9.46331024169922
29.1820833333333,9.31644439697266
29.18875,9.16576385498047
29.1954166666667,9.01269912719727
29.2020833333333,8.85868072509766
29.20875,8.70561599731445
29.2154166666667,8.55493545532227
29.2220833333333,8.4075927734375
29.22875,8.26406478881836
29.2354166666667,8.12530517578125
29.2420833333333,7.99179077148438
29.24875,7.86352157592773
29.2554166666667,7.74240493774414
29.2620833333333,7.63082504272461
29.26875,7.52782821655273
29.2754166666667,7.43341445922852
29.2820833333333,7.34806060791016
29.28875,7.27176666259766
29.2954166666667,7.20500946044922
29.3020833333333,7.14683532714844
29.30875,7.09867477416992
29.3154166666667,7.06195831298828
29.3220833333333,7.03811645507813
29.32875,7.02762603759766
29.3354166666667,7.03096389770508
29.3420833333333,7.04813003540039
29.34875,7.0796012878418
29.3554166666667,7.12680816650391
29.3620833333333,7.19070434570313
29.36875,7.27081298828125
29.3754166666667,7.36713409423828
29.3820833333333,7.47966766357422
29.38875,7.60555267333984
29.3954166666667,7.74192810058594
29.4020833333333,7.88450241088867
29.40875,8.03136825561523
29.4154166666667,8.1791877746582
29.4220833333333,8.32557678222656
29.42875,8.46672058105469
29.4354166666667,8.60118865966797
29.4420833333333,8.72659683227539
29.44875,8.83960723876953
29.4554166666667,8.93735885620117
29.4620833333333,9.02032852172852
29.46875,9.08946990966797
29.4754166666667,9.14573669433594
29.4820833333333,9.19246673583984
29.48875,9.23490524291992
29.4954166666667,9.2778205871582
29.5020833333333,9.32598114013672
29.50875,9.3846321105957
29.5154166666667,9.4599723815918
29.5220833333333,9.55867767333984
29.52875,9.68647003173828
29.5354166666667,9.85002517700195
29.5420833333333,10.0536346435547
29.54875,10.3034973144531
29.5554166666667,10.6034278869629
29.5620833333333,10.9586715698242
29.56875,11.3725662231445
29.5754166666667,11.8498802185059
29.5820833333333,12.397289276123
29.58875,13.0200386047363
29.5954166666667,13.7248039245605
29.6020833333333,14.5173072814941
29.60875,15.4051780700684
29.6154166666667,16.3974761962891
29.6220833333333,17.5046920776367
29.62875,18.7368392944336
29.6354166666667,20.1025009155273
29.6420833333333,21.6116905212402
29.64875,23.2720375061035
29.6554166666667,25.0897407531738
29.6620833333333,27.0681381225586
29.66875,29.2091369628906
29.6754166666667,31.5113067626953
29.6820833333333,33.9674949645996
29.68875,36.5700721740723
29.6954166666667,39.3052101135254
29.7020833333333,42.1547889709473
29.70875,45.0949668884277
29.7154166666667,48.0971336364746
29.7220833333333,51.1322021484375
29.72875,54.1648864746094
29.7354166666667,57.1589469909668
29.7420833333333,60.0748062133789
29.74875,62.8719329833984
29.7554166666667,65.5107498168945
29.7620833333333,67.9502487182617
29.76875,70.152759552002
29.7754166666667,72.0806121826172
29.7820833333333,73.7018585205078
29.78875,74.9878883361816
29.7954166666667,75.9167671203613
29.8020833333333,76.469898223877
29.80875,76.6353607177734
29.8154166666667,76.4079093933105
29.8220833333333,75.7904052734375
29.82875,74.791431427002
29.8354166666667,73.42529296875
29.8420833333333,71.7129707336426
29.84875,69.6840286254883
29.8554166666667,67.3704147338867
29.8620833333333,64.8083686828613
29.86875,62.0360374450684
29.8754166666667,59.0958595275879
29.8820833333333,56.0331344604492
29.88875,52.8931617736816
29.8954166666667,49.7174263000488
29.9020833333333,46.5488433837891
29.90875,43.4303283691406
29.9154166666667,40.400505065918
29.9220833333333,37.4937057495117
29.92875,34.7390174865723
29.9354166666667,32.1626663208008
29.9420833333333,29.7861099243164
29.94875,27.6279449462891
29.9554166666667,25.700569152832
29.9620833333333,24.0130424499512
29.96875,22.5715637207031
29.9754166666667,21.3766098022461
29.9820833333333,20.4267501831055
29.98875,19.7157859802246
29.9954166666667,19.2327499389648
30.0020833333333,18.9671516418457
30.00875,18.9056396484375
30.0154166666667,19.0329551696777
30.0220833333333,19.3328857421875
30.02875,19.7877883911133
30.0354166666667,20.3781127929688
30.0420833333333,21.0814476013184
30.04875,21.8749046325684
30.0554166666667,22.735595703125
30.0620833333333,23.6387252807617
30.06875,24.559497833252
30.0754166666667,25.4740715026855
30.0820833333333,26.3595581054688
30.08875,27.1930694580078
30.0954166666667,27.9536247253418
30.1020833333333,28.6202430725098
30.10875,29.1748046875
30.1154166666667,29.6025276184082
30.1220833333333,29.8895835876465
30.12875,30.026912689209
30.1354166666667,30.0092697143555
30.1420833333333,29.8352241516113
30.14875,29.5085906982422
30.1554166666667,29.0346145629883
30.1620833333333,28.4233093261719
30.16875,27.6870727539063
30.1754166666667,26.8411636352539
30.1820833333333,25.902271270752
30.18875,24.8899459838867
30.1954166666667,23.8242149353027
30.2020833333333,22.7274894714355
30.20875,21.6212272644043
30.2154166666667,20.5264091491699
30.2220833333333,19.4621086120605
30.22875,18.4473991394043
30.2354166666667,17.4975395202637
30.2420833333333,16.627311706543
30.24875,15.8491134643555
30.2554166666667,15.1710510253906
30.2620833333333,14.6012306213379
30.26875,14.1429901123047
30.2754166666667,13.7977600097656
30.2820833333333,13.5636329650879
30.28875,13.4382247924805
30.2954166666667,13.4172439575195
30.3020833333333,13.4940147399902
30.30875,13.6604309082031
30.3154166666667,13.9074325561523
30.3220833333333,14.2240524291992
30.32875,14.5978927612305
30.3354166666667,15.0165557861328
30.3420833333333,15.467643737793
30.34875,15.9378051757813
30.3554166666667,16.4108276367188
30.3620833333333,16.8724060058594
30.36875,17.3087120056152
30.3754166666667,17.7063941955566
30.3820833333333,18.0530548095703
30.38875,18.3372497558594
30.3954166666667,18.5494422912598
30.4020833333333,18.6824798583984
30.40875,18.730640411377
30.4154166666667,18.6886787414551
30.4220833333333,18.5551643371582
30.42875,18.3320045471191
30.4354166666667,18.0230140686035
30.4420833333333,17.6334381103516
30.44875,17.1689987182617
30.4554166666667,16.6411399841309
30.4620833333333,16.0603523254395
30.46875,15.4385566711426
30.4754166666667,14.7876739501953
30.4820833333333,14.1205787658691
30.48875,13.4520530700684
30.4954166666667,12.7944946289063
30.5020833333333,12.1598243713379
30.50875,11.5585327148438
30.5154166666667,11.0020637512207
30.5220833333333,10.500431060791
30.52875,10.0626945495605
30.5354166666667,9.69600677490234
30.5420833333333,9.40704345703125
30.54875,9.20391082763672
30.5554166666667,9.09280776977539
30.5620833333333,9.0785026550293
30.56875,9.16528701782227
30.5754166666667,9.35888290405273
30.5820833333333,9.66358184814453
30.58875,10.0836753845215
30.5954166666667,10.6244087219238
30.6020833333333,11.2905502319336
30.60875,12.0878219604492
30.6154166666667,13.0214691162109
30.6220833333333,14.0981674194336
30.62875,15.3241157531738
30.6354166666667,16.7069435119629
30.6420833333333,18.2533264160156
30.64875,19.9713706970215
30.6554166666667,21.8696594238281
30.6620833333333,23.956298828125
30.66875,26.2408256530762
30.6754166666667,28.7342071533203
30.6820833333333,31.4464569091797
30.68875,34.388542175293
30.6954166666667,37.5733375549316
30.7020833333333,41.0146713256836
30.70875,44.7249412536621
30.7154166666667,48.713207244873
30.7220833333333,52.9885292053223
30.72875,57.5580596923828
30.7354166666667,62.4237060546875
30.7420833333333,67.5802230834961
30.74875,73.0171203613281
30.7554166666667,78.7138938903809
30.7620833333333,84.6428871154785
30.76875,90.7678604125977
30.7754166666667,97.0449447631836
30.7820833333333,103.415966033936
30.78875,109.814643859863
30.7954166666667,116.167545318604
30.8020833333333,122.39408493042
30.80875,128.406047821045
30.8154166666667,134.111881256104
30.8220833333333,139.418601989746
30.82875,144.235134124756
30.8354166666667,148.473262786865
30.8420833333333,152.05192565918
30.84875,154.898643493652
30.8554166666667,156.950950622559
30.8620833333333,158.162117004395
30.86875,158.500671386719
30.8754166666667,157.949447631836
30.8820833333333,156.507968902588
30.88875,154.19340133667
30.8954166666667,151.040077209473
30.9020833333333,147.098541259766
30.90875,142.433166503906
30.9154166666667,137.121200561523
30.9220833333333,131.248950958252
30.92875,124.914646148682
30.9354166666667,118.217468261719
30.9420833333333,111.257553100586
30.94875,104.133605957031
30.9554166666667,96.9452857971191
30.9620833333333,89.7865295410156
30.96875,82.7417373657227
30.9754166666667,75.8848190307617
30.9820833333333,69.2815780639648
30.98875,62.985897064209
30.9954166666667,57.042121887207
31.0020833333333,51.480770111084
31.00875,46.3218688964844
31.0154166666667,41.5759086608887
31.0220833333333,37.2443199157715
31.02875,33.3232879638672
31.0354166666667,29.8008918762207
31.0420833333333,26.6590118408203
31.04875,23.8738059997559
31.0554166666667,21.420955657959
31.0620833333333,19.2751884460449
31.06875,17.4098014831543
31.0754166666667,15.7971382141113
31.0820833333333,14.411449432373
31.08875,13.2288932800293
31.0954166666667,12.2280120849609
31.1020833333333,11.387825012207
31.10875,10.6897354125977
31.1154166666667,10.1175308227539
31.1220833333333,9.65595245361328
31.12875,9.2921257019043
31.1354166666667,9.01603698730469
31.1420833333333,8.81814956665039
31.14875,8.68988037109375
31.1554166666667,8.62216949462891
31.1620833333333,8.60691070556641
31.16875,8.63790512084961
31.1754166666667,8.70895385742188
31.1820833333333,8.81242752075195
31.18875,8.94069671630859
31.1954166666667,9.08660888671875
31.2020833333333,9.24348831176758
31.20875,9.40275192260742
31.2154166666667,9.55677032470703
31.2220833333333,9.69886779785156
31.22875,9.82379913330078
31.2354166666667,9.92870330810547
31.2420833333333,10.012149810791
31.24875,10.0741386413574
31.2554166666667,10.1151466369629
31.2620833333333,10.1380348205566
31.26875,10.1456642150879
31.2754166666667,10.1423263549805
31.2820833333333,10.1318359375
31.28875,10.1180076599121
31.2954166666667,10.1046562194824
31.3020833333333,10.0946426391602
31.30875,10.0903511047363
31.3154166666667,10.0917816162109
31.3220833333333,10.0979804992676
31.32875,10.108470916748
31.3354166666667,10.1208686828613
31.3420833333333,10.1327896118164
31.34875,10.1423263549805
31.3554166666667,10.1480484008789
31.3620833333333,10.1480484008789
31.36875,10.1404190063477
31.3754166666667,10.1227760314941
31.3820833333333,10.0932121276855
31.38875,10.0502967834473
31.3954166666667,9.99307632446289
31.4020833333333,9.92107391357422
31.40875,9.83285903930664
31.4154166666667,9.72843170166016
31.4220833333333,9.60826873779297
31.42875,9.47332382202148
31.4354166666667,9.32598114013672
31.4420833333333,9.16671752929688
31.44875,8.99887084960938
31.4554166666667,8.82673263549805
31.4620833333333,8.65459442138672
31.46875,8.48722457885742
31.4754166666667,8.32986831665039
31.4820833333333,8.19015502929688
31.48875,8.07476043701172
31.4954166666667,7.99131393432617
31.5020833333333,7.94506072998047
31.50875,7.94410705566406
31.5154166666667,7.99417495727539
31.5220833333333,8.1019401550293
31.52875,8.27264785766602
31.5354166666667,8.51297378540039
31.5420833333333,8.82959365844727
31.54875,9.22775268554688
31.5554166666667,9.71269607543945
31.5620833333333,10.2906227111816
31.56875,10.9648704528809
31.5754166666667,11.7392539978027
31.5820833333333,12.6161575317383
31.58875,13.5984420776367
31.5954166666667,14.6870613098145
31.6020833333333,15.8839225769043
31.60875,17.1918869018555
31.6154166666667,18.6123847961426
31.6220833333333,20.1482772827148
31.62875,21.8048095703125
31.6354166666667,23.590087890625
31.6420833333333,25.5136489868164
31.64875,27.587890625
31.6554166666667,29.8304557800293
31.6620833333333,32.2632789611816
31.66875,34.9135398864746
31.6754166666667,37.8084182739258
31.6820833333333,40.9808158874512
31.68875,44.464111328125
31.6954166666667,48.2902526855469
31.7020833333333,52.4888038635254
31.70875,57.0850372314453
31.7154166666667,62.0970726013184
31.7220833333333,67.5296783447266
31.72875,73.3709335327148
31.7354166666667,79.5941352844238
31.7420833333333,86.1544609069824
31.74875,92.9827690124512
31.7554166666667,99.9865531921387
31.7620833333333,107.052326202393
31.76875,114.048957824707
31.7754166666667,120.829582214355
31.7820833333333,127.236843109131
31.78875,133.107662200928
31.7954166666667,138.283729553223
31.8020833333333,142.617225646973
31.80875,145.980358123779
31.8154166666667,148.269653320313
31.8220833333333,149.408340454102
31.82875,149.35302734375
31.8354166666667,148.099422454834
31.8420833333333,145.675659179688
31.84875,142.139434814453
31.8554166666667,137.579441070557
31.8620833333333,132.1120262146
31.86875,125.873565673828
31.8754166666667,119.009971618652
31.8820833333333,111.674308776855
31.88875,104.023456573486
31.8954166666667,96.2119102478027
31.9020833333333,88.3841514587402
31.90875,80.6713104248047
31.9154166666667,73.1873512268066
31.9220833333333,66.0295486450195
31.92875,59.2794418334961
31.9354166666667,52.9975891113281
31.9420833333333,47.2221374511719
31.94875,41.9745445251465
31.9554166666667,37.2610092163086
31.9620833333333,33.0753326416016
31.96875,29.3974876403809
31.9754166666667,26.1960029602051
31.9820833333333,23.4322547912598
31.98875,21.0647583007813
31.9954166666667,19.050121307373
32.0020833333333,17.3439979553223
32.00875,15.9025192260742
32.0154166666667,14.6827697753906
32.0220833333333,13.646125793457
32.02875,12.7592086791992
32.0354166666667,11.9915008544922
32.0420833333333,11.3191604614258
32.04875,10.7226371765137
32.0554166666667,10.1842880249023
32.0620833333333,9.69409942626953
32.06875,9.24253463745117
32.0754166666667,8.82291793823242
32.0820833333333,8.43095779418945
32.08875,8.06331634521484
32.0954166666667,7.71999359130859
32.1020833333333,7.4005126953125
32.10875,7.10725784301758
32.1154166666667,6.84165954589844
32.1220833333333,6.60467147827148
32.12875,6.39772415161133
32.1354166666667,6.22081756591797
32.1420833333333,6.07442855834961
32.14875,5.95617294311523
32.1554166666667,5.86414337158203
32.1620833333333,5.79690933227539
32.16875,5.7530403137207
32.1754166666667,5.72919845581055
32.1820833333333,5.72347640991211
32.18875,5.73301315307617
32.1954166666667,5.75542449951172
32.2020833333333,5.78641891479492
32.20875,5.82313537597656
32.2154166666667,5.86223602294922
32.2220833333333,5.89942932128906
32.22875,5.93233108520508
32.2354166666667,5.95903396606445
32.2420833333333,5.97667694091797
32.24875,5.98382949829102
32.2554166666667,5.97858428955078
32.2620833333333,5.96094131469727
32.26875,5.93137741088867
32.2754166666667,5.89084625244141
32.2820833333333,5.84077835083008
32.28875,5.78403472900391
32.2954166666667,5.7225227355957
32.3020833333333,5.65958023071289
32.30875,5.59663772583008
32.3154166666667,5.53607940673828
32.3220833333333,5.47933578491211
32.32875,5.42879104614258
32.3354166666667,5.38539886474609
32.3420833333333,5.35011291503906
32.34875,5.32245635986328
32.3554166666667,5.30242919921875
32.3620833333333,5.28907775878906
32.36875,5.28383255004883
32.3754166666667,5.28430938720703
32.3820833333333,5.29003143310547
32.38875,5.29909133911133
32.3954166666667,5.31196594238281
32.4020833333333,5.3257942199707
32.40875,5.33771514892578
32.4154166666667,5.34677505493164
32.4220833333333,5.35440444946289
32.42875,5.35869598388672
32.4354166666667,5.36012649536133
32.4420833333333,5.35726547241211
32.44875,5.35154342651367
32.4554166666667,5.34296035766602
32.4620833333333,5.33294677734375
32.46875,5.32197952270508
32.4754166666667,5.31196594238281
32.4820833333333,5.30433654785156
32.48875,5.30099868774414
32.4954166666667,5.30433654785156
32.5020833333333,5.31578063964844
32.50875,5.33771514892578
32.5154166666667,5.3715705871582
32.5220833333333,5.41782379150391
32.52875,5.47647476196289
32.5354166666667,5.54895401000977
32.5420833333333,5.63573837280273
32.54875,5.73635101318359
32.5554166666667,5.85126876831055
32.5620833333333,5.97953796386719
32.56875,6.12163543701172
32.5754166666667,6.27470016479492
32.5820833333333,6.43682479858398
32.58875,6.6070556640625
32.5954166666667,6.78443908691406
32.6020833333333,6.96849822998047
32.60875,7.15875625610352
32.6154166666667,7.35616683959961
32.6220833333333,7.56168365478516
32.62875,7.77673721313477
32.6354166666667,8.00275802612305
32.6420833333333,8.24213027954102
32.64875,8.49676132202148
32.6554166666667,8.76903533935547
32.6620833333333,9.06085968017578
32.66875,9.37366485595703
32.6754166666667,9.70840454101563
32.6820833333333,10.0674629211426
32.68875,10.4508399963379
32.6954166666667,10.8590126037598
32.7020833333333,11.2905502319336
32.70875,11.7425918579102
32.7154166666667,12.2113227844238
32.7220833333333,12.6900672912598
32.72875,13.1735801696777
32.7354166666667,13.6547088623047
32.7420833333333,14.124870300293
32.74875,14.5764350891113
32.7554166666667,15.0008201599121
32.7620833333333,15.3894424438477
32.76875,15.7332420349121
32.7754166666667,16.0260200500488
32.7820833333333,16.261100769043
32.78875,16.4332389831543
32.7954166666667,16.5395736694336
32.8020833333333,16.5786743164063
32.80875,16.5510177612305
32.8154166666667,16.4585113525391
32.8220833333333,16.3040161132813
32.82875,16.0937309265137
32.8354166666667,15.8343315124512
32.8420833333333,15.5329704284668
32.84875,15.1982307434082
32.8554166666667,14.8391723632813
32.8620833333333,14.4624710083008
32.86875,14.0771865844727
32.8754166666667,13.6885643005371
32.8820833333333,13.300895690918
32.88875,12.9170417785645
32.8954166666667,12.5412940979004
32.9020833333333,12.1750831604004
32.90875,11.8203163146973
32.9154166666667,11.4779472351074
32.9220833333333,11.1489295959473
32.92875,10.8356475830078
32.9354166666667,10.5400085449219
32.9420833333333,10.2629661560059
32.94875,10.004997253418
32.9554166666667,9.76943969726563
32.9620833333333,9.55867767333984
32.96875,9.37509536743164
32.9754166666667,9.21964645385742
32.9820833333333,9.09328460693359
32.98875,8.99791717529297
32.9954166666667,8.93211364746094
33.0020833333333,8.89396667480469
33.00875,8.8801383972168
33.0154166666667,8.88586044311523
33.0220833333333,8.90684127807617
33.02875,8.93735885620117
33.0354166666667,8.97216796875
33.0420833333333,9.00697708129883
33.04875,9.03749465942383
33.0554166666667,9.05895233154297
33.0620833333333,9.06944274902344
33.06875,9.06801223754883
33.0754166666667,9.05418395996094
33.0820833333333,9.03034210205078
33.08875,8.99934768676758
33.0954166666667,8.96453857421875
33.1020833333333,8.92925262451172
33.10875,8.89492034912109
33.1154166666667,8.8653564453125
33.1220833333333,8.84151458740234
33.12875,8.82244110107422
33.1354166666667,8.80956649780273
33.1420833333333,8.80193710327148
33.14875,8.79859924316406
33.1554166666667,8.79716873168945
33.1620833333333,8.79383087158203
33.16875,8.78715515136719
33.1754166666667,8.77571105957031
33.1820833333333,8.7590217590332
33.18875,8.73708724975586
33.1954166666667,8.71133804321289
33.2020833333333,8.68558883666992
33.20875,8.66222381591797
33.2154166666667,8.64553451538086
33.2220833333333,8.636474609375
33.22875,8.63742828369141
33.2354166666667,8.64934921264648
33.2420833333333,8.67319107055664
33.24875,8.70800018310547
33.2554166666667,8.75234603881836
33.2620833333333,8.8038444519043
33.26875,8.86058807373047
33.2754166666667,8.91780853271484
33.2820833333333,8.9716911315918
33.28875,9.0179443359375
33.2954166666667,9.05466079711914
33.3020833333333,9.0794563293457
33.30875,9.09090042114258
33.3154166666667,9.09042358398438
33.3220833333333,9.07754898071289
33.32875,9.05609130859375
33.3354166666667,9.02700424194336
33.3420833333333,8.99600982666016
33.34875,8.96692276000977
33.3554166666667,8.94451141357422
33.3620833333333,8.93259048461914
33.36875,8.93545150756836
33.3754166666667,8.95547866821289
33.3820833333333,8.99457931518555
33.38875,9.05370712280273
33.3954166666667,9.13143157958984
33.4020833333333,9.22679901123047
33.40875,9.33504104614258
33.4154166666667,9.45186614990234
33.4220833333333,9.57345962524414
33.42875,9.69505310058594
33.4354166666667,9.8109245300293
33.4420833333333,9.91678237915039
33.44875,10.0088119506836
33.4554166666667,10.0860595703125
33.4620833333333,10.1456642150879
33.46875,10.1876258850098
33.4754166666667,10.2128982543945
33.4820833333333,10.225772857666
33.48875,10.2295875549316
33.4954166666667,10.2291107177734
33.5020833333333,10.2276802062988
33.50875,10.230541229248
33.5154166666667,10.2434158325195
33.5220833333333,10.2715492248535
33.52875,10.3192329406738
33.5354166666667,10.3898048400879
33.5420833333333,10.4875564575195
33.54875,10.615348815918
33.5554166666667,10.7712745666504
33.5620833333333,10.9524726867676
33.56875,11.1527442932129
33.5754166666667,11.3654136657715
33.5820833333333,11.5809440612793
33.58875,11.7893218994141
33.5954166666667,11.9800567626953
33.6020833333333,12.1407508850098
33.60875,12.260913848877
33.6154166666667,12.331485748291
33.6220833333333,12.3443603515625
33.62875,12.293815612793
33.6354166666667,12.176513671875
33.6420833333333,11.9943618774414
33.64875,11.7521286010742
33.6554166666667,11.4579200744629
33.6620833333333,11.1222267150879
33.66875,10.7564926147461
33.6754166666667,10.3750228881836
33.6820833333333,9.99069213867188
33.68875,9.61732864379883
33.6954166666667,9.26637649536133
33.7020833333333,8.94641876220703
33.70875,8.66556167602539
33.7154166666667,8.42952728271484
33.7220833333333,8.24165344238281
33.72875,8.10098648071289
33.7354166666667,8.00561904907227
33.7420833333333,7.95173645019531
33.74875,7.9345703125
33.7554166666667,7.94744491577148
33.7620833333333,7.98320770263672
33.76875,8.03613662719727
33.7754166666667,8.10050964355469
33.7820833333333,8.17108154296875
33.78875,8.24451446533203
33.7954166666667,8.3165168762207
33.8020833333333,8.38422775268555
33.80875,8.44430923461914
33.8154166666667,8.49580764770508
33.8220833333333,8.53776931762695
33.82875,8.57067108154297
33.8354166666667,8.59546661376953
33.8420833333333,8.61310958862305
33.84875,8.62598419189453
33.8554166666667,8.63409042358398
33.8620833333333,8.63885879516602
33.86875,8.64028930664063
33.8754166666667,8.63885879516602
33.8820833333333,8.63456726074219
33.88875,8.62884521484375
33.8954166666667,8.62026214599609
33.9020833333333,8.60786437988281
33.90875,8.5902214050293
33.9154166666667,8.56733322143555
33.9220833333333,8.53824615478516
33.92875,8.4996223449707
33.9354166666667,8.45193862915039
33.9420833333333,8.39567184448242
33.94875,8.3308219909668
33.9554166666667,8.25595855712891
33.9620833333333,8.17155838012695
33.96875,8.08000564575195
33.9754166666667,7.98225402832031
33.9820833333333,7.87925720214844
33.98875,7.77292251586914
33.9954166666667,7.66468048095703
34.0020833333333,7.55786895751953
34.00875,7.45487213134766
34.0154166666667,7.35712051391602
34.0220833333333,7.26652145385742
34.02875,7.18402862548828
34.0354166666667,7.11297988891602
34.0420833333333,7.05432891845703
34.04875,7.00759887695313
34.0554166666667,6.97183609008789
34.0620833333333,6.94656372070313
34.06875,6.93225860595703
34.0754166666667,6.92653656005859
34.0820833333333,6.927490234375
34.08875,6.93273544311523
34.0954166666667,6.94179534912109
34.1020833333333,6.95419311523438
34.10875,6.96611404418945
34.1154166666667,6.97565078735352
34.1220833333333,6.98089599609375
34.12875,6.98089599609375
34.1354166666667,6.97469711303711
34.1420833333333,6.96182250976563
34.14875,6.94084167480469
34.1554166666667,6.9122314453125
34.1620833333333,6.87456130981445
34.16875,6.82973861694336
34.1754166666667,6.77728652954102
34.1820833333333,6.71815872192383
34.18875,6.65378570556641
34.1954166666667,6.58512115478516
34.2020833333333,6.51454925537109
34.20875,6.44254684448242
34.2154166666667,6.37006759643555
34.2220833333333,6.29806518554688
34.22875,6.22749328613281
34.2354166666667,6.16073608398438
34.2420833333333,6.09922409057617
34.24875,6.0420036315918
34.2554166666667,5.99002838134766
34.2620833333333,5.94472885131836
34.26875,5.90610504150391
34.2754166666667,5.87368011474609
34.2820833333333,5.84745407104492
34.28875,5.82790374755859
34.2954166666667,5.81693649291992
34.3020833333333,5.81502914428711
34.30875,5.82408905029297
34.3154166666667,5.84554672241211
34.3220833333333,5.88083267211914
34.32875,5.93328475952148
34.3354166666667,6.00433349609375
34.3420833333333,6.09731674194336
34.34875,6.21461868286133
34.3554166666667,6.35671615600586
34.3620833333333,6.52551651000977
34.36875,6.72101974487305
34.3754166666667,6.9432258605957
34.3820833333333,7.18975067138672
34.38875,7.46059417724609
34.3954166666667,7.7519416809082
34.4020833333333,8.05997848510742
34.40875,8.38088989257813
34.4154166666667,8.70990753173828
34.4220833333333,9.03940200805664
34.42875,9.36174392700195
34.4354166666667,9.67073440551758
34.4420833333333,9.96112823486328
34.44875,10.228157043457
34.4554166666667,10.4670524597168
34.4620833333333,10.6759071350098
34.46875,10.8542442321777
34.4754166666667,11.0034942626953
34.4820833333333,11.1269950866699
34.48875,11.2290382385254
34.4954166666667,11.3167762756348
34.5020833333333,11.4006996154785
34.50875,11.4927291870117
34.5154166666667,11.6076469421387
34.5220833333333,11.7611885070801
34.52875,11.9690895080566
34.5354166666667,12.2528076171875
34.5420833333333,12.6347541809082
34.54875,13.1402015686035
34.5554166666667,13.7972831726074
34.5620833333333,14.6369934082031
34.56875,15.6965255737305
34.5754166666667,17.0178413391113
34.5820833333333,18.6476707458496
34.58875,20.6384658813477
34.5954166666667,23.0493545532227
34.6020833333333,25.944709777832
34.60875,29.3917655944824
34.6154166666667,33.4610939025879
34.6220833333333,38.2251739501953
34.62875,43.7531471252441
34.6354166666667,50.102710723877
34.6420833333333,57.3182106018066
34.64875,65.424919128418
34.6554166666667,74.4242668151855
34.6620833333333,84.2828750610352
34.66875,94.9287414550781
34.6754166666667,106.245517730713
34.6820833333333,118.072509765625
34.68875,130.208969116211
34.6954166666667,142.412185668945
34.7020833333333,154.404163360596
34.70875,165.881156921387
34.7154166666667,176.528930664063
34.7220833333333,186.036586761475
34.72875,194.11039352417
34.7354166666667,200.488567352295
34.7420833333333,204.955101013184
34.74875,207.355499267578
34.7554166666667,207.606315612793
34.7620833333333,205.695152282715
34.76875,201.68399810791
34.7754166666667,195.706367492676
34.7820833333333,187.963008880615
34.78875,178.708076477051
34.7954166666667,168.231964111328
34.8020833333333,156.850337982178
34.80875,144.890308380127
34.8154166666667,132.673740386963
34.8220833333333,120.503902435303
34.82875,108.650684356689
34.8354166666667,97.348690032959
34.8420833333333,86.7910385131836
34.84875,77.125072479248
34.8554166666667,68.448543548584
34.8620833333333,60.8158111572266
34.86875,54.2440414428711
34.8754166666667,48.7165451049805
34.8820833333333,44.189453125
34.88875,40.5941009521484
34.8954166666667,37.8446578979492
34.9020833333333,35.8428955078125
34.90875,34.4886779785156
34.9154166666667,33.6766242980957
34.9220833333333,33.3042144775391
34.92875,33.2708358764648
34.9354166666667,33.482551574707
34.9420833333333,33.851146697998
34.94875,34.2979431152344
34.9554166666667,34.7552299499512
34.9620833333333,35.1648330688477
34.96875,35.4814529418945
34.9754166666667,35.6717109680176
34.9820833333333,35.7189178466797
34.98875,35.618782043457
34.9954166666667,35.377025604248
35.0020833333333,35.0141525268555
35.00875,34.5592498779297
35.0154166666667,34.0499877929688
35.0220833333333,33.5302352905273
35.02875,33.0467224121094
35.0354166666667,32.6485633850098
35.0420833333333,32.3824882507324
35.04875,32.2914123535156
35.0554166666667,32.4101448059082
35.0620833333333,32.7663421630859
35.06875,33.3757400512695
35.0754166666667,34.2421531677246
35.0820833333333,35.3550910949707
35.08875,36.6907119750977
35.0954166666667,38.2113456726074
35.1020833333333,39.8683547973633
35.10875,41.602611541748
35.1154166666667,43.3473587036133
35.1220833333333,45.0310707092285
35.12875,46.5817451477051
35.1354166666667,47.9311943054199
35.1420833333333,49.013614654541
35.14875,49.7736930847168
35.1554166666667,50.1666069030762
35.1620833333333,50.1632690429688
35.16875,49.7512817382813
35.1754166666667,48.9306449890137
35.1820833333333,47.7185249328613
35.18875,46.1468696594238
35.1954166666667,44.2585945129395
35.2020833333333,42.1037673950195
35.20875,39.7396087646484
35.2154166666667,37.2271537780762
35.2220833333333,34.6293449401855
35.22875,32.0062637329102
35.2354166666667,29.4137001037598
35.2420833333333,26.9007682800293
35.24875,24.5084762573242
35.2554166666667,22.2692489624023
35.2620833333333,20.207405090332
35.26875,18.3382034301758
35.2754166666667,16.6687965393066
35.2820833333333,15.1991844177246
35.28875,13.9265060424805
35.2954166666667,12.8412246704102
35.3020833333333,11.932373046875
35.30875,11.1851692199707
35.3154166666667,10.5838775634766
35.3220833333333,10.1132392883301
35.32875,9.75608825683594
35.3354166666667,9.49764251708984
35.3420833333333,9.32168960571289
35.34875,9.21297073364258
35.3554166666667,9.15813446044922
35.3620833333333,9.14669036865234
35.36875,9.16767120361328
35.3754166666667,9.21058654785156
35.3820833333333,9.26876068115234
35.38875,9.33504104614258
35.3954166666667,9.40418243408203
35.4020833333333,9.46903228759766
35.40875,9.52577590942383
35.4154166666667,9.57107543945313
35.4220833333333,9.60302352905273
35.42875,9.61923599243164
35.4354166666667,9.61875915527344
35.4420833333333,9.60206985473633
35.44875,9.57059860229492
35.4554166666667,9.52529907226563
35.4620833333333,9.46807861328125
35.46875,9.40132141113281
35.4754166666667,9.32788848876953
35.4820833333333,9.25064086914063
35.48875,9.17291641235352
35.4954166666667,9.09757614135742
35.5020833333333,9.02938842773438
35.50875,8.97216796875
35.5154166666667,8.92972946166992
35.5220833333333,8.90445709228516
35.52875,8.90016555786133
35.5354166666667,8.91923904418945
35.5420833333333,8.96358489990234
35.54875,9.0336799621582
35.5554166666667,9.13000106811523
35.5620833333333,9.25445556640625
35.56875,9.40608978271484
35.5754166666667,9.58442687988281
35.5820833333333,9.78899002075195
35.58875,10.0183486938477
35.5954166666667,10.2715492248535
35.6020833333333,10.5462074279785
35.60875,10.8428001403809
35.6154166666667,11.1589431762695
35.6220833333333,11.4917755126953
35.62875,11.8408203125
35.6354166666667,12.204647064209
35.6420833333333,12.5832557678223
35.64875,12.9737854003906
35.6554166666667,13.3752822875977
35.6620833333333,13.7853622436523
35.66875,14.2025947570801
35.6754166666667,14.6260261535645
35.6820833333333,15.052318572998
35.68875,15.4790878295898
35.6954166666667,15.904426574707
35.7020833333333,16.3264274597168
35.70875,16.7422294616699
35.7154166666667,17.1480178833008
35.7220833333333,17.5399780273438
35.72875,17.9142951965332
35.7354166666667,18.2657241821289
35.7420833333333,18.589973449707
35.74875,18.8822746276855
35.7554166666667,19.1383361816406
35.7620833333333,19.3519592285156
35.76875,19.5183753967285
35.7754166666667,19.6323394775391
35.7820833333333,19.6900367736816
35.78875,19.6857452392578
35.7954166666667,19.6166038513184
35.8020833333333,19.4792747497559
35.80875,19.2737579345703
35.8154166666667,19.0000534057617
35.8220833333333,18.6595916748047
35.82875,18.256664276123
35.8354166666667,17.7960395812988
35.8420833333333,17.2824859619141
35.84875,16.7222023010254
35.8554166666667,16.1218643188477
35.8620833333333,15.4900550842285
35.86875,14.833927154541
35.8754166666667,14.162540435791
35.8820833333333,13.4854316711426
35.88875,12.8111839294434
35.8954166666667,12.148380279541
35.9020833333333,11.5036964416504
35.90875,10.8833312988281
35.9154166666667,10.2934837341309
35.9220833333333,9.73796844482422
35.92875,9.22060012817383
35.9354166666667,8.74519348144531
35.9420833333333,8.31317901611328
35.94875,7.92646408081055
35.9554166666667,7.58457183837891
35.9620833333333,7.28607177734375
35.96875,7.02953338623047
35.9754166666667,6.81257247924805
35.9820833333333,6.63280487060547
35.98875,6.48880004882813
35.9954166666667,6.37578964233398
36.0020833333333,6.29138946533203
36.00875,6.23130798339844
36.0154166666667,6.19411468505859
36.0220833333333,6.17456436157227
36.02875,6.16931915283203
36.0354166666667,6.17504119873047
36.0420833333333,6.18982315063477
36.04875,6.21128082275391
36.0554166666667,6.23655319213867
36.0620833333333,6.26277923583984
36.06875,6.29043579101563
36.0754166666667,6.3176155090332
36.0820833333333,6.34288787841797
36.08875,6.36529922485352
36.0954166666667,6.38484954833984
36.1020833333333,6.39963150024414
36.10875,6.4091682434082
36.1154166666667,6.41345977783203
36.1220833333333,6.41202926635742
36.12875,6.40583038330078
36.1354166666667,6.39438629150391
36.1420833333333,6.37960433959961
36.14875,6.36148452758789
36.1554166666667,6.34193420410156
36.1620833333333,6.32333755493164
36.16875,6.30664825439453
36.1754166666667,6.29329681396484
36.1820833333333,6.28519058227539
36.18875,6.28376007080078
36.1954166666667,6.29091262817383
36.2020833333333,6.30807876586914
36.20875,6.33716583251953
36.2154166666667,6.38103485107422
36.2220833333333,6.44111633300781
36.22875,6.51884078979492
36.2354166666667,6.61468505859375
36.2420833333333,6.7286491394043
36.24875,6.86073303222656
36.2554166666667,7.01093673706055
36.2620833333333,7.17878341674805
36.26875,7.36474990844727
36.2754166666667,7.56931304931641
36.2820833333333,7.79056549072266
36.28875,8.02755355834961
36.2954166666667,8.27789306640625
36.3020833333333,8.54063034057617
36.30875,8.81242752075195
36.3154166666667,9.09185409545898
36.3220833333333,9.37509536743164
36.32875,9.66215133666992
36.3354166666667,9.9492073059082
36.3420833333333,10.2324485778809
36.34875,10.5090141296387
36.3554166666667,10.7769966125488
36.3620833333333,11.0344886779785
36.36875,11.2776756286621
36.3754166666667,11.5046501159668
36.3820833333333,11.7135047912598
36.38875,11.9028091430664
36.3954166666667,12.0701789855957
36.4020833333333,12.214183807373
36.40875,12.333869934082
36.4154166666667,12.4297142028809
36.4220833333333,12.5007629394531
36.42875,12.5489234924316
36.4354166666667,12.5741958618164
36.4420833333333,12.5784873962402
36.44875,12.5637054443359
36.4554166666667,12.5322341918945
36.4620833333333,12.4874114990234
36.46875,12.4325752258301
36.4754166666667,12.3696327209473
36.4820833333333,12.3038291931152
36.48875,12.2389793395996
36.4954166666667,12.178897857666
36.5020833333333,12.1250152587891
36.50875,12.0787620544434
36.5154166666667,12.0429992675781
36.5220833333333,12.0172500610352
36.52875,12.0024681091309
36.5354166666667,11.9972229003906
36.5420833333333,12.0019912719727
36.54875,12.0148658752441
36.5554166666667,12.0329856872559
36.5620833333333,12.0549201965332
36.56875,12.0768547058105
36.5754166666667,12.0959281921387
36.5820833333333,12.108325958252
36.58875,12.110710144043
36.5954166666667,12.0992660522461
36.6020833333333,12.0725631713867
36.60875,12.028694152832
36.6154166666667,11.9671821594238
36.6220833333333,11.8885040283203
36.62875,11.7921829223633
36.6354166666667,11.6791725158691
36.6420833333333,11.5494728088379
36.64875,11.4045143127441
36.6554166666667,11.2452507019043
36.6620833333333,11.0740661621094
36.66875,10.8933448791504
36.6754166666667,10.7078552246094
36.6820833333333,10.5199813842773
36.68875,10.3306770324707
36.6954166666667,10.1418495178223
36.7020833333333,9.95683670043945
36.70875,9.77802276611328
36.7154166666667,9.60540771484375
36.7220833333333,9.44089889526367
36.72875,9.28688049316406
36.7354166666667,9.14573669433594
36.7420833333333,9.01651382446289
36.74875,8.90064239501953
36.7554166666667,8.79907608032227
36.7620833333333,8.7127685546875
36.76875,8.64076614379883
36.7754166666667,8.58259201049805
36.7820833333333,8.53919982910156
36.78875,8.51249694824219
36.7954166666667,8.50343704223633
36.8020833333333,8.51154327392578
36.80875,8.53872299194336
36.8154166666667,8.58592987060547
36.8220833333333,8.65364074707031
36.82875,8.7428092956543
36.8354166666667,8.85534286499023
36.8420833333333,8.99410247802734
36.84875,9.16194915771484
36.8554166666667,9.36174392700195
36.8620833333333,9.59491729736328
36.86875,9.86385345458984
36.8754166666667,10.1723670959473
36.8820833333333,10.5223655700684
36.88875,10.9162330627441
36.8954166666667,11.3568305969238
36.9020833333333,11.847972869873
36.90875,12.3910903930664
36.9154166666667,12.9876136779785
36.9220833333333,13.6361122131348
36.92875,14.3365859985352
36.9354166666667,15.0866508483887
36.9420833333333,15.8820152282715
36.94875,16.718864440918
36.9554166666667,17.5919532775879
36.9620833333333,18.4946060180664
36.96875,19.4177627563477
36.9754166666667,20.3518867492676
36.9820833333333,21.2879180908203
36.98875,22.2153663635254
36.9954166666667,23.1227874755859
37.0020833333333,23.9982604980469
37.00875,24.8327255249023
37.0154166666667,25.6180763244629
37.0220833333333,26.3447761535645
37.02875,27.005672454834
37.0354166666667,27.5940895080566
37.0420833333333,28.1076431274414
37.04875,28.5458564758301
37.0554166666667,28.9101600646973
37.0620833333333,29.2057991027832
37.06875,29.4418334960938
37.0754166666667,29.6297073364258
37.0820833333333,29.7818183898926
37.08875,29.9139022827148
37.0954166666667,30.0431251525879
37.1020833333333,30.1852226257324
37.10875,30.3592681884766
37.1154166666667,30.5843353271484
37.1220833333333,30.8809280395508
37.12875,31.2690734863281
37.1354166666667,31.7659378051758
37.1420833333333,32.3901176452637
37.14875,33.1587791442871
37.1554166666667,34.0871810913086
37.1620833333333,35.1881980895996
37.16875,36.473274230957
37.1754166666667,37.9514694213867
37.1820833333333,39.6332740783691
37.18875,41.5263175964355
37.1954166666667,43.6367988586426
37.2020833333333,45.9690093994141
37.20875,48.5286712646484
37.2154166666667,51.3200759887695
37.2220833333333,54.3479919433594
37.22875,57.6167106628418
37.2354166666667,61.1300468444824
37.2420833333333,64.8918151855469
37.24875,68.9067840576172
37.2554166666667,73.1801986694336
37.2620833333333,77.7168273925781
37.26875,82.5209617614746
37.2754166666667,87.5949859619141
37.2820833333333,92.9412841796875
37.28875,98.5612869262695
37.2954166666667,104.457378387451
37.3020833333333,110.626220703125
37.30875,117.06018447876
37.3154166666667,123.746395111084
37.3220833333333,130.668163299561
37.32875,137.805461883545
37.3354166666667,145.129680633545
37.3420833333333,152.603149414063
37.34875,160.182952880859
37.3554166666667,167.819499969482
37.3620833333333,175.457954406738
37.36875,183.034896850586
37.3754166666667,190.477848052979
37.3820833333333,197.710990905762
37.38875,204.652309417725
37.3954166666667,211.219310760498
37.4020833333333,217.32759475708
37.40875,222.890853881836
37.4154166666667,227.824211120605
37.4220833333333,232.049465179443
37.42875,235.495090484619
37.4354166666667,238.096714019775
37.4420833333333,239.797592163086
37.44875,240.55290222168
37.4554166666667,240.333557128906
37.4620833333333,239.12239074707
37.46875,236.915111541748
37.4754166666667,233.723163604736
37.4820833333333,229.574680328369
37.48875,224.512577056885
37.4954166666667,218.593597412109
37.5020833333333,211.884498596191
37.50875,204.465866088867
37.5154166666667,196.428298950195
37.5220833333333,187.868118286133
37.52875,178.887844085693
37.5354166666667,169.588088989258
37.5420833333333,160.072326660156
37.54875,150.443077087402
37.5554166666667,140.799045562744
37.5620833333333,131.234645843506
37.56875,121.831893920898
37.5754166666667,112.66565322876
37.5820833333333,103.804588317871
37.58875,95.3097343444824
37.5954166666667,87.2297286987305
37.6020833333333,79.5979499816895
37.60875,72.4411010742188
37.6154166666667,65.7782554626465
37.6220833333333,59.6194267272949
37.62875,53.9641380310059
37.6354166666667,48.804759979248
37.6420833333333,44.12841796875
37.64875,39.9184226989746
37.6554166666667,36.1537933349609
37.6620833333333,32.808780670166
37.66875,29.8566818237305
37.6754166666667,27.2660255432129
37.6820833333333,25.0082015991211
37.68875,23.0522155761719
37.6954166666667,21.3689804077148
37.7020833333333,19.9289321899414
37.70875,18.704891204834
37.7154166666667,17.669677734375
37.7220833333333,16.7989730834961
37.72875,16.0703659057617
37.7354166666667,15.4638290405273
37.7420833333333,14.960765838623
37.74875,14.5440101623535
37.7554166666667,14.1987800598145
37.7620833333333,13.9131546020508
37.76875,13.6775970458984
37.7754166666667,13.4820938110352
37.7820833333333,13.3190155029297
37.78875,13.1826400756836
37.7954166666667,13.0696296691895
37.8020833333333,12.977123260498
37.80875,12.904167175293
37.8154166666667,12.8512382507324
37.8220833333333,12.8202438354492
37.82875,12.8135681152344
37.8354166666667,12.8340721130371
37.8420833333333,12.8850936889648
37.84875,12.9704475402832
37.8554166666667,13.0929946899414
37.8620833333333,13.2560729980469
37.86875,13.4625434875488
37.8754166666667,13.7152671813965
37.8820833333333,14.0156745910645
37.88875,14.3647193908691
37.8954166666667,14.7652626037598
37.9020833333333,15.2187347412109
37.90875,15.7222747802734
37.9154166666667,16.2744522094727
37.9220833333333,16.8724060058594
37.92875,17.5113677978516
37.9354166666667,18.1865692138672
37.9420833333333,18.8918113708496
37.94875,19.620418548584
37.9554166666667,20.3642845153809
37.9620833333333,21.1153030395508
37.96875,21.8639373779297
37.9754166666667,22.5996971130371
37.9820833333333,23.310661315918
37.98875,23.98681640625
37.9954166666667,24.6171951293945
38.0020833333333,25.1927375793457
38.00875,25.7039070129395
38.0154166666667,26.1421203613281
38.0220833333333,26.5002250671387
38.02875,26.7715454101563
38.0354166666667,26.9508361816406
38.0420833333333,27.0347595214844
38.04875,27.0214080810547
38.0554166666667,26.9098281860352
38.0620833333333,26.6990661621094
38.06875,26.3915061950684
38.0754166666667,25.9919166564941
38.0820833333333,25.505542755127
38.08875,24.937629699707
38.0954166666667,24.2948532104492
38.1020833333333,23.5881805419922
38.10875,22.8266716003418
38.1154166666667,22.0189094543457
38.1220833333333,21.1739540100098
38.12875,20.3003883361816
38.1354166666667,19.4091796875
38.1420833333333,18.5089111328125
38.14875,17.608642578125
38.1554166666667,16.7179107666016
38.1620833333333,15.845775604248
38.16875,14.9984359741211
38.1754166666667,14.1825675964355
38.1820833333333,13.4029388427734
38.18875,12.664794921875
38.1954166666667,11.970043182373
38.2020833333333,11.3210678100586
38.20875,10.718822479248
38.2154166666667,10.1661682128906
38.2220833333333,9.66262817382813
38.22875,9.20772552490234
38.2354166666667,8.79955291748047
38.2420833333333,8.43715667724609
38.24875,8.11910629272461
38.2554166666667,7.84397125244141
38.2620833333333,7.60841369628906
38.26875,7.40957260131836
38.2754166666667,7.24554061889648
38.2820833333333,7.11536407470703
38.28875,7.01522827148438
38.2954166666667,6.94179534912109
38.3020833333333,6.89315795898438
38.30875,6.86836242675781
38.3154166666667,6.86359405517578
38.3220833333333,6.87742233276367
38.32875,6.90746307373047
38.3354166666667,6.95133209228516
38.3420833333333,7.00807571411133
38.34875,7.07578659057617
38.3554166666667,7.15208053588867
38.3620833333333,7.23409652709961
38.36875,7.31992721557617
38.3754166666667,7.40957260131836
38.3820833333333,7.50017166137695
38.38875,7.59029388427734
38.3954166666667,7.67707824707031
38.4020833333333,7.75909423828125
38.40875,7.83491134643555
38.4154166666667,7.90214538574219
38.4220833333333,7.95888900756836
38.42875,8.00418853759766
38.4354166666667,8.03804397583008
38.4420833333333,8.05950164794922
38.44875,8.06713104248047
38.4554166666667,8.05997848510742
38.4620833333333,8.03661346435547
38.46875,7.99703598022461
38.4754166666667,7.94124603271484
38.4820833333333,7.86924362182617
38.48875,7.781982421875
38.4954166666667,7.68089294433594
38.5020833333333,7.56740570068359
38.50875,7.44342803955078
38.5154166666667,7.3089599609375
38.5220833333333,7.16590881347656
38.52875,7.01570510864258
38.5354166666667,6.86025619506836
38.5420833333333,6.70003890991211
38.54875,6.53600692749023
38.5554166666667,6.36911392211914
38.5620833333333,6.20079040527344
38.56875,6.03246688842773
38.5754166666667,5.86509704589844
38.5820833333333,5.70154190063477
38.58875,5.54370880126953
38.5954166666667,5.39255142211914
38.6020833333333,5.24663925170898
38.60875,5.10740280151367
38.6154166666667,4.97341156005859
38.6220833333333,4.84561920166016
38.62875,4.72450256347656
38.6354166666667,4.6086311340332
38.6420833333333,4.50038909912109
38.64875,4.39882278442383
38.6554166666667,4.30488586425781
38.6620833333333,4.21762466430664
38.66875,4.13656234741211
38.6754166666667,4.06265258789063
38.6820833333333,3.99303436279297
38.68875,3.92866134643555
38.6954166666667,3.86762619018555
38.7020833333333,3.81183624267578
38.70875,3.76033782958984
38.7154166666667,3.71360778808594
38.7220833333333,3.67212295532227
38.72875,3.63540649414063
38.7354166666667,3.60345840454102
38.7420833333333,3.57532501220703
38.74875,3.55148315429688
38.7554166666667,3.53145599365234
38.7620833333333,3.51619720458984
38.76875,3.50570678710938
38.7754166666667,3.49950790405273
38.7820833333333,3.49855422973633
38.78875,3.50141525268555
38.7954166666667,3.50761413574219
38.8020833333333,3.51667404174805
38.80875,3.52907180786133
38.8154166666667,3.54480743408203
38.8220833333333,3.56388092041016
38.82875,3.5858154296875
38.8354166666667,3.61204147338867
38.8420833333333,3.64255905151367
38.84875,3.6778450012207
38.8554166666667,3.71694564819336
38.8620833333333,3.76033782958984
38.86875,3.80849838256836
38.8754166666667,3.85904312133789
38.8820833333333,3.91197204589844
38.88875,3.9668083190918
38.8954166666667,4.02355194091797
38.9020833333333,4.08172607421875
38.90875,4.14228439331055
38.9154166666667,4.20427322387695
38.9220833333333,4.26959991455078
38.92875,4.33635711669922
38.9354166666667,4.40406799316406
38.9420833333333,4.47368621826172
38.94875,4.54378128051758
38.9554166666667,4.61292266845703
38.9620833333333,4.68063354492188
38.96875,4.74739074707031
38.9754166666667,4.81319427490234
38.9820833333333,4.87661361694336
38.98875,4.93717193603516
38.9954166666667,4.99391555786133
39.0020833333333,5.04732131958008
39.00875,5.09786605834961
39.0154166666667,5.14554977416992
39.0220833333333,5.19084930419922
39.02875,5.2337646484375
39.0354166666667,5.27524948120117
39.0420833333333,5.31578063964844
39.04875,5.35345077514648
39.0554166666667,5.38873672485352
39.0620833333333,5.42163848876953
39.06875,5.45406341552734
39.0754166666667,5.48791885375977
39.0820833333333,5.52558898925781
39.08875,5.56755065917969
39.0954166666667,5.615234375
39.1020833333333,5.67007064819336
39.10875,5.73301315307617
39.1154166666667,5.80453872680664
39.1220833333333,5.88607788085938
39.12875,5.97906112670898
39.1354166666667,6.08444213867188
39.1420833333333,6.20222091674805
39.14875,6.3328742980957
39.1554166666667,6.47830963134766
39.1620833333333,6.63948059082031
39.16875,6.81638717651367
39.1754166666667,7.00902938842773
39.1820833333333,7.2169303894043
39.18875,7.44056701660156
39.1954166666667,7.67612457275391
39.2020833333333,7.92121887207031
39.20875,8.17441940307617
39.2154166666667,8.43620300292969
39.2220833333333,8.70418548583984
39.22875,8.97598266601563
39.2354166666667,9.25111770629883
39.2420833333333,9.52625274658203
39.24875,9.79852676391602
39.2554166666667,10.063648223877
39.2620833333333,10.3187561035156
39.26875,10.5624198913574
39.2754166666667,10.7917785644531
39.2820833333333,11.0039710998535
39.28875,11.1970901489258
39.2954166666667,11.3677978515625
39.3020833333333,11.5132331848145
39.30875,11.631965637207
39.3154166666667,11.723518371582
39.3220833333333,11.7850303649902
39.32875,11.8160247802734
39.3354166666667,11.8184089660645
39.3420833333333,11.7917060852051
39.34875,11.7359161376953
39.3554166666667,11.6496086120605
39.3620833333333,11.53564453125
39.36875,11.3959312438965
39.3754166666667,11.2309455871582
39.3820833333333,11.0435485839844
39.38875,10.8366012573242
39.3954166666667,10.6124877929688
39.4020833333333,10.3726387023926
39.40875,10.1194381713867
39.4154166666667,9.85574722290039
39.4220833333333,9.58395004272461
39.42875,9.30547714233398
39.4354166666667,9.02175903320313
39.4420833333333,8.73613357543945
39.44875,8.45098495483398
39.4554166666667,8.16774368286133
39.4620833333333,7.88784027099609
39.46875,7.61222839355469
39.4754166666667,7.34281539916992
39.4820833333333,7.08198547363281
39.48875,6.82973861694336
39.4954166666667,6.58559799194336
39.5020833333333,6.34956359863281
39.50875,6.12258911132813
39.5154166666667,5.90610504150391
39.5220833333333,5.69915771484375
39.52875,5.50174713134766
39.5354166666667,5.31435012817383
39.5420833333333,5.13792037963867
39.54875,4.97293472290039
39.5554166666667,4.81891632080078
39.5620833333333,4.67348098754883
39.56875,4.53758239746094
39.5754166666667,4.41122055053711
39.5820833333333,4.29344177246094
39.58875,4.18376922607422
39.5954166666667,4.08220291137695
39.6020833333333,3.98778915405273
39.60875,3.89957427978516
39.6154166666667,3.81755828857422
39.6220833333333,3.74174118041992
39.62875,3.67116928100586
39.6354166666667,3.60679626464844
39.6420833333333,3.54862213134766
39.64875,3.49664688110352
39.6554166666667,3.45134735107422
39.6620833333333,3.41176986694336
39.66875,3.37648391723633
39.6754166666667,3.34548950195313
39.6820833333333,3.31926345825195
39.68875,3.29732894897461
39.6954166666667,3.2801628112793
39.7020833333333,3.2658576965332
39.70875,3.25441360473633
39.7154166666667,3.24726104736328
39.7220833333333,3.24249267578125
39.72875,3.23963165283203
39.7354166666667,3.23820114135742
39.7420833333333,3.23963165283203
39.74875,3.24249267578125
39.7554166666667,3.24583053588867
39.7620833333333,3.2496452331543
39.76875,3.25393676757813
39.7754166666667,3.25727462768555
39.7820833333333,3.25870513916016
39.78875,3.26013565063477
39.7954166666667,3.26156616210938
39.8020833333333,3.26156616210938
39.80875,3.25965881347656
39.8154166666667,3.25775146484375
39.8220833333333,3.25393676757813
39.82875,3.24821472167969
39.8354166666667,3.23915481567383
39.8420833333333,3.22914123535156
39.84875,3.21865081787109
39.8554166666667,3.20720672607422
39.8620833333333,3.19480895996094
39.86875,3.18098068237305
39.8754166666667,3.16619873046875
39.8820833333333,3.15093994140625
39.88875,3.13520431518555
39.8954166666667,3.11899185180664
39.9020833333333,3.10230255126953
39.90875,3.08609008789063
39.9154166666667,3.07035446166992
39.9220833333333,3.05461883544922
39.92875,3.03888320922852
39.9354166666667,3.02410125732422
39.9420833333333,3.01027297973633
39.94875,2.99882888793945
39.9554166666667,2.98833847045898
39.9620833333333,2.97784805297852
39.96875,2.96878814697266
39.9754166666667,2.96115875244141
39.9820833333333,2.95591354370117
39.98875,2.95305252075195
39.9954166666667,2.95162200927734
40.0020833333333,2.95257568359375
40.00875,2.95495986938477
40.0154166666667,2.95782089233398
40.0220833333333,2.96163558959961
40.02875,2.96688079833984
40.0354166666667,2.9749870300293
40.0420833333333,2.98547744750977
40.04875,2.99882888793945
40.0554166666667,3.01456451416016
40.0620833333333,3.03173065185547
40.06875,3.05080413818359
40.0754166666667,3.07083129882813
40.0820833333333,3.09228897094727
40.08875,3.11565399169922
40.0954166666667,3.14044952392578
40.1020833333333,3.16810607910156
40.10875,3.19862365722656
40.1154166666667,3.23057174682617
40.1220833333333,3.2649040222168
40.12875,3.30114364624023
40.1354166666667,3.33881378173828
40.1420833333333,3.37839126586914
40.14875,3.41939926147461
40.1554166666667,3.46279144287109
40.1620833333333,3.50856781005859
40.16875,3.55672836303711
40.1754166666667,3.60774993896484
40.1820833333333,3.66067886352539
40.18875,3.71742248535156
40.1954166666667,3.77750396728516
40.2020833333333,3.83996963500977
40.20875,3.9057731628418
40.2154166666667,3.97539138793945
40.2220833333333,4.05025482177734
40.22875,4.12893295288086
40.2354166666667,4.21237945556641
40.2420833333333,4.3025016784668
40.24875,4.39977645874023
40.2554166666667,4.50325012207031
40.2620833333333,4.61435317993164
40.26875,4.73499298095703
40.2754166666667,4.86564636230469
40.2820833333333,5.00774383544922
40.28875,5.16080856323242
40.2954166666667,5.32722473144531
40.3020833333333,5.50746917724609
40.30875,5.70249557495117
40.3154166666667,5.91325759887695
40.3220833333333,6.14166259765625
40.32875,6.38818740844727
40.3354166666667,6.65378570556641
40.3420833333333,6.93941116333008
40.34875,7.24601745605469
40.3554166666667,7.57455825805664
40.3620833333333,7.92503356933594
40.36875,8.29648971557617
40.3754166666667,8.69035720825195
40.3820833333333,9.10377502441406
40.38875,9.53578948974609
40.3954166666667,9.98497009277344
40.4020833333333,10.4508399963379
40.40875,10.9319686889648
40.4154166666667,11.4254951477051
40.4220833333333,11.9290351867676
40.42875,12.4387741088867
40.4354166666667,12.9504203796387
40.4420833333333,13.4596824645996
40.44875,13.9622688293457
40.4554166666667,14.4538879394531
40.4620833333333,14.930248260498
40.46875,15.3861045837402
40.4754166666667,15.8181190490723
40.4820833333333,16.2215232849121
40.48875,16.5920257568359
40.4954166666667,16.9253349304199
40.5020833333333,17.2195434570313
40.50875,17.4708366394043
40.5154166666667,17.6758766174316
40.5220833333333,17.8318023681641
40.52875,17.9367065429688
40.5354166666667,17.9901123046875
40.5420833333333,17.9915428161621
40.54875,17.9409980773926
40.5554166666667,17.8403854370117
40.5620833333333,17.6920890808105
40.56875,17.4980163574219
40.5754166666667,17.2624588012695
40.5820833333333,16.9892311096191
40.58875,16.6826248168945
40.5954166666667,16.3474082946777
40.6020833333333,15.9893035888672
40.60875,15.6130790710449
40.6154166666667,15.2230262756348
40.6220833333333,14.8239135742188
40.62875,14.4224166870117
40.6354166666667,14.0233039855957
40.6420833333333,13.6318206787109
40.64875,13.2527351379395
40.6554166666667,12.8912925720215
40.6620833333333,12.5532150268555
40.66875,12.242317199707
40.6754166666667,11.9595527648926
40.6820833333333,11.7082595825195
40.68875,11.4908218383789
40.6954166666667,11.3101005554199
40.7020833333333,11.167049407959
40.70875,11.0616683959961
40.7154166666667,10.9953880310059
40.7220833333333,10.9686851501465
40.72875,10.9786987304688
40.7354166666667,11.0244750976563
40.7420833333333,11.1045837402344
40.74875,11.2171173095703
40.7554166666667,11.3592147827148
40.7620833333333,11.5280151367188
40.76875,11.7197036743164
40.7754166666667,11.9314193725586
40.7820833333333,12.1579170227051
40.78875,12.3944282531738
40.7954166666667,12.6380920410156
40.8020833333333,12.8850936889648
40.80875,13.1311416625977
40.8154166666667,13.3709907531738
40.8220833333333,13.5993957519531
40.82875,13.8139724731445
40.8354166666667,14.0109062194824
40.8420833333333,14.1868591308594
40.84875,14.3389701843262
40.8554166666667,14.4662857055664
40.8620833333333,14.5649909973145
40.86875,14.6341323852539
40.8754166666667,14.6708488464355
40.8820833333333,14.6751403808594
40.88875,14.646053314209
40.8954166666667,14.5831108093262
40.9020833333333,14.4877433776855
40.90875,14.3613815307617
40.9154166666667,14.2049789428711
40.9220833333333,14.0209197998047
40.92875,13.8115882873535
40.9354166666667,13.5788917541504
40.9420833333333,13.3247375488281
40.94875,13.0505561828613
40.9554166666667,12.7596855163574
40.9620833333333,12.4545097351074
40.96875,12.138843536377
40.9754166666667,11.815071105957
40.9820833333333,11.4874839782715
40.98875,11.1594200134277
40.9954166666667,10.833740234375
41.0020833333333,10.5133056640625
41.00875,10.2005004882813
41.0154166666667,9.89866256713867
41.0220833333333,9.60826873779297
41.02875,9.33313369750977
41.0354166666667,9.07468795776367
41.0420833333333,8.83293151855469
41.04875,8.60786437988281
41.0554166666667,8.39996337890625
41.0620833333333,8.21065902709961
41.06875,8.0409049987793
41.0754166666667,7.8892707824707
41.0820833333333,7.75623321533203
41.08875,7.64274597167969
41.0954166666667,7.54833221435547
41.1020833333333,7.47013092041016
41.10875,7.40718841552734
41.1154166666667,7.35902786254883
41.1220833333333,7.3237419128418
41.12875,7.30180740356445
41.1354166666667,7.29227066040039
41.1420833333333,7.29560852050781
41.14875,7.31134414672852
41.1554166666667,7.3394775390625
41.1620833333333,7.37714767456055
41.16875,7.42483139038086
41.1754166666667,7.48014450073242
41.1820833333333,7.54261016845703
41.18875,7.61032104492188
41.1954166666667,7.68280029296875
41.2020833333333,7.75957107543945
41.20875,7.84158706665039
41.2154166666667,7.92789459228516
41.2220833333333,8.01801681518555
41.22875,8.11195373535156
41.2354166666667,8.21065902709961
41.2420833333333,8.31317901611328
41.24875,8.41856002807617
41.2554166666667,8.52680206298828
41.2620833333333,8.63885879516602
41.26875,8.75473022460938
41.2754166666667,8.87441635131836
41.2820833333333,8.99696350097656
41.28875,9.1252326965332
41.2954166666667,9.25922393798828
41.3020833333333,9.39798355102539
41.30875,9.54198837280273
41.3154166666667,9.69362258911133
41.3220833333333,9.85336303710938
41.32875,10.0216865539551
41.3354166666667,10.1981163024902
41.3420833333333,10.3845596313477
41.34875,10.5810165405273
41.3554166666667,10.7889175415039
41.3620833333333,11.0087394714355
41.36875,11.2419128417969
41.3754166666667,11.4889144897461
41.3820833333333,11.749267578125
41.38875,12.0248794555664
41.3954166666667,12.3152732849121
41.4020833333333,12.6204490661621
41.40875,12.9404067993164
41.4154166666667,13.2761001586914
41.4220833333333,13.6284828186035
41.42875,13.9951705932617
41.4354166666667,14.3747329711914
41.4420833333333,14.7666931152344
41.44875,15.1686668395996
41.4554166666667,15.5787467956543
41.4620833333333,15.9945487976074
41.46875,16.4141654968262
41.4754166666667,16.8356895446777
41.4820833333333,17.2567367553711
41.48875,17.6734924316406
41.4954166666667,18.0845260620117
41.5020833333333,18.486499786377
41.50875,18.8751220703125
41.5154166666667,19.2461013793945
41.5220833333333,19.5965766906738
41.52875,19.9227333068848
41.5354166666667,20.2221870422363
41.5420833333333,20.4925537109375
41.54875,20.7319259643555
41.5554166666667,20.9369659423828
41.5620833333333,21.1062431335449
41.56875,21.2388038635254
41.5754166666667,21.331787109375
41.5820833333333,21.3837623596191
41.58875,21.3937759399414
41.5954166666667,21.3623046875
41.6020833333333,21.2893486022949
41.60875,21.1763381958008
41.6154166666667,21.024227142334
41.6220833333333,20.836353302002
41.62875,20.6146240234375
41.6354166666667,20.3614234924316
41.6420833333333,20.0810432434082
41.64875,19.7758674621582
41.6554166666667,19.4497108459473
41.6620833333333,19.1044807434082
41.66875,18.7435150146484
41.6754166666667,18.3725357055664
41.6820833333333,17.9953575134277
41.68875,17.6148414611816
41.6954166666667,17.2343254089355
41.7020833333333,16.8566703796387
41.70875,16.4847373962402
41.7154166666667,16.120433807373
41.7220833333333,15.7661437988281
41.72875,15.4237747192383
41.7354166666667,15.0961875915527
41.7420833333333,14.7848129272461
41.74875,14.4901275634766
41.7554166666667,14.214038848877
41.7620833333333,13.9555931091309
41.76875,13.7133598327637
41.7754166666667,13.4859085083008
41.7820833333333,13.2722854614258
41.78875,13.0715370178223
41.7954166666667,12.8812789916992
41.8020833333333,12.7015113830566
41.80875,12.5298500061035
41.8154166666667,12.3653411865234
41.8220833333333,12.204647064209
41.82875,12.0463371276855
41.8354166666667,11.8880271911621
41.8420833333333,11.7297172546387
41.84875,11.5690231323242
41.8554166666667,11.4045143127441
41.8620833333333,11.2338066101074
41.86875,11.0569000244141
41.8754166666667,10.8723640441895
41.8820833333333,10.6792449951172
41.88875,10.4765892028809
41.8954166666667,10.2658271789551
41.9020833333333,10.0469589233398
41.90875,9.82093811035156
41.9154166666667,9.58728790283203
41.9220833333333,9.34648513793945
41.92875,9.09852981567383
41.9354166666667,8.84532928466797
41.9420833333333,8.58688354492188
41.94875,8.32414627075195
41.9554166666667,8.05902481079102
41.9620833333333,7.79390335083008
41.96875,7.52925872802734
41.9754166666667,7.26604461669922
41.9820833333333,7.00616836547852
41.98875,6.75201416015625
41.9954166666667,6.50405883789063
42.0020833333333,6.26087188720703
42.00875,6.02436065673828
42.0154166666667,5.79595565795898
42.0220833333333,5.57661056518555
42.02875,5.36680221557617
42.0354166666667,5.16700744628906
42.0420833333333,4.97770309448242
42.04875,4.80079650878906
42.0554166666667,4.63485717773438
42.0620833333333,4.47988510131836
42.06875,4.33540344238281
42.0754166666667,4.20188903808594
42.0820833333333,4.07934188842773
42.08875,3.96728515625
42.0954166666667,3.86667251586914
42.1020833333333,3.77702713012695
42.10875,3.69834899902344
42.1154166666667,3.62968444824219
42.1220833333333,3.56960296630859
42.12875,3.51667404174805
42.1354166666667,3.47089767456055
42.1420833333333,3.4327507019043
42.14875,3.40127944946289
42.1554166666667,3.37743759155273
42.1620833333333,3.35979461669922
42.16875,3.34835052490234
42.1754166666667,3.3421516418457
42.1820833333333,3.34024429321289
42.18875,3.3421516418457
42.1954166666667,3.34692001342773
42.2020833333333,3.35502624511719
42.20875,3.36647033691406
42.2154166666667,3.38172912597656
42.2220833333333,3.40080261230469
42.22875,3.42178344726563
42.2354166666667,3.44562530517578
42.2420833333333,3.47280502319336
42.24875,3.50332260131836
42.2554166666667,3.53431701660156
42.2620833333333,3.56578826904297
42.26875,3.59773635864258
42.2754166666667,3.6311149597168
42.2820833333333,3.66449356079102
42.28875,3.69739532470703
42.2954166666667,3.73077392578125
42.3020833333333,3.76415252685547
42.30875,3.79800796508789
42.3154166666667,3.83186340332031
42.3220833333333,3.86476516723633
42.32875,3.89719009399414
42.3354166666667,3.92770767211914
42.3420833333333,3.95631790161133
42.34875,3.98349761962891
42.3554166666667,4.00876998901367
42.3620833333333,4.03165817260742
42.36875,4.05168533325195
42.3754166666667,4.06885147094727
42.3820833333333,4.08267974853516
42.38875,4.09269332885742
42.3954166666667,4.09936904907227
42.4020833333333,4.1041374206543
42.40875,4.10652160644531
42.4154166666667,4.10604476928711
42.4220833333333,4.10270690917969
42.42875,4.09650802612305
42.4354166666667,4.08554077148438
42.4420833333333,4.07075881958008
42.44875,4.05216217041016
42.4554166666667,4.03165817260742
42.4620833333333,4.00876998901367
42.46875,3.98445129394531
42.4754166666667,3.95679473876953
42.4820833333333,3.92627716064453
42.48875,3.89194488525391
42.4954166666667,3.85475158691406
42.5020833333333,3.81612777709961
42.50875,3.77559661865234
42.5154166666667,3.73506546020508
42.5220833333333,3.69453430175781
42.52875,3.65447998046875
42.5354166666667,3.61442565917969
42.5420833333333,3.57341766357422
42.54875,3.53288650512695
42.5554166666667,3.49283218383789
42.5620833333333,3.45325469970703
42.56875,3.41463088989258
42.5754166666667,3.37743759155273
42.5820833333333,3.3416748046875
42.58875,3.30734252929688
42.5954166666667,3.27348709106445
42.6020833333333,3.24153900146484
42.60875,3.21197509765625
42.6154166666667,3.18336486816406
42.6220833333333,3.15570831298828
42.62875,3.12995910644531
42.6354166666667,3.10707092285156
42.6420833333333,3.08656692504883
42.64875,3.0665397644043
42.6554166666667,3.04841995239258
42.6620833333333,3.03125381469727
42.66875,3.01599502563477
42.6754166666667,3.00216674804688
42.6820833333333,2.98786163330078
42.68875,2.97403335571289
42.6954166666667,2.96163558959961
42.7020833333333,2.95066833496094
42.70875,2.94065475463867
42.7154166666667,2.93111801147461
42.7220833333333,2.92158126831055
42.72875,2.91299819946289
42.7354166666667,2.90441513061523
42.7420833333333,2.89535522460938
42.74875,2.88534164428711
42.7554166666667,2.87532806396484
42.7620833333333,2.86531448364258
42.76875,2.85530090332031
42.7754166666667,2.84481048583984
42.7820833333333,2.83384323120117
42.78875,2.8233528137207
42.7954166666667,2.81333923339844
42.8020833333333,2.80427932739258
42.80875,2.79569625854492
42.8154166666667,2.78902053833008
42.8220833333333,2.78329849243164
42.82875,2.77900695800781
42.8354166666667,2.77423858642578
42.8420833333333,2.77042388916016
42.84875,2.76660919189453
42.8554166666667,2.76517868041992
42.8620833333333,2.76470184326172
42.86875,2.76613235473633
42.8754166666667,2.76947021484375
42.8820833333333,2.77471542358398
42.88875,2.78234481811523
42.8954166666667,2.7918815612793
42.9020833333333,2.80427932739258
42.90875,2.81953811645508
42.9154166666667,2.8386116027832
42.9220833333333,2.86006927490234
42.92875,2.88534164428711
42.9354166666667,2.91347503662109
42.9420833333333,2.94399261474609
42.94875,2.97689437866211
42.9554166666667,3.01265716552734
42.9620833333333,3.05080413818359
42.96875,3.09181213378906
42.9754166666667,3.13472747802734
42.9820833333333,3.18050384521484
42.98875,3.22961807250977
42.9954166666667,3.28254699707031
43.0020833333333,3.33881378173828
43.00875,3.39841842651367
43.0154166666667,3.46183776855469
43.0220833333333,3.52764129638672
43.02875,3.59392166137695
43.0354166666667,3.662109375
43.0420833333333,3.73172760009766
43.04875,3.80277633666992
43.0554166666667,3.8752555847168
43.0620833333333,3.94868850708008
43.06875,4.02307510375977
43.0754166666667,4.09793853759766
43.0820833333333,4.17375564575195
43.08875,4.25004959106445
43.0954166666667,4.32586669921875
43.1020833333333,4.40073013305664
43.10875,4.47511672973633
43.1154166666667,4.54854965209961
43.1220833333333,4.61959838867188
43.12875,4.68873977661133
43.1354166666667,4.75597381591797
43.1420833333333,4.82082366943359
43.14875,4.8828125
43.1554166666667,4.94289398193359
43.1620833333333,5.00106811523438
43.16875,5.05733489990234
43.1754166666667,5.1112174987793
43.1820833333333,5.16128540039063
43.18875,5.20849227905273
43.1954166666667,5.25140762329102
43.2020833333333,5.28907775878906
43.20875,5.32197952270508
43.2154166666667,5.35058975219727
43.2220833333333,5.37538528442383
43.22875,5.39588928222656
43.2354166666667,5.41353225708008
43.2420833333333,5.42688369750977
43.24875,5.43594360351563
43.2554166666667,5.44118881225586
43.2620833333333,5.44261932373047
43.26875,5.43975830078125
43.2754166666667,5.4326057434082
43.2820833333333,5.42163848876953
43.28875,5.40924072265625
43.2954166666667,5.39493560791016
43.3020833333333,5.37776947021484
43.30875,5.35917282104492
43.3154166666667,5.33962249755859
43.3220833333333,5.31911849975586
43.32875,5.29623031616211
43.3354166666667,5.27095794677734
43.3420833333333,5.24473190307617
43.34875,5.21945953369141
43.3554166666667,5.19561767578125
43.3620833333333,5.1722526550293
43.36875,5.14936447143555
43.3754166666667,5.12790679931641
43.3820833333333,5.10740280151367
43.38875,5.08689880371094
43.3954166666667,5.0663948059082
43.4020833333333,5.04636764526367
43.40875,5.02824783325195
43.4154166666667,5.01251220703125
43.4220833333333,4.99820709228516
43.42875,4.98628616333008
43.4354166666667,4.97674942016602
43.4420833333333,4.96864318847656
43.44875,4.96292114257813
43.4554166666667,4.9586296081543
43.4620833333333,4.95481491088867
43.46875,4.95052337646484
43.4754166666667,4.94623184204102
43.4820833333333,4.94289398193359
43.48875,4.94050979614258
43.4954166666667,4.93907928466797
43.5020833333333,4.93955612182617
43.50875,4.94098663330078
43.5154166666667,4.9433708190918
43.5220833333333,4.94575500488281
43.52875,4.94766235351563
43.5354166666667,4.94956970214844
43.5420833333333,4.95195388793945
43.54875,4.95529174804688
43.5554166666667,4.9586296081543
43.5620833333333,4.96339797973633
43.56875,4.96959686279297
43.5754166666667,4.97674942016602
43.5820833333333,4.98580932617188
43.58875,4.99629974365234
43.5954166666667,5.00726699829102
43.6020833333333,5.0196647644043
43.60875,5.03301620483398
43.6154166666667,5.04684448242188
43.6220833333333,5.06162643432617
43.62875,5.07736206054688
43.6354166666667,5.09548187255859
43.6420833333333,5.11503219604492
43.64875,5.13744354248047
43.6554166666667,5.16128540039063
43.6620833333333,5.18703460693359
43.66875,5.21516799926758
43.6754166666667,5.24663925170898
43.6820833333333,5.28097152709961
43.68875,5.31625747680664
43.6954166666667,5.35202026367188
43.7020833333333,5.38921356201172
43.70875,5.42688369750977
43.7154166666667,5.46598434448242
43.7220833333333,5.50508499145508
43.72875,5.54561614990234
43.7354166666667,5.58853149414063
43.7420833333333,5.63240051269531
43.74875,5.6767463684082
43.7554166666667,5.72061538696289
43.7620833333333,5.76400756835938
43.76875,5.80692291259766
43.7754166666667,5.84936141967773
43.7820833333333,5.89179992675781
43.78875,5.93471527099609
43.7954166666667,5.97906112670898
43.8020833333333,6.02436065673828
43.80875,6.07061386108398
43.8154166666667,6.11734390258789
43.8220833333333,6.1640739440918
43.82875,6.21128082275391
43.8354166666667,6.25896453857422
43.8420833333333,6.30807876586914
43.84875,6.35957717895508
43.8554166666667,6.41489028930664
43.8620833333333,6.47449493408203
43.86875,6.53648376464844
43.8754166666667,6.60276412963867
43.8820833333333,6.67381286621094
43.88875,6.75106048583984
43.8954166666667,6.83450698852539
43.9020833333333,6.92462921142578
43.90875,7.02190399169922
43.9154166666667,7.12680816650391
43.9220833333333,7.23838806152344
43.92875,7.35569000244141
43.9354166666667,7.48062133789063
43.9420833333333,7.61318206787109
43.94875,7.75384902954102
43.9554166666667,7.90166854858398
43.9620833333333,8.056640625
43.96875,8.21685791015625
43.9754166666667,8.38232040405273
43.9820833333333,8.55302810668945
43.98875,8.7275505065918
43.9954166666667,8.90493392944336
44.0020833333333,9.08327102661133
44.00875,9.2620849609375
44.0154166666667,9.43899154663086
44.0220833333333,9.6135139465332
44.02875,9.78326797485352
44.0354166666667,9.94729995727539
44.0420833333333,10.1041793823242
44.04875,10.2534294128418
44.0554166666667,10.3931427001953
44.0620833333333,10.5218887329102
44.06875,10.6377601623535
44.0754166666667,10.739803314209
44.0820833333333,10.8261108398438
44.08875,10.8966827392578
44.0954166666667,10.9500885009766
44.1020833333333,10.983943939209
44.10875,10.9987258911133
44.1154166666667,10.993480682373
44.1220833333333,10.9682083129883
44.12875,10.922908782959
44.1354166666667,10.857105255127
44.1420833333333,10.7712745666504
44.14875,10.6654167175293
44.1554166666667,10.5400085449219
44.1620833333333,10.3964805603027
44.16875,10.2353096008301
44.1754166666667,10.0574493408203
44.1820833333333,9.86576080322266
44.18875,9.66072082519531
44.1954166666667,9.44328308105469
44.2020833333333,9.21487808227539
44.20875,8.97598266601563
44.2154166666667,8.72802734375
44.2220833333333,8.47387313842773
44.22875,8.21447372436523
44.2354166666667,7.95221328735352
44.2420833333333,7.68756866455078
44.24875,7.42340087890625
44.2554166666667,7.16066360473633
44.2620833333333,6.90031051635742
44.26875,6.64186477661133
44.2754166666667,6.38866424560547
44.2820833333333,6.14070892333984
44.28875,5.89990615844727
44.2954166666667,5.66482543945313
44.3020833333333,5.43785095214844
44.30875,5.22136688232422
44.3154166666667,5.01585006713867
44.3220833333333,4.81986999511719
44.32875,4.63438034057617
44.3354166666667,4.45938110351563
44.3420833333333,4.29439544677734
44.34875,4.13942337036133
44.3554166666667,3.99398803710938
44.3620833333333,3.85761260986328
44.36875,3.73077392578125
44.3754166666667,3.61394882202148
44.3820833333333,3.50570678710938
44.38875,3.40604782104492
44.3954166666667,3.31497192382813
44.4020833333333,3.23295593261719
44.40875,3.15999984741211
44.4154166666667,3.09419631958008
44.4220833333333,3.03554534912109
44.42875,2.98404693603516
44.4354166666667,2.93874740600586
44.4420833333333,2.89821624755859
44.44875,2.86293029785156
44.4554166666667,2.83336639404297
44.4620833333333,2.80952453613281
44.46875,2.79045104980469
44.4754166666667,2.77566909790039
44.4820833333333,2.76374816894531
44.48875,2.75421142578125
44.4954166666667,2.7470588684082
44.5020833333333,2.74229049682617
44.50875,2.73847579956055
44.5154166666667,2.73656845092773
44.5220833333333,2.73609161376953
44.52875,2.73799896240234
44.5354166666667,2.74133682250977
44.5420833333333,2.74562835693359
44.54875,2.75135040283203
44.5554166666667,2.75850296020508
44.5620833333333,2.76708602905273
44.56875,2.7766227722168
44.5754166666667,2.78711318969727
44.5820833333333,2.79808044433594
44.58875,2.80952453613281
44.5954166666667,2.82096862792969
44.6020833333333,2.83193588256836
44.60875,2.84194946289063
44.6154166666667,2.85243988037109
44.6220833333333,2.86245346069336
44.62875,2.87246704101563
44.6354166666667,2.88295745849609
44.6420833333333,2.89487838745117
44.64875,2.90822982788086
44.6554166666667,2.92110443115234
44.6620833333333,2.93302536010742
44.66875,2.9449462890625
44.6754166666667,2.95734405517578
44.6820833333333,2.96926498413086
44.68875,2.98166275024414
44.6954166666667,2.99453735351563
44.7020833333333,3.00884246826172
44.70875,3.02505493164063
44.7154166666667,3.04222106933594
44.7220833333333,3.06129455566406
44.72875,3.08132171630859
44.7354166666667,3.10373306274414
44.7420833333333,3.1280517578125
44.74875,3.15570831298828
44.7554166666667,3.18574905395508
44.7620833333333,3.21865081787109
44.76875,3.25393676757813
44.7754166666667,3.29303741455078
44.7820833333333,3.33547592163086
44.78875,3.38125228881836
44.7954166666667,3.43084335327148
44.8020833333333,3.48472595214844
44.80875,3.54433059692383
44.8154166666667,3.60870361328125
44.8220833333333,3.67832183837891
44.82875,3.75270843505859
44.8354166666667,3.83281707763672
44.8420833333333,3.91912460327148
44.84875,4.01067733764648
44.8554166666667,4.10747528076172
44.8620833333333,4.2119026184082
44.86875,4.32348251342773
44.8754166666667,4.44173812866211
44.8820833333333,4.56476211547852
44.88875,4.69160079956055
44.8954166666667,4.8222541809082
44.9020833333333,4.95624542236328
44.90875,5.09357452392578
44.9154166666667,5.2337646484375
44.9220833333333,5.37776947021484
44.92875,5.52654266357422
44.9354166666667,5.67865371704102
44.9420833333333,5.83076477050781
44.94875,5.9814453125
44.9554166666667,6.13069534301758
44.9620833333333,6.27851486206055
44.96875,6.42299652099609
44.9754166666667,6.56366348266602
44.9820833333333,6.70051574707031
44.98875,6.83307647705078
44.9954166666667,6.95896148681641
45.0020833333333,7.07721710205078
45.00875,7.18784332275391
45.0154166666667,7.28940963745117
45.0220833333333,7.38143920898438
45.02875,7.46297836303711
45.0354166666667,7.53498077392578
45.0420833333333,7.59506225585938
45.04875,7.64226913452148
45.0554166666667,7.67707824707031
45.0620833333333,7.69996643066406
45.06875,7.71141052246094
45.0754166666667,7.70998001098633
45.0820833333333,7.69710540771484
45.08875,7.67326354980469
45.0954166666667,7.63845443725586
45.1020833333333,7.59220123291016
45.10875,7.53498077392578
45.1154166666667,7.46774673461914
45.1220833333333,7.39192962646484
45.12875,7.3089599609375
45.1354166666667,7.21931457519531
45.1420833333333,7.12299346923828
45.14875,7.02190399169922
45.1554166666667,6.91604614257813
45.1620833333333,6.8058967590332
45.16875,6.69145584106445
45.1754166666667,6.57367706298828
45.1820833333333,6.4544677734375
45.18875,6.33430480957031
45.1954166666667,6.21366500854492
45.2020833333333,6.09397888183594
45.20875,5.97572326660156
45.2154166666667,5.859375
45.2220833333333,5.74493408203125
45.22875,5.63383102416992
45.2354166666667,5.52701950073242
45.2420833333333,5.42402267456055
45.24875,5.3248405456543
45.2554166666667,5.22994995117188
45.2620833333333,5.13839721679688
45.26875,5.05161285400391
45.2754166666667,4.96864318847656
45.2820833333333,4.88948822021484
45.28875,4.81414794921875
45.2954166666667,4.74309921264648
45.3020833333333,4.67634201049805
45.30875,4.61387634277344
45.3154166666667,4.55474853515625
45.3220833333333,4.49895858764648
45.32875,4.44650650024414
45.3354166666667,4.39786911010742
45.3420833333333,4.35256958007813
45.34875,4.30965423583984
45.3554166666667,4.26864624023438
45.3620833333333,4.23097610473633
45.36875,4.1966438293457
45.3754166666667,4.16469573974609
45.3820833333333,4.1351318359375
45.38875,4.10938262939453
45.3954166666667,4.08744812011719
45.4020833333333,4.06932830810547
45.40875,4.05311584472656
45.4154166666667,4.03881072998047
45.4220833333333,4.02641296386719
45.42875,4.01496887207031
45.4354166666667,4.00495529174805
45.4420833333333,3.99684906005859
45.44875,3.99208068847656
45.4554166666667,3.99065017700195
45.4620833333333,3.99303436279297
45.46875,3.99875640869141
45.4754166666667,4.00781631469727
45.4820833333333,4.02021408081055
45.48875,4.03499603271484
45.4954166666667,4.05216217041016
45.5020833333333,4.07266616821289
45.50875,4.09650802612305
45.5154166666667,4.12273406982422
45.5220833333333,4.15182113647461
45.52875,4.18424606323242
45.5354166666667,4.22143936157227
45.5420833333333,4.26244735717773
45.54875,4.30727005004883
45.5554166666667,4.35638427734375
45.5620833333333,4.4102668762207
45.56875,4.46939468383789
45.5754166666667,4.53281402587891
45.5820833333333,4.60004806518555
45.58875,4.67157363891602
45.5954166666667,4.74786758422852
45.6020833333333,4.82940673828125
45.60875,4.91619110107422
45.6154166666667,5.00917434692383
45.6220833333333,5.10883331298828
45.62875,5.21564483642578
45.6354166666667,5.32913208007813
45.6420833333333,5.44977188110352
45.64875,5.57661056518555
45.6554166666667,5.70964813232422
45.6620833333333,5.84793090820313
45.66875,5.99336624145508
45.6754166666667,6.14595413208008
45.6820833333333,6.30569458007813
45.68875,6.47306442260742
45.6954166666667,6.64710998535156
45.7020833333333,6.82783126831055
45.70875,7.01475143432617
45.7154166666667,7.20739364624023
45.7220833333333,7.40480422973633
45.72875,7.60555267333984
45.7354166666667,7.81059265136719
45.7420833333333,8.01897048950195
45.74875,8.22830200195313
45.7554166666667,8.43906402587891
45.7620833333333,8.6517333984375
45.76875,8.8653564453125
45.7754166666667,9.07707214355469
45.7820833333333,9.28640365600586
45.78875,9.49239730834961
45.7954166666667,9.69266891479492
45.8020833333333,9.88674163818359
45.80875,10.0717544555664
45.8154166666667,10.2477073669434
45.8220833333333,10.4141235351563
45.82875,10.5700492858887
45.8354166666667,10.7145309448242
45.8420833333333,10.8466148376465
45.84875,10.9663009643555
45.8554166666667,11.0726356506348
45.8620833333333,11.164665222168
45.86875,11.2409591674805
45.8754166666667,11.3010406494141
45.8820833333333,11.3444328308105
45.88875,11.3716125488281
45.8954166666667,11.380672454834
45.9020833333333,11.3711357116699
45.90875,11.3434791564941
45.9154166666667,11.2996101379395
45.9220833333333,11.2380981445313
45.92875,11.1584663391113
45.9354166666667,11.0630989074707
45.9420833333333,10.9539031982422
45.94875,10.8304023742676
45.9554166666667,10.6925964355469
45.9620833333333,10.5400085449219
45.96875,10.3750228881836
45.9754166666667,10.197639465332
45.9820833333333,10.009765625
45.98875,9.8114013671875
45.9954166666667,9.60588455200195
46.0020833333333,9.39464569091797
46.00875,9.17863845825195
46.0154166666667,8.95881652832031
46.0220833333333,8.73517990112305
46.02875,8.50963592529297
46.0354166666667,8.28266143798828
46.0420833333333,8.05521011352539
46.04875,7.82680511474609
46.0554166666667,7.5984001159668
46.0620833333333,7.37142562866211
46.06875,7.14635848999023
46.0754166666667,6.92319869995117
46.0820833333333,6.70433044433594
46.08875,6.49023056030273
46.0954166666667,6.28185272216797
46.1020833333333,6.07919692993164
46.10875,5.88226318359375
46.1154166666667,5.69009780883789
46.1220833333333,5.50270080566406
46.12875,5.32150268554688
46.1354166666667,5.14650344848633
46.1420833333333,4.97770309448242
46.14875,4.81510162353516
46.1554166666667,4.65917587280273
46.1620833333333,4.50897216796875
46.16875,4.3635368347168
46.1754166666667,4.22191619873047
46.1820833333333,4.08506393432617
46.18875,3.9525032043457
46.1954166666667,3.82566452026367
46.2020833333333,3.70311737060547
46.20875,3.58438491821289
46.2154166666667,3.46946716308594
46.2220833333333,3.35836410522461
46.22875,3.2501220703125
46.2354166666667,3.14521789550781
46.2420833333333,3.04365158081055
46.24875,2.9449462890625
46.2554166666667,2.84957885742188
46.2620833333333,2.75754928588867
46.26875,2.66742706298828
46.2754166666667,2.57968902587891
46.2820833333333,2.49433517456055
46.28875,2.41184234619141
46.2954166666667,2.33268737792969
46.3020833333333,2.25639343261719
46.30875,2.1824836730957
46.3154166666667,2.11000442504883
46.3220833333333,2.03943252563477
46.32875,1.97076797485352
46.3354166666667,1.90258026123047
46.3420833333333,1.83677673339844
46.34875,1.77240371704102
46.3554166666667,1.70993804931641
46.3620833333333,1.6484260559082
46.36875,1.58977508544922
46.3754166666667,1.53350830078125
46.3820833333333,1.47914886474609
46.38875,1.42621994018555
46.3954166666667,1.37519836425781
46.4020833333333,1.32465362548828
46.40875,1.27410888671875
46.4154166666667,1.22404098510742
46.4220833333333,1.1754035949707
46.42875,1.12819671630859
46.4354166666667,1.0833740234375
46.4420833333333,1.04093551635742
46.44875,1.00040435791016
46.4554166666667,0.960826873779297
46.4620833333333,0.922679901123047
46.46875,0.885009765625
46.4754166666667,0.848770141601563
46.4820833333333,0.813961029052734
46.48875,0.780582427978516
46.4954166666667,0.748157501220703
46.5020833333333,0.716686248779297
46.50875,0.685691833496094
46.5154166666667,0.655174255371094
46.5220833333333,0.626087188720703
46.52875,0.597476959228516
46.5354166666667,0.569820404052734
46.5420833333333,0.543594360351563
46.54875,0.519275665283203
46.5554166666667,0.494956970214844
46.5620833333333,0.470638275146484
46.56875,0.446319580078125
46.5754166666667,0.423908233642578
46.5820833333333,0.402450561523438
46.58875,0.380992889404297
46.5954166666667,0.359535217285156
46.6020833333333,0.339508056640625
46.60875,0.3204345703125
46.6154166666667,0.302791595458984
46.6220833333333,0.285148620605469
46.62875,0.268936157226563
46.6354166666667,0.254631042480469
46.6420833333333,0.240325927734375
46.64875,0.226974487304688
46.6554166666667,0.212669372558594
46.6620833333333,0.1983642578125
46.66875,0.182151794433594
46.6754166666667,0.165939331054688
46.6820833333333,0.150680541992188
46.68875,0.135898590087891
46.6954166666667,0.121116638183594
46.7020833333333,0.105857849121094
46.70875,0.0920295715332031
46.7154166666667,0.0791549682617188
46.7220833333333,0.0653266906738281
46.72875,0.0510215759277344
46.7354166666667,0.0376701354980469
46.7420833333333,0.0257492065429688
46.74875,0.0147819519042969
46.7554166666667,0.00524520874023438
46.7620833333333,-0.003814697265625
46.76875,-0.0119209289550781
46.7754166666667,-0.0195503234863281
46.7820833333333,-0.0276565551757813
46.78875,-0.0371932983398438
46.7954166666667,-0.0472068786621094
46.8020833333333,-0.0567436218261719
46.80875,-0.064849853515625
46.8154166666667,-0.0720024108886719
46.8220833333333,-0.0777244567871094
46.82875,-0.0820159912109375
46.8354166666667,-0.0863075256347656
46.8420833333333,-0.0920295715332031
46.84875,-0.0987052917480469
46.8554166666667,-0.105381011962891
46.8620833333333,-0.111103057861328
46.86875,-0.115871429443359
46.8754166666667,-0.119209289550781
46.8820833333333,-0.120639801025391
46.88875,-0.121593475341797
46.8954166666667,-0.123023986816406
46.9020833333333,-0.124931335449219
46.90875,-0.126838684082031
46.9154166666667,-0.129222869873047
46.9220833333333,-0.132560729980469
46.92875,-0.135898590087891
46.9354166666667,-0.139236450195313
46.9420833333333,-0.142574310302734
46.94875,-0.145435333251953
46.9554166666667,-0.148773193359375
46.9620833333333,-0.151634216308594
46.96875,-0.154495239257813
46.9754166666667,-0.155925750732422
46.9820833333333,-0.156402587890625
46.98875,-0.155925750732422
46.9954166666667,-0.154972076416016
47.0020833333333,-0.153541564941406
47.00875,-0.151157379150391
47.0154166666667,-0.148773193359375
47.0220833333333,-0.147342681884766
47.02875,-0.146865844726563
47.0354166666667,-0.146389007568359
47.0420833333333,-0.145435333251953
47.04875,-0.145435333251953
47.0554166666667,-0.145912170410156
47.0620833333333,-0.146389007568359
47.06875,-0.145435333251953
47.0754166666667,-0.143051147460938
47.0820833333333,-0.140190124511719
47.08875,-0.136852264404297
47.0954166666667,-0.133037567138672
47.1020833333333,-0.130176544189453
47.10875,-0.128746032714844
47.1154166666667,-0.127792358398438
47.1220833333333,-0.127792358398438
47.12875,-0.128269195556641
47.1354166666667,-0.129222869873047
47.1420833333333,-0.129222869873047
47.14875,-0.128746032714844
47.1554166666667,-0.128746032714844
47.1620833333333,-0.12969970703125
47.16875,-0.129222869873047
47.1754166666667,-0.127315521240234
47.1820833333333,-0.124454498291016
47.18875,-0.121593475341797
47.1954166666667,-0.119686126708984
47.2020833333333,-0.117301940917969
47.20875,-0.115871429443359
47.2154166666667,-0.114917755126953
47.2220833333333,-0.114917755126953
47.22875,-0.114917755126953
47.2354166666667,-0.11444091796875
47.2420833333333,-0.113010406494141
47.24875,-0.111579895019531
47.2554166666667,-0.111579895019531
47.2620833333333,-0.112056732177734
47.26875,-0.112533569335938
47.2754166666667,-0.112533569335938
47.2820833333333,-0.112056732177734
47.28875,-0.112056732177734
47.2954166666667,-0.112056732177734
47.3020833333333,-0.111103057861328
47.30875,-0.109672546386719
47.3154166666667,-0.108242034912109
47.3220833333333,-0.1068115234375
47.32875,-0.104904174804688
47.3354166666667,-0.102043151855469
47.3420833333333,-0.09918212890625
47.34875,-0.0972747802734375
47.3554166666667,-0.0972747802734375
47.3620833333333,-0.0982284545898438
47.36875,-0.09918212890625
47.3754166666667,-0.09918212890625
47.3820833333333,-0.0987052917480469
47.38875,-0.0982284545898438
47.3954166666667,-0.0963211059570313
47.4020833333333,-0.0948905944824219
47.40875,-0.0939369201660156
47.4154166666667,-0.0939369201660156
47.4220833333333,-0.0939369201660156
47.42875,-0.0934600830078125
47.4354166666667,-0.091552734375
47.4420833333333,-0.0901222229003906
47.44875,-0.0882148742675781
47.4554166666667,-0.0858306884765625
47.4620833333333,-0.0848770141601563
47.46875,-0.0848770141601563
47.4754166666667,-0.0863075256347656
47.4820833333333,-0.087738037109375
47.48875,-0.0891685485839844
47.4954166666667,-0.0896453857421875
47.5020833333333,-0.0891685485839844
47.50875,-0.087738037109375
47.5154166666667,-0.0863075256347656
47.5220833333333,-0.0848770141601563
47.52875,-0.08392333984375
47.5354166666667,-0.08392333984375
47.5420833333333,-0.0848770141601563
47.54875,-0.0867843627929688
47.5554166666667,-0.0882148742675781
47.5620833333333,-0.0882148742675781
47.56875,-0.0882148742675781
47.5754166666667,-0.0882148742675781
47.5820833333333,-0.0886917114257813
47.58875,-0.0891685485839844
47.5954166666667,-0.0886917114257813
47.6020833333333,-0.0882148742675781
47.60875,-0.0872611999511719
47.6154166666667,-0.0863075256347656
47.6220833333333,-0.0844001770019531
47.62875,-0.0824928283691406
47.6354166666667,-0.0820159912109375
47.6420833333333,-0.0834465026855469
47.64875,-0.0853538513183594
47.6554166666667,-0.0867843627929688
47.6620833333333,-0.0882148742675781
47.66875,-0.0886917114257813
47.6754166666667,-0.0886917114257813
47.6820833333333,-0.0872611999511719
47.68875,-0.0853538513183594
47.6954166666667,-0.0834465026855469
47.7020833333333,-0.0834465026855469
47.70875,-0.0844001770019531
47.7154166666667,-0.0858306884765625
47.7220833333333,-0.0872611999511719
47.72875,-0.0882148742675781
47.7354166666667,-0.0886917114257813
47.7420833333333,-0.087738037109375
47.74875,-0.0863075256347656
47.7554166666667,-0.0844001770019531
47.7620833333333,-0.0834465026855469
47.76875,-0.0834465026855469
47.7754166666667,-0.0834465026855469
47.7820833333333,-0.08392333984375
47.78875,-0.0844001770019531
47.7954166666667,-0.0848770141601563
47.8020833333333,-0.0853538513183594
47.80875,-0.0863075256347656
47.8154166666667,-0.0872611999511719
47.8220833333333,-0.087738037109375
47.82875,-0.087738037109375
47.8354166666667,-0.0867843627929688
47.8420833333333,-0.0863075256347656
47.84875,-0.0853538513183594
47.8554166666667,-0.0844001770019531
47.8620833333333,-0.0829696655273438
47.86875,-0.0815391540527344
47.8754166666667,-0.0810623168945313
47.8820833333333,-0.0810623168945313
47.88875,-0.0815391540527344
47.8954166666667,-0.0829696655273438
47.9020833333333,-0.0848770141601563
47.90875,-0.0867843627929688
47.9154166666667,-0.087738037109375
47.9220833333333,-0.087738037109375
47.92875,-0.0867843627929688
47.9354166666667,-0.0858306884765625
47.9420833333333,-0.0844001770019531
47.94875,-0.08392333984375
47.9554166666667,-0.0844001770019531
47.9620833333333,-0.0853538513183594
47.96875,-0.0848770141601563
47.9754166666667,-0.0829696655273438
47.9820833333333,-0.0805854797363281
47.98875,-0.0786781311035156
47.9954166666667,-0.0782012939453125
48.0020833333333,-0.0782012939453125
48.00875,-0.0796318054199219
48.0154166666667,-0.0820159912109375
48.0220833333333,-0.0844001770019531
48.02875,-0.0858306884765625
48.0354166666667,-0.0867843627929688
48.0420833333333,-0.0867843627929688
48.04875,-0.0863075256347656
48.0554166666667,-0.0858306884765625
48.0620833333333,-0.0853538513183594
48.06875,-0.0844001770019531
48.0754166666667,-0.08392333984375
48.0820833333333,-0.08392333984375
48.08875,-0.0848770141601563
48.0954166666667,-0.0853538513183594
48.1020833333333,-0.0858306884765625
48.10875,-0.0863075256347656
48.1154166666667,-0.0858306884765625
48.1220833333333,-0.0844001770019531
48.12875,-0.0824928283691406
48.1354166666667,-0.0805854797363281
48.1420833333333,-0.080108642578125
48.14875,-0.0796318054199219
48.1554166666667,-0.0791549682617188
48.1620833333333,-0.0786781311035156
48.16875,-0.0786781311035156
48.1754166666667,-0.0791549682617188
48.1820833333333,-0.0796318054199219
48.18875,-0.080108642578125
48.1954166666667,-0.080108642578125
48.2020833333333,-0.0805854797363281
48.20875,-0.0815391540527344
48.2154166666667,-0.0820159912109375
48.2220833333333,-0.0829696655273438
48.22875,-0.0834465026855469
48.2354166666667,-0.0848770141601563
48.2420833333333,-0.0858306884765625
48.24875,-0.0858306884765625
48.2554166666667,-0.0853538513183594
48.2620833333333,-0.0853538513183594
48.26875,-0.0848770141601563
48.2754166666667,-0.0844001770019531
48.2820833333333,-0.0834465026855469
48.28875,-0.0829696655273438
48.2954166666667,-0.0820159912109375
48.3020833333333,-0.080108642578125
48.30875,-0.0782012939453125
48.3154166666667,-0.0767707824707031
48.3220833333333,-0.0762939453125
48.32875,-0.0762939453125
48.3354166666667,-0.0767707824707031
48.3420833333333,-0.0782012939453125
48.34875,-0.080108642578125
48.3554166666667,-0.0815391540527344
48.3620833333333,-0.0824928283691406
48.36875,-0.0824928283691406
48.3754166666667,-0.0815391540527344
48.3820833333333,-0.0796318054199219
48.38875,-0.0772476196289063
48.3954166666667,-0.0748634338378906
48.4020833333333,-0.0734329223632813
48.40875,-0.0729560852050781
48.4154166666667,-0.0734329223632813
48.4220833333333,-0.0743865966796875
48.42875,-0.0758171081542969
48.4354166666667,-0.0767707824707031
48.4420833333333,-0.0767707824707031
48.44875,-0.0762939453125
48.4554166666667,-0.0758171081542969
48.4620833333333,-0.0762939453125
48.46875,-0.0762939453125
48.4754166666667,-0.0758171081542969
48.4820833333333,-0.0753402709960938
48.48875,-0.0758171081542969
48.4954166666667,-0.0762939453125
48.5020833333333,-0.0767707824707031
48.50875,-0.0772476196289063
48.5154166666667,-0.0782012939453125
48.5220833333333,-0.0791549682617188
48.52875,-0.080108642578125
48.5354166666667,-0.0805854797363281
48.5420833333333,-0.0810623168945313
48.54875,-0.0805854797363281
48.5554166666667,-0.0791549682617188
48.5620833333333,-0.0782012939453125
48.56875,-0.0772476196289063
48.5754166666667,-0.0762939453125
48.5820833333333,-0.0758171081542969
48.58875,-0.0762939453125
48.5954166666667,-0.0767707824707031
48.6020833333333,-0.0777244567871094
48.60875,-0.0791549682617188
48.6154166666667,-0.0810623168945313
48.6220833333333,-0.0820159912109375
48.62875,-0.0829696655273438
48.6354166666667,-0.0829696655273438
48.6420833333333,-0.0820159912109375
48.64875,-0.080108642578125
48.6554166666667,-0.0782012939453125
48.6620833333333,-0.0777244567871094
48.66875,-0.0777244567871094
48.6754166666667,-0.0767707824707031
48.6820833333333,-0.0762939453125
48.68875,-0.0762939453125
48.6954166666667,-0.0767707824707031
48.7020833333333,-0.0753402709960938
48.70875,-0.0734329223632813
48.7154166666667,-0.072479248046875
48.7220833333333,-0.072479248046875
48.72875,-0.072479248046875
48.7354166666667,-0.0720024108886719
48.7420833333333,-0.0710487365722656
48.74875,-0.0705718994140625
48.7554166666667,-0.0700950622558594
48.7620833333333,-0.0700950622558594
48.76875,-0.0705718994140625
48.7754166666667,-0.0710487365722656
48.7820833333333,-0.072479248046875
48.78875,-0.0748634338378906
48.7954166666667,-0.0767707824707031
48.8020833333333,-0.0777244567871094
48.80875,-0.0772476196289063
48.8154166666667,-0.0762939453125
48.8220833333333,-0.0753402709960938
48.82875,-0.0734329223632813
48.8354166666667,-0.0715255737304688
48.8420833333333,-0.0705718994140625
48.84875,-0.0700950622558594
48.8554166666667,-0.0696182250976563
48.8620833333333,-0.0691413879394531
48.86875,-0.06866455078125
48.8754166666667,-0.06866455078125
48.8820833333333,-0.06866455078125
48.88875,-0.0681877136230469
48.8954166666667,-0.0667572021484375
48.9020833333333,-0.0662803649902344
48.90875,-0.0677108764648438
48.9154166666667,-0.0681877136230469
48.9220833333333,-0.0677108764648438
48.92875,-0.0672340393066406
48.9354166666667,-0.0672340393066406
48.9420833333333,-0.0672340393066406
48.94875,-0.0667572021484375
48.9554166666667,-0.0667572021484375
48.9620833333333,-0.0677108764648438
48.96875,-0.0691413879394531
48.9754166666667,-0.0710487365722656
48.9820833333333,-0.0729560852050781
48.98875,-0.0739097595214844
48.9954166666667,-0.0734329223632813
49.0020833333333,-0.0720024108886719
49.00875,-0.0705718994140625
49.0154166666667,-0.0696182250976563
49.0220833333333,-0.06866455078125
49.02875,-0.0681877136230469
49.0354166666667,-0.0672340393066406
49.0420833333333,-0.0667572021484375
49.04875,-0.0658035278320313
49.0554166666667,-0.0638961791992188
49.0620833333333,-0.0624656677246094
49.06875,-0.0619888305664063
49.0754166666667,-0.0629425048828125
49.0820833333333,-0.0638961791992188
49.08875,-0.064849853515625
49.0954166666667,-0.0653266906738281
49.1020833333333,-0.0662803649902344
49.10875,-0.0667572021484375
49.1154166666667,-0.0662803649902344
49.1220833333333,-0.0662803649902344
49.12875,-0.0662803649902344
49.1354166666667,-0.0667572021484375
49.1420833333333,-0.0662803649902344
49.14875,-0.0658035278320313
49.1554166666667,-0.064849853515625
49.1620833333333,-0.0638961791992188
49.16875,-0.0629425048828125
49.1754166666667,-0.0624656677246094
49.1820833333333,-0.0624656677246094
49.18875,-0.0629425048828125
49.1954166666667,-0.0638961791992188
49.2020833333333,-0.0653266906738281
49.20875,-0.0667572021484375
49.2154166666667,-0.0672340393066406
49.2220833333333,-0.0677108764648438
49.22875,-0.0681877136230469
49.2354166666667,-0.0677108764648438
49.2420833333333,-0.0667572021484375
49.24875,-0.0653266906738281
49.2554166666667,-0.0638961791992188
49.2620833333333,-0.0619888305664063
49.26875,-0.0596046447753906
49.2754166666667,-0.0581741333007813
49.2820833333333,-0.0576972961425781
49.28875,-0.0581741333007813
49.2954166666667,-0.0591278076171875
49.3020833333333,-0.06103515625
49.30875,-0.0629425048828125
49.3154166666667,-0.0638961791992188
49.3220833333333,-0.0643730163574219
49.32875,-0.0643730163574219
49.3354166666667,-0.0638961791992188
49.3420833333333,-0.0638961791992188
49.34875,-0.0638961791992188
49.3554166666667,-0.0643730163574219
49.3620833333333,-0.064849853515625
49.36875,-0.0658035278320313
49.3754166666667,-0.0658035278320313
49.3820833333333,-0.0653266906738281
49.38875,-0.0638961791992188
49.3954166666667,-0.0629425048828125
49.4020833333333,-0.0619888305664063
49.40875,-0.0619888305664063
49.4154166666667,-0.0619888305664063
49.4220833333333,-0.0615119934082031
49.42875,-0.0615119934082031
49.4354166666667,-0.0619888305664063
49.4420833333333,-0.0619888305664063
49.44875,-0.06103515625
49.4554166666667,-0.0605583190917969
49.4620833333333,-0.0605583190917969
49.46875,-0.0615119934082031
49.4754166666667,-0.0629425048828125
49.4820833333333,-0.0638961791992188
49.48875,-0.064849853515625
49.4954166666667,-0.0658035278320313
49.5020833333333,-0.0662803649902344
49.50875,-0.0653266906738281
49.5154166666667,-0.0643730163574219
49.5220833333333,-0.0634193420410156
49.52875,-0.0638961791992188
49.5354166666667,-0.0643730163574219
49.5420833333333,-0.064849853515625
49.54875,-0.0662803649902344
49.5554166666667,-0.0672340393066406
49.5620833333333,-0.0672340393066406
49.56875,-0.0672340393066406
49.5754166666667,-0.0677108764648438
49.5820833333333,-0.0672340393066406
49.58875,-0.0667572021484375
49.5954166666667,-0.0653266906738281
49.6020833333333,-0.0638961791992188
49.60875,-0.0629425048828125
49.6154166666667,-0.0619888305664063
49.6220833333333,-0.0615119934082031
49.62875,-0.0615119934082031
49.6354166666667,-0.0619888305664063
49.6420833333333,-0.0624656677246094
49.64875,-0.0634193420410156
49.6554166666667,-0.0638961791992188
49.6620833333333,-0.0624656677246094
49.66875,-0.0605583190917969
49.6754166666667,-0.0591278076171875
49.6820833333333,-0.0576972961425781
49.68875,-0.0557899475097656
49.6954166666667,-0.0548362731933594
49.7020833333333,-0.0548362731933594
49.70875,-0.0553131103515625
49.7154166666667,-0.0562667846679688
49.7220833333333,-0.057220458984375
49.72875,-0.0567436218261719
49.7354166666667,-0.0562667846679688
49.7420833333333,-0.0553131103515625
49.74875,-0.0543594360351563
49.7554166666667,-0.0538825988769531
49.7620833333333,-0.05340576171875
49.76875,-0.05340576171875
49.7754166666667,-0.0543594360351563
49.7820833333333,-0.0553131103515625
49.78875,-0.0567436218261719
49.7954166666667,-0.057220458984375
49.8020833333333,-0.057220458984375
49.80875,-0.0562667846679688
49.8154166666667,-0.0557899475097656
49.8220833333333,-0.0557899475097656
49.82875,-0.0562667846679688
49.8354166666667,-0.057220458984375
49.8420833333333,-0.0591278076171875
49.84875,-0.0605583190917969
49.8554166666667,-0.0615119934082031
49.8620833333333,-0.06103515625
49.86875,-0.0596046447753906
49.8754166666667,-0.0581741333007813
49.8820833333333,-0.057220458984375
49.88875,-0.0567436218261719
49.8954166666667,-0.0581741333007813
49.9020833333333,-0.0605583190917969
49.90875,-0.0624656677246094
49.9154166666667,-0.0638961791992188
49.9220833333333,-0.0653266906738281
49.92875,-0.0662803649902344
49.9354166666667,-0.0662803649902344
49.9420833333333,-0.064849853515625
49.94875,-0.0638961791992188
49.9554166666667,-0.0643730163574219
49.9620833333333,-0.0638961791992188
49.96875,-0.0634193420410156
49.9754166666667,-0.0624656677246094
49.9820833333333,-0.0619888305664063
49.98875,-0.0619888305664063
49.9954166666667,-0.0624656677246094
