0.005,-0.0233650207519531
0.0116666666666667,-0.0238418579101563
0.0183333333333333,-0.0243186950683594
0.025,-0.0252723693847656
0.0316666666666667,-0.0257492065429688
0.0383333333333333,-0.0243186950683594
0.045,-0.0219345092773438
0.0516666666666667,-0.0185966491699219
0.0583333333333333,-0.0162124633789063
0.065,-0.0143051147460938
0.0716666666666667,-0.0123977661132813
0.0783333333333333,-0.0119209289550781
0.085,-0.0123977661132813
0.0916666666666667,-0.0128746032714844
0.0983333333333333,-0.0133514404296875
0.105,-0.0147819519042969
0.111666666666667,-0.0162124633789063
0.118333333333333,-0.0171661376953125
0.125,-0.0185966491699219
0.131666666666667,-0.0195503234863281
0.138333333333333,-0.0205039978027344
0.145,-0.0200271606445313
0.151666666666667,-0.0195503234863281
0.158333333333333,-0.019073486328125
0.165,-0.019073486328125
0.171666666666667,-0.0185966491699219
0.178333333333333,-0.0166893005371094
0.185,-0.0147819519042969
0.191666666666667,-0.0143051147460938
0.198333333333333,-0.0133514404296875
0.205,-0.0119209289550781
0.211666666666667,-0.011444091796875
0.218333333333333,-0.0128746032714844
0.225,-0.0157356262207031
0.231666666666667,-0.0171661376953125
0.238333333333333,-0.0176429748535156
0.245,-0.0176429748535156
0.251666666666667,-0.0166893005371094
0.258333333333333,-0.0143051147460938
0.265,-0.011444091796875
0.271666666666667,-0.0095367431640625
0.278333333333333,-0.00858306884765625
0.285,-0.00810623168945313
0.291666666666667,-0.00858306884765625
0.298333333333333,-0.00905990600585938
0.305,-0.0095367431640625
0.311666666666667,-0.0104904174804688
0.318333333333333,-0.011444091796875
0.325,-0.0119209289550781
0.331666666666667,-0.0133514404296875
0.338333333333333,-0.0147819519042969
0.345,-0.0162124633789063
0.351666666666667,-0.0166893005371094
0.358333333333333,-0.0176429748535156
0.365,-0.0185966491699219
0.371666666666667,-0.019073486328125
0.378333333333333,-0.0185966491699219
0.385,-0.0176429748535156
0.391666666666667,-0.0181198120117188
0.398333333333333,-0.0171661376953125
0.405,-0.0157356262207031
0.411666666666667,-0.0138282775878906
0.418333333333333,-0.0119209289550781
0.425,-0.0109672546386719
0.431666666666667,-0.0100135803222656
0.438333333333333,-0.0095367431640625
0.445,-0.0104904174804688
0.451666666666667,-0.011444091796875
0.458333333333333,-0.0119209289550781
0.465,-0.0123977661132813
0.471666666666667,-0.0133514404296875
0.478333333333333,-0.0143051147460938
0.485,-0.0157356262207031
0.491666666666667,-0.0176429748535156
0.498333333333333,-0.0195503234863281
0.505,-0.0205039978027344
0.511666666666667,-0.0205039978027344
0.518333333333333,-0.0195503234863281
0.525,-0.0185966491699219
0.531666666666667,-0.0176429748535156
0.538333333333333,-0.0171661376953125
0.545,-0.0166893005371094
0.551666666666667,-0.0166893005371094
0.558333333333333,-0.0162124633789063
0.565,-0.0157356262207031
0.571666666666667,-0.0157356262207031
0.578333333333333,-0.0162124633789063
0.585,-0.0171661376953125
0.591666666666667,-0.0181198120117188
0.598333333333333,-0.0181198120117188
0.605,-0.0181198120117188
0.611666666666667,-0.0166893005371094
0.618333333333333,-0.0152587890625
0.625,-0.0133514404296875
0.631666666666667,-0.0119209289550781
0.638333333333333,-0.011444091796875
0.645,-0.0123977661132813
0.651666666666667,-0.0147819519042969
0.658333333333333,-0.0176429748535156
0.665,-0.0195503234863281
0.671666666666667,-0.0200271606445313
0.678333333333333,-0.0195503234863281
0.685,-0.0181198120117188
0.691666666666667,-0.0162124633789063
0.698333333333333,-0.0143051147460938
0.705,-0.0128746032714844
0.711666666666667,-0.0128746032714844
0.718333333333333,-0.0138282775878906
0.725,-0.0147819519042969
0.731666666666667,-0.0157356262207031
0.738333333333333,-0.0162124633789063
0.745,-0.0162124633789063
0.751666666666667,-0.0171661376953125
0.758333333333333,-0.0176429748535156
0.765,-0.0176429748535156
0.771666666666667,-0.0171661376953125
0.778333333333333,-0.0171661376953125
0.785,-0.0176429748535156
0.791666666666667,-0.0171661376953125
0.798333333333333,-0.0166893005371094
0.805,-0.0166893005371094
0.811666666666667,-0.0166893005371094
0.818333333333333,-0.0171661376953125
0.825,-0.0166893005371094
0.831666666666667,-0.0157356262207031
0.838333333333333,-0.0143051147460938
0.845,-0.0123977661132813
0.851666666666667,-0.0109672546386719
0.858333333333333,-0.0100135803222656
0.865,-0.00905990600585938
0.871666666666667,-0.00858306884765625
0.878333333333333,-0.00762939453125
0.885,-0.00715255737304688
0.891666666666667,-0.00762939453125
0.898333333333333,-0.00762939453125
0.905,-0.00762939453125
0.911666666666667,-0.00858306884765625
0.918333333333333,-0.0100135803222656
0.925,-0.011444091796875
0.931666666666667,-0.0119209289550781
0.938333333333333,-0.0128746032714844
0.945,-0.0138282775878906
0.951666666666667,-0.0143051147460938
0.958333333333333,-0.0143051147460938
0.965,-0.0138282775878906
0.971666666666667,-0.0123977661132813
0.978333333333333,-0.011444091796875
0.985,-0.0104904174804688
0.991666666666667,-0.00905990600585938
0.998333333333333,-0.00810623168945313
1.005,-0.00858306884765625
1.01166666666667,-0.00905990600585938
1.01833333333333,-0.00905990600585938
1.025,-0.00905990600585938
1.03166666666667,-0.0095367431640625
1.03833333333333,-0.0109672546386719
1.045,-0.011444091796875
1.05166666666667,-0.0119209289550781
1.05833333333333,-0.0119209289550781
1.065,-0.011444091796875
1.07166666666667,-0.0104904174804688
1.07833333333333,-0.0095367431640625
1.085,-0.00858306884765625
1.09166666666667,-0.00810623168945313
1.09833333333333,-0.00762939453125
1.105,-0.00715255737304688
1.11166666666667,-0.00619888305664063
1.11833333333333,-0.0057220458984375
1.125,-0.00476837158203125
1.13166666666667,-0.00333786010742188
1.13833333333333,-0.0019073486328125
1.145,-0.0019073486328125
1.15166666666667,-0.00286102294921875
1.15833333333333,-0.003814697265625
1.165,-0.00429153442382813
1.17166666666667,-0.00429153442382813
1.17833333333333,-0.00476837158203125
1.185,-0.003814697265625
1.19166666666667,-0.00238418579101563
1.19833333333333,-0.00095367431640625
1.205,0
1.21166666666667,0
1.21833333333333,0
1.225,-0.00143051147460938
1.23166666666667,-0.00286102294921875
1.23833333333333,-0.003814697265625
1.245,-0.00429153442382813
1.25166666666667,-0.00524520874023438
1.25833333333333,-0.00476837158203125
1.265,-0.00429153442382813
1.27166666666667,-0.003814697265625
1.27833333333333,-0.003814697265625
1.285,-0.003814697265625
1.29166666666667,-0.00429153442382813
1.29833333333333,-0.00524520874023438
1.305,-0.00619888305664063
1.31166666666667,-0.00619888305664063
1.31833333333333,-0.00524520874023438
1.325,-0.00333786010742188
1.33166666666667,-0.000476837158203125
1.33833333333333,0.00286102294921875
1.345,0.00524520874023438
1.35166666666667,0.00619888305664063
1.35833333333333,0.00619888305664063
1.365,0.00476837158203125
1.37166666666667,0.00238418579101563
1.37833333333333,-0.000476837158203125
1.385,-0.00238418579101563
1.39166666666667,-0.00429153442382813
1.39833333333333,-0.00524520874023438
1.405,-0.00524520874023438
1.41166666666667,-0.00333786010742188
1.41833333333333,0
1.425,0.003814697265625
1.43166666666667,0.00667572021484375
1.43833333333333,0.00858306884765625
1.445,0.0095367431640625
1.45166666666667,0.00858306884765625
1.45833333333333,0.00715255737304688
1.465,0.00619888305664063
1.47166666666667,0.00667572021484375
1.47833333333333,0.00762939453125
1.485,0.0100135803222656
1.49166666666667,0.0123977661132813
1.49833333333333,0.0138282775878906
1.505,0.0152587890625
1.51166666666667,0.0162124633789063
1.51833333333333,0.0171661376953125
1.525,0.0171661376953125
1.53166666666667,0.0166893005371094
1.53833333333333,0.0162124633789063
1.545,0.0166893005371094
1.55166666666667,0.0181198120117188
1.55833333333333,0.0219345092773438
1.565,0.0300407409667969
1.57166666666667,0.0472068786621094
1.57833333333333,0.0844001770019531
1.585,0.161170959472656
1.59166666666667,0.296115875244141
1.59833333333333,0.490188598632813
1.605,0.720024108886719
1.61166666666667,0.946998596191406
1.61833333333333,1.13010406494141
1.625,1.23691558837891
1.63166666666667,1.24931335449219
1.63833333333333,1.17111206054688
1.645,1.03235244750977
1.65166666666667,0.872611999511719
1.65833333333333,0.725746154785156
1.665,0.607013702392578
1.67166666666667,0.518321990966797
1.67833333333333,0.454425811767578
1.685,0.408649444580078
1.69166666666667,0.376701354980469
1.69833333333333,0.353813171386719
1.705,0.338554382324219
1.71166666666667,0.329494476318359
1.71833333333333,0.323772430419922
1.725,0.319957733154297
1.73166666666667,0.318050384521484
1.73833333333333,0.317573547363281
1.745,0.319004058837891
1.75166666666667,0.321388244628906
1.75833333333333,0.326156616210938
1.765,0.334262847900391
1.77166666666667,0.344753265380859
1.77833333333333,0.357151031494141
1.785,0.370025634765625
1.79166666666667,0.383377075195313
1.79833333333333,0.396251678466797
1.805,0.408172607421875
1.81166666666667,0.41961669921875
1.81833333333333,0.430583953857422
1.825,0.441551208496094
1.83166666666667,0.453472137451172
1.83833333333333,0.466823577880859
1.845,0.481128692626953
1.85166666666667,0.496387481689453
1.85833333333333,0.513553619384766
1.865,0.532627105712891
1.87166666666667,0.553131103515625
1.87833333333333,0.574111938476563
1.885,0.597476959228516
1.89166666666667,0.624656677246094
1.89833333333333,0.653743743896484
1.905,0.683307647705078
1.91166666666667,0.711917877197266
1.91833333333333,0.738620758056641
1.925,0.763416290283203
1.93166666666667,0.785350799560547
1.93833333333333,0.804901123046875
1.945,0.823974609375
1.95166666666667,0.844955444335938
1.95833333333333,0.867843627929688
1.965,0.891208648681641
1.97166666666667,0.914096832275391
1.97833333333333,0.934600830078125
1.985,0.953197479248047
1.99166666666667,0.967979431152344
1.99833333333333,0.978946685791016
2.005,0.986576080322266
2.01166666666667,0.992774963378906
2.01833333333333,1.00040435791016
2.025,1.01137161254883
2.03166666666667,1.02758407592773
2.03833333333333,1.05142593383789
2.045,1.08671188354492
2.05166666666667,1.13677978515625
2.05833333333333,1.20735168457031
2.065,1.30414962768555
2.07166666666667,1.43194198608398
2.07833333333333,1.58452987670898
2.085,1.74331665039063
2.09166666666667,1.88732147216797
2.09833333333333,2.00414657592773
2.105,2.08854675292969
2.11166666666667,2.13623046875
2.11833333333333,2.15291976928711
2.125,2.15339660644531
2.13166666666667,2.15482711791992
2.13833333333333,2.16436386108398
2.145,2.1815299987793
2.15166666666667,2.20680236816406
2.15833333333333,2.24208831787109
2.165,2.28786468505859
2.17166666666667,2.34365463256836
2.17833333333333,2.40516662597656
2.185,2.46572494506836
2.19166666666667,2.5177001953125
2.19833333333333,2.55680084228516
2.205,2.5787353515625
2.21166666666667,2.58541107177734
2.21833333333333,2.58207321166992
2.225,2.5787353515625
2.23166666666667,2.58779525756836
2.23833333333333,2.62069702148438
2.245,2.68650054931641
2.25166666666667,2.78854370117188
2.25833333333333,2.9296875
2.265,3.1123161315918
2.27166666666667,3.33738327026367
2.27833333333333,3.60393524169922
2.285,3.9067268371582
2.29166666666667,4.23717498779297
2.29833333333333,4.58431243896484
2.305,4.93764877319336
2.31166666666667,5.28764724731445
2.31833333333333,5.63621520996094
2.325,6.00814819335938
2.33166666666667,6.4396858215332
2.33833333333333,6.95037841796875
2.345,7.5225830078125
2.35166666666667,8.10861587524414
2.35833333333333,8.63885879516602
2.365,9.01603698730469
2.37166666666667,9.15336608886719
2.37833333333333,9.02795791625977
2.385,8.6970329284668
2.39166666666667,8.25929641723633
2.39833333333333,7.79533386230469
2.405,7.31658935546875
2.41166666666667,6.77490234375
2.41833333333333,6.04534149169922
2.425,5.01346588134766
2.43166666666667,3.73077392578125
2.43833333333333,2.4571418762207
2.445,1.53541564941406
2.45166666666667,1.11627578735352
2.45833333333333,1.21307373046875
2.465,1.81007385253906
2.47166666666667,2.77423858642578
2.47833333333333,3.79371643066406
2.485,4.54378128051758
2.49166666666667,4.96482849121094
2.49833333333333,5.18178939819336
2.505,5.24568557739258
2.51166666666667,5.15508651733398
2.51833333333333,4.97579574584961
2.525,4.79364395141602
2.53166666666667,4.60147857666016
2.53833333333333,4.34398651123047
2.545,4.04644012451172
2.55166666666667,3.7684440612793
2.55833333333333,3.49855422973633
2.565,3.20720672607422
2.57166666666667,2.94971466064453
2.57833333333333,2.81763076782227
2.585,2.81047821044922
2.59166666666667,2.83575057983398
2.59833333333333,2.8228759765625
2.605,2.77090072631836
2.61166666666667,2.67744064331055
2.61833333333333,2.52914428710938
2.625,2.35366821289063
2.63166666666667,2.22015380859375
2.63833333333333,2.17580795288086
2.645,2.20966339111328
2.65166666666667,2.28786468505859
2.65833333333333,2.39086151123047
2.665,2.51150131225586
2.67166666666667,2.655029296875
2.67833333333333,2.83384323120117
2.685,3.06081771850586
2.69166666666667,3.32784652709961
2.69833333333333,3.59058380126953
2.705,3.78799438476563
2.71166666666667,3.8762092590332
2.71833333333333,3.84521484375
2.725,3.70216369628906
2.73166666666667,3.46946716308594
2.73833333333333,3.19576263427734
2.745,2.93970108032227
2.75166666666667,2.73942947387695
2.75833333333333,2.5944709777832
2.765,2.48575210571289
2.77166666666667,2.39658355712891
2.77833333333333,2.31838226318359
2.785,2.25067138671875
2.79166666666667,2.19488143920898
2.79833333333333,2.1519660949707
2.805,2.12240219116211
2.81166666666667,2.10666656494141
2.81833333333333,2.1052360534668
2.825,2.11477279663086
2.83166666666667,2.13146209716797
2.83833333333333,2.1519660949707
2.845,2.17390060424805
2.85166666666667,2.1967887878418
2.85833333333333,2.21967697143555
2.865,2.24399566650391
2.87166666666667,2.27022171020508
2.87833333333333,2.29930877685547
2.885,2.33221054077148
2.89166666666667,2.37035751342773
2.89833333333333,2.41422653198242
2.905,2.46334075927734
2.91166666666667,2.51531600952148
2.91833333333333,2.56681442260742
2.925,2.61259078979492
2.93166666666667,2.64835357666016
2.93833333333333,2.67362594604492
2.945,2.68793106079102
2.95166666666667,2.69556045532227
2.95833333333333,2.70318984985352
2.965,2.71749496459961
2.97166666666667,2.74372100830078
2.97833333333333,2.78282165527344
2.985,2.83527374267578
2.99166666666667,2.8996467590332
2.99833333333333,2.97451019287109
3.005,3.05652618408203
3.01166666666667,3.1428337097168
3.01833333333333,3.23104858398438
3.025,3.31830978393555
3.03166666666667,3.4027099609375
3.03833333333333,3.48520278930664
3.045,3.57580184936523
3.05166666666667,3.69977951049805
3.05833333333333,3.90481948852539
3.065,4.26721572875977
3.07166666666667,4.9443244934082
3.07833333333333,6.45160675048828
3.085,9.98544692993164
3.09166666666667,17.2152519226074
3.09833333333333,29.8805236816406
3.105,49.5777130126953
3.11166666666667,76.9562721252441
3.11833333333333,109.692573547363
3.125,141.680240631104
3.13166666666667,165.135860443115
3.13833333333333,174.525737762451
3.145,168.309211730957
3.15166666666667,148.383617401123
3.15833333333333,119.521141052246
3.165,88.3598327636719
3.17166666666667,61.6774559020996
3.17833333333333,43.4403419494629
3.185,33.5392951965332
3.19166666666667,29.1996002197266
3.19833333333333,27.3518562316895
3.205,26.176929473877
3.21166666666667,24.9447822570801
3.21833333333333,23.4403610229492
3.225,21.6703414916992
3.23166666666667,19.7482109069824
3.23833333333333,17.8179740905762
3.245,15.998363494873
3.25166666666667,14.3599510192871
3.25833333333333,12.9213333129883
3.265,11.6701126098633
3.27166666666667,10.5757713317871
3.27833333333333,9.60826873779297
3.285,8.74185562133789
3.29166666666667,7.95936584472656
3.29833333333333,7.24983215332031
3.305,6.60848617553711
3.31166666666667,6.03294372558594
3.31833333333333,5.52034378051758
3.325,5.0663948059082
3.33166666666667,4.66442108154297
3.33833333333333,4.30917739868164
3.345,3.99684906005859
3.35166666666667,3.72219085693359
3.35833333333333,3.47900390625
3.365,3.26347351074219
3.37166666666667,3.07178497314453
3.37833333333333,2.90060043334961
3.385,2.74753570556641
3.39166666666667,2.6087760925293
3.39833333333333,2.48193740844727
3.405,2.3655891418457
3.41166666666667,2.25973129272461
3.41833333333333,2.16293334960938
3.425,2.0751953125
3.43166666666667,1.99556350708008
3.43833333333333,1.922607421875
3.445,1.85585021972656
3.45166666666667,1.79529190063477
3.45833333333333,1.74188613891602
3.465,1.69181823730469
3.47166666666667,1.64508819580078
3.47833333333333,1.60121917724609
3.485,1.56116485595703
3.49166666666667,1.52397155761719
3.49833333333333,1.48725509643555
3.505,1.45053863525391
3.51166666666667,1.41477584838867
3.51833333333333,1.38044357299805
3.525,1.34849548339844
3.53166666666667,1.31702423095703
3.53833333333333,1.28746032714844
3.545,1.25980377197266
3.55166666666667,1.23500823974609
3.55833333333333,1.21402740478516
3.565,1.19495391845703
3.57166666666667,1.17778778076172
3.57833333333333,1.16252899169922
3.585,1.15060806274414
3.59166666666667,1.14250183105469
3.59833333333333,1.13725662231445
3.605,1.13487243652344
3.61166666666667,1.13487243652344
3.61833333333333,1.13821029663086
3.625,1.14297866821289
3.63166666666667,1.15013122558594
3.63833333333333,1.15871429443359
3.645,1.16920471191406
3.65166666666667,1.18207931518555
3.65833333333333,1.19686126708984
3.665,1.21307373046875
3.67166666666667,1.23023986816406
3.67833333333333,1.24597549438477
3.685,1.26171112060547
3.69166666666667,1.27696990966797
3.69833333333333,1.29175186157227
3.705,1.30605697631836
3.71166666666667,1.32083892822266
3.71833333333333,1.33562088012695
3.725,1.35087966918945
3.73166666666667,1.36661529541016
3.73833333333333,1.38187408447266
3.745,1.39760971069336
3.75166666666667,1.41429901123047
3.75833333333333,1.43051147460938
3.765,1.44624710083008
3.77166666666667,1.46150588989258
3.77833333333333,1.47581100463867
3.785,1.48963928222656
3.79166666666667,1.50251388549805
3.79833333333333,1.51491165161133
3.805,1.52730941772461
3.81166666666667,1.53923034667969
3.81833333333333,1.55115127563477
3.825,1.56164169311523
3.83166666666667,1.5711784362793
3.83833333333333,1.58023834228516
3.845,1.58977508544922
3.85166666666667,1.59978866577148
3.85833333333333,1.60980224609375
3.865,1.62029266357422
3.87166666666667,1.63125991821289
3.87833333333333,1.63984298706055
3.885,1.64699554443359
3.89166666666667,1.65319442749023
3.89833333333333,1.65891647338867
3.905,1.66416168212891
3.91166666666667,1.66845321655273
3.91833333333333,1.67322158813477
3.925,1.678466796875
3.93166666666667,1.68323516845703
3.93833333333333,1.68704986572266
3.945,1.68991088867188
3.95166666666667,1.69277191162109
3.95833333333333,1.69515609741211
3.965,1.69658660888672
3.97166666666667,1.69706344604492
3.97833333333333,1.69849395751953
3.985,1.69944763183594
3.99166666666667,1.70040130615234
3.99833333333333,1.70183181762695
4.005,1.70373916625977
4.01166666666667,1.70612335205078
4.01833333333333,1.70803070068359
4.025,1.70993804931641
4.03166666666667,1.71136856079102
4.03833333333333,1.71184539794922
4.045,1.71089172363281
4.05166666666667,1.7094612121582
4.05833333333333,1.70707702636719
4.065,1.70516967773438
4.07166666666667,1.70421600341797
4.07833333333333,1.70469284057617
4.085,1.70612335205078
4.09166666666667,1.70803070068359
4.09833333333333,1.7094612121582
4.105,1.71089172363281
4.11166666666667,1.71136856079102
4.11833333333333,1.71136856079102
4.125,1.71041488647461
4.13166666666667,1.70993804931641
4.13833333333333,1.70993804931641
4.145,1.70993804931641
4.15166666666667,1.71041488647461
4.15833333333333,1.71136856079102
4.165,1.71279907226563
4.17166666666667,1.71470642089844
4.17833333333333,1.71613693237305
4.185,1.71756744384766
4.19166666666667,1.71947479248047
4.19833333333333,1.72138214111328
4.205,1.72328948974609
4.21166666666667,1.72567367553711
4.21833333333333,1.72805786132813
4.225,1.73044204711914
4.23166666666667,1.73282623291016
4.23833333333333,1.73473358154297
4.245,1.73568725585938
4.25166666666667,1.73521041870117
4.25833333333333,1.73425674438477
4.265,1.73234939575195
4.27166666666667,1.73044204711914
4.27833333333333,1.72948837280273
4.285,1.72948837280273
4.29166666666667,1.73091888427734
4.29833333333333,1.73282623291016
4.305,1.73521041870117
4.31166666666667,1.73664093017578
4.31833333333333,1.73616409301758
4.325,1.73521041870117
4.33166666666667,1.73473358154297
4.33833333333333,1.73473358154297
4.345,1.73425674438477
4.35166666666667,1.73425674438477
4.35833333333333,1.73521041870117
4.365,1.73711776733398
4.37166666666667,1.73807144165039
4.37833333333333,1.73759460449219
4.385,1.73711776733398
4.39166666666667,1.73759460449219
4.39833333333333,1.73807144165039
4.405,1.73807144165039
4.41166666666667,1.73664093017578
4.41833333333333,1.73521041870117
4.425,1.73473358154297
4.43166666666667,1.73377990722656
4.43833333333333,1.73377990722656
4.445,1.73425674438477
4.45166666666667,1.73664093017578
4.45833333333333,1.739501953125
4.465,1.74188613891602
4.47166666666667,1.74331665039063
4.47833333333333,1.74474716186523
4.485,1.74713134765625
4.49166666666667,1.74903869628906
4.49833333333333,1.75142288208008
4.505,1.7547607421875
4.51166666666667,1.76000595092773
4.51833333333333,1.76572799682617
4.525,1.77192687988281
4.53166666666667,1.77812576293945
4.53833333333333,1.7848014831543
4.545,1.79100036621094
4.55166666666667,1.79767608642578
4.55833333333333,1.80482864379883
4.565,1.81341171264648
4.57166666666667,1.82294845581055
4.57833333333333,1.83248519897461
4.585,1.84202194213867
4.59166666666667,1.85251235961914
4.59833333333333,1.8620491027832
4.605,1.87158584594727
4.61166666666667,1.88016891479492
4.61833333333333,1.88875198364258
4.625,1.89781188964844
4.63166666666667,1.90544128417969
4.63833333333333,1.91211700439453
4.645,1.91688537597656
4.65166666666667,1.91974639892578
4.65833333333333,1.92165374755859
4.665,1.92356109619141
4.67166666666667,1.92451477050781
4.67833333333333,1.92546844482422
4.685,1.92642211914063
4.69166666666667,1.92785263061523
4.69833333333333,1.92928314208984
4.705,1.93023681640625
4.71166666666667,1.93166732788086
4.71833333333333,1.93262100219727
4.725,1.93405151367188
4.73166666666667,1.93643569946289
4.73833333333333,1.93929672241211
4.745,1.94358825683594
4.75166666666667,1.94978713989258
4.75833333333333,1.95789337158203
4.765,1.9683837890625
4.77166666666667,1.98030471801758
4.77833333333333,1.99413299560547
4.785,2.00986862182617
4.79166666666667,2.02751159667969
4.79833333333333,2.04753875732422
4.805,2.06995010375977
4.81166666666667,2.09569931030273
4.81833333333333,2.12430953979492
4.825,2.15530395507813
4.83166666666667,2.18915939331055
4.83833333333333,2.22396850585938
4.845,2.26068496704102
4.85166666666667,2.29835510253906
4.85833333333333,2.33840942382813
4.865,2.3808479309082
4.87166666666667,2.4261474609375
4.87833333333333,2.47383117675781
4.885,2.52389907836914
4.89166666666667,2.57587432861328
4.89833333333333,2.62975692749023
4.905,2.6850700378418
4.91166666666667,2.74181365966797
4.91833333333333,2.79951095581055
4.925,2.85959243774414
4.93166666666667,2.92158126831055
4.93833333333333,2.98595428466797
4.945,3.0522346496582
4.95166666666667,3.12185287475586
4.95833333333333,3.19480895996094
4.965,3.27110290527344
4.97166666666667,3.35025787353516
4.97833333333333,3.42988967895508
4.985,3.51095199584961
4.99166666666667,3.59249114990234
4.99833333333333,3.67546081542969
5.005,3.75890731811523
5.01166666666667,3.84378433227539
5.01833333333333,3.93056869506836
5.025,4.01782989501953
5.03166666666667,4.10556793212891
5.03833333333333,4.19235229492188
5.045,4.27818298339844
5.05166666666667,4.36258316040039
5.05833333333333,4.44602966308594
5.065,4.52947616577148
5.07166666666667,4.61292266845703
5.07833333333333,4.69636917114258
5.085,4.77886199951172
5.09166666666667,4.86135482788086
5.09833333333333,4.94480133056641
5.105,5.02920150756836
5.11166666666667,5.11503219604492
5.11833333333333,5.20467758178711
5.125,5.29909133911133
5.13166666666667,5.39875030517578
5.13833333333333,5.50365447998047
5.145,5.6147575378418
5.15166666666667,5.73301315307617
5.15833333333333,5.85794448852539
5.165,5.99002838134766
5.17166666666667,6.13021850585938
5.17833333333333,6.28042221069336
5.185,6.44111633300781
5.19166666666667,6.61277770996094
5.19833333333333,6.79540634155273
5.205,6.98947906494141
5.21166666666667,7.19404220581055
5.21833333333333,7.40861892700195
5.225,7.63177871704102
5.23166666666667,7.86352157592773
5.23833333333333,8.10337066650391
5.245,8.35084915161133
5.25166666666667,8.60452651977539
5.25833333333333,8.8648796081543
5.265,9.12857055664063
5.27166666666667,9.39512252807617
5.27833333333333,9.66119766235352
5.285,9.92631912231445
5.29166666666667,10.1871490478516
5.29833333333333,10.441780090332
5.305,10.688304901123
5.31166666666667,10.9243392944336
5.31833333333333,11.1465454101563
5.325,11.3520622253418
5.33166666666667,11.5375518798828
5.33833333333333,11.7020606994629
5.345,11.8436813354492
5.35166666666667,11.9614601135254
5.35833333333333,12.0530128479004
5.365,12.117862701416
5.37166666666667,12.1555328369141
5.37833333333333,12.1645927429199
5.385,12.1417045593262
5.39166666666667,12.0863914489746
5.39833333333333,11.9986534118652
5.405,11.8808746337891
5.41166666666667,11.7340087890625
5.41833333333333,11.5585327148438
5.425,11.3568305969238
5.43166666666667,11.1312866210938
5.43833333333333,10.8852386474609
5.445,10.6210708618164
5.45166666666667,10.3402137756348
5.45833333333333,10.045051574707
5.465,9.73892211914063
5.47166666666667,9.42611694335938
5.47833333333333,9.10758972167969
5.485,8.78715515136719
5.49166666666667,8.46624374389648
5.49833333333333,8.14962387084961
5.505,7.83920288085938
5.51166666666667,7.5373649597168
5.51833333333333,7.24411010742188
5.525,6.96182250976563
5.53166666666667,6.69193267822266
5.53833333333333,6.43587112426758
5.545,6.1955451965332
5.55166666666667,5.97095489501953
5.55833333333333,5.76353073120117
5.565,5.57279586791992
5.57166666666667,5.39970397949219
5.57833333333333,5.24282455444336
5.585,5.10168075561523
5.59166666666667,4.97531890869141
5.59833333333333,4.86326217651367
5.605,4.76360321044922
5.61166666666667,4.67443466186523
5.61833333333333,4.59527969360352
5.625,4.52518463134766
5.63166666666667,4.46367263793945
5.63833333333333,4.40883636474609
5.645,4.35972213745117
5.65166666666667,4.31585311889648
5.65833333333333,4.27532196044922
5.665,4.23812866210938
5.67166666666667,4.20188903808594
5.67833333333333,4.16851043701172
5.685,4.14037704467773
5.69166666666667,4.11844253540039
5.69833333333333,4.1041374206543
5.705,4.09841537475586
5.71166666666667,4.1041374206543
5.71833333333333,4.12464141845703
5.725,4.16278839111328
5.73166666666667,4.22000885009766
5.73833333333333,4.30059432983398
5.745,4.40835952758789
5.75166666666667,4.5466423034668
5.75833333333333,4.71830368041992
5.765,4.92525100708008
5.77166666666667,5.17129898071289
5.77833333333333,5.45978546142578
5.785,5.79166412353516
5.79166666666667,6.16931915283203
5.79833333333333,6.59370422363281
5.805,7.06386566162109
5.81166666666667,7.57932662963867
5.81833333333333,8.13817977905273
5.825,8.73708724975586
5.83166666666667,9.37366485595703
5.83833333333333,10.0436210632324
5.845,10.7421875
5.85166666666667,11.4612579345703
5.85833333333333,12.1951103210449
5.865,12.934684753418
5.87166666666667,13.671875
5.87833333333333,14.3961906433105
5.885,15.0985717773438
5.89166666666667,15.7699584960938
5.89833333333333,16.4008140563965
5.905,16.9825553894043
5.91166666666667,17.5080299377441
5.91833333333333,17.9705619812012
5.925,18.3663368225098
5.93166666666667,18.6924934387207
5.93833333333333,18.9499855041504
5.945,19.139289855957
5.95166666666667,19.263744354248
5.95833333333333,19.3285942077637
5.965,19.3438529968262
5.97166666666667,19.3219184875488
5.97833333333333,19.2751884460449
5.985,19.2165374755859
5.99166666666667,19.1631317138672
5.99833333333333,19.132137298584
6.005,19.1373825073242
6.01166666666667,19.1912651062012
6.01833333333333,19.3066596984863
6.025,19.4945335388184
6.03166666666667,19.7634696960449
6.03833333333333,20.1177597045898
6.045,20.5578804016113
6.05166666666667,21.0819244384766
6.05833333333333,21.6836929321289
6.065,22.3517417907715
6.07166666666667,23.0703353881836
6.07833333333333,23.8218307495117
6.085,24.5852470397949
6.09166666666667,25.3353118896484
6.09833333333333,26.0462760925293
6.105,26.6890525817871
6.11166666666667,27.2374153137207
6.11833333333333,27.6627540588379
6.125,27.9402732849121
6.13166666666667,28.0499458312988
6.13833333333333,27.9769897460938
6.145,27.7128219604492
6.15166666666667,27.256965637207
6.15833333333333,26.618480682373
6.165,25.8145332336426
6.17166666666667,24.8713493347168
6.17833333333333,23.8170623779297
6.185,22.6850509643555
6.19166666666667,21.5115547180176
6.19833333333333,20.331859588623
6.205,19.1788673400879
6.21166666666667,18.0797576904297
6.21833333333333,17.0607566833496
6.225,16.143798828125
6.23166666666667,15.345573425293
6.23833333333333,14.6794319152832
6.245,14.1549110412598
6.25166666666667,13.7820243835449
6.25833333333333,13.5707855224609
6.265,13.5316848754883
6.27166666666667,13.6752128601074
6.27833333333333,14.0118598937988
6.285,14.554500579834
6.29166666666667,15.3145790100098
6.29833333333333,16.3054466247559
6.305,17.5371170043945
6.31166666666667,19.0200805664063
6.31833333333333,20.7624435424805
6.325,22.7675437927246
6.33166666666667,25.0310897827148
6.33833333333333,27.5425910949707
6.345,30.2829742431641
6.35166666666667,33.2241058349609
6.35833333333333,36.3273620605469
6.365,39.5445823669434
6.37166666666667,42.818546295166
6.37833333333333,46.0872650146484
6.385,49.285888671875
6.39166666666667,52.3505210876465
6.39833333333333,55.2186965942383
6.405,57.8317642211914
6.41166666666667,60.1434707641602
6.41833333333333,62.1170997619629
6.425,63.7269020080566
6.43166666666667,64.9557113647461
6.43833333333333,65.7987594604492
6.445,66.2622451782227
6.45166666666667,66.3614273071289
6.45833333333333,66.1163330078125
6.465,65.5508041381836
6.47166666666667,64.6939277648926
6.47833333333333,63.575267791748
6.485,62.225341796875
6.49166666666667,60.6722831726074
6.49833333333333,58.9423179626465
6.505,57.0621490478516
6.51166666666667,55.0556182861328
6.51833333333333,52.945613861084
6.525,50.7512092590332
6.53166666666667,48.4919548034668
6.53833333333333,46.1878776550293
6.545,43.8570976257324
6.55166666666667,41.5163040161133
6.55833333333333,39.182186126709
6.565,36.8733406066895
6.57166666666667,34.6074104309082
6.57833333333333,32.4006080627441
6.585,30.2667617797852
6.59166666666667,28.2192230224609
6.59833333333333,26.2689590454102
6.605,24.4250297546387
6.61166666666667,22.6945877075195
6.61833333333333,21.0843086242676
6.625,19.5989608764648
6.63166666666667,18.2409286499023
6.63833333333333,17.0111656188965
6.645,15.9087181091309
6.65166666666667,14.9316787719727
6.65833333333333,14.0752792358398
6.665,13.3342742919922
6.67166666666667,12.702465057373
6.67833333333333,12.1736526489258
6.685,11.7416381835938
6.69166666666667,11.3992691040039
6.69833333333333,11.1398696899414
6.705,10.9572410583496
6.71166666666667,10.8456611633301
6.71833333333333,10.7998847961426
6.725,10.8165740966797
6.73166666666667,10.8952522277832
6.73833333333333,11.0373497009277
6.745,11.2452507019043
6.75166666666667,11.5270614624023
6.75833333333333,11.8918418884277
6.765,12.3529434204102
6.77166666666667,12.9237174987793
6.77833333333333,13.6184692382813
6.785,14.4529342651367
6.79166666666667,15.4409408569336
6.79833333333333,16.5939331054688
6.805,17.9204940795898
6.81166666666667,19.4206237792969
6.81833333333333,21.0862159729004
6.825,22.9024887084961
6.83166666666667,24.8451232910156
6.83833333333333,26.8816947937012
6.845,28.9707183837891
6.85166666666667,31.0654640197754
6.85833333333333,33.1168174743652
6.865,35.0785255432129
6.87166666666667,36.9057655334473
6.87833333333333,38.5627746582031
6.885,40.0204658508301
6.89166666666667,41.2640571594238
6.89833333333333,42.2892570495605
6.905,43.1060791015625
6.91166666666667,43.7307357788086
6.91833333333333,44.1875457763672
6.925,44.5070266723633
6.93166666666667,44.7220802307129
6.93833333333333,44.8637008666992
6.945,44.9600219726563
6.95166666666667,45.0315475463867
6.95833333333333,45.0954437255859
6.965,45.1622009277344
6.97166666666667,45.2384948730469
6.97833333333333,45.3248023986816
6.985,45.417308807373
6.99166666666667,45.508861541748
6.99833333333333,45.588493347168
7.005,45.6433296203613
7.01166666666667,45.6557273864746
7.01833333333333,45.6051826477051
7.025,45.4697608947754
7.03166666666667,45.2260971069336
7.03833333333333,44.8513031005859
7.045,44.3239212036133
7.05166666666667,43.6282157897949
7.05833333333333,42.7532196044922
7.065,41.6965484619141
7.07166666666667,40.4629707336426
7.07833333333333,39.0658378601074
7.085,37.5266075134277
7.09166666666667,35.8719825744629
7.09833333333333,34.1310501098633
7.105,32.3371887207031
7.11166666666667,30.524730682373
7.11833333333333,28.7261009216309
7.125,26.970386505127
7.13166666666667,25.2838134765625
7.13833333333333,23.6873626708984
7.145,22.1972465515137
7.15166666666667,20.8239555358887
7.15833333333333,19.5751190185547
7.165,18.4545516967773
7.17166666666667,17.4641609191895
7.17833333333333,16.6029930114746
7.185,15.8705711364746
7.19166666666667,15.2668952941895
7.19833333333333,14.7900581359863
7.205,14.4362449645996
7.21166666666667,14.2016410827637
7.21833333333333,14.0824317932129
7.225,14.0719413757324
7.23166666666667,14.1596794128418
7.23833333333333,14.3327713012695
7.245,14.5769119262695
7.25166666666667,14.8725509643555
7.25833333333333,15.1987075805664
7.265,15.5324935913086
7.27166666666667,15.8514976501465
7.27833333333333,16.1337852478027
7.285,16.3583755493164
7.29166666666667,16.5081024169922
7.29833333333333,16.5700912475586
7.305,16.5371894836426
7.31166666666667,16.4065361022949
7.31833333333333,16.1824226379395
7.325,15.8748626708984
7.33166666666667,15.4976844787598
7.33833333333333,15.0661468505859
7.345,14.5983695983887
7.35166666666667,14.1129493713379
7.35833333333333,13.6270523071289
7.365,13.157844543457
7.37166666666667,12.7201080322266
7.37833333333333,12.3248100280762
7.385,11.9814872741699
7.39166666666667,11.6968154907227
7.39833333333333,11.474609375
7.405,11.317253112793
7.41166666666667,11.2266540527344
7.41833333333333,11.2037658691406
7.425,11.2471580505371
7.43166666666667,11.3554000854492
7.43833333333333,11.5261077880859
7.445,11.756420135498
7.45166666666667,12.0449066162109
7.45833333333333,12.392520904541
7.465,12.8054618835449
7.47166666666667,13.2956504821777
7.47833333333333,13.8802528381348
7.485,14.5869255065918
7.49166666666667,15.4566764831543
7.49833333333333,16.5414810180664
7.505,17.9042816162109
7.51166666666667,19.6189880371094
7.51833333333333,21.7671394348145
7.525,24.4302749633789
7.53166666666667,27.6808738708496
7.53833333333333,31.5723419189453
7.545,36.1242294311523
7.55166666666667,41.3122177124023
7.55833333333333,47.0633506774902
7.565,53.253173828125
7.57166666666667,59.7047805786133
7.57833333333333,66.2012100219727
7.585,72.5040435791016
7.59166666666667,78.3772468566895
7.59833333333333,83.6048126220703
7.605,88.0069732666016
7.61166666666667,91.4549827575684
7.61833333333333,93.876838684082
7.625,95.2582359313965
7.63166666666667,95.6330299377441
7.63833333333333,95.0698852539063
7.645,93.6627388000488
7.65166666666667,91.5226936340332
7.65833333333333,88.770866394043
7.665,85.5274200439453
7.67166666666667,81.9106101989746
7.67833333333333,78.0339241027832
7.685,74.0118026733398
7.69166666666667,69.9539184570313
7.69833333333333,65.9646987915039
7.705,62.1480941772461
7.71166666666667,58.6037635803223
7.71833333333333,55.4256439208984
7.725,52.6971817016602
7.73166666666667,50.4913330078125
7.73833333333333,48.8653182983398
7.745,47.8568077087402
7.75166666666667,47.4762916564941
7.75833333333333,47.7042198181152
7.765,48.4871864318848
7.77166666666667,49.7398376464844
7.77833333333333,51.3429641723633
7.785,53.1525611877441
7.79166666666667,55.0127029418945
7.79833333333333,56.7660331726074
7.805,58.2699775695801
7.81166666666667,59.4038963317871
7.81833333333333,60.0810050964355
7.825,60.2526664733887
7.83166666666667,59.908390045166
7.83833333333333,59.0686798095703
7.845,57.7807426452637
7.85166666666667,56.1127662658691
7.85833333333333,54.1448593139648
7.865,51.9614219665527
7.87166666666667,49.6454238891602
7.87833333333333,47.2726821899414
7.885,44.9104309082031
7.89166666666667,42.6135063171387
7.89833333333333,40.4262542724609
7.905,38.3758544921875
7.91166666666667,36.4794731140137
7.91833333333333,34.7423553466797
7.925,33.1602096557617
7.93166666666667,31.7230224609375
7.93833333333333,30.4117202758789
7.945,29.2019844055176
7.95166666666667,28.071403503418
7.95833333333333,26.9975662231445
7.965,25.9590148925781
7.97166666666667,24.937629699707
7.97833333333333,23.9200592041016
7.985,22.8981971740723
7.99166666666667,21.8687057495117
7.99833333333333,20.8339691162109
8.005,19.798755645752
8.01166666666667,18.7721252441406
8.01833333333333,17.7669525146484
8.025,16.7989730834961
8.03166666666667,15.8834457397461
8.03833333333333,15.0351524353027
8.045,14.2683982849121
8.05166666666667,13.5965347290039
8.05833333333333,13.028621673584
8.065,12.5703811645508
8.07166666666667,12.2256278991699
8.07833333333333,11.9943618774414
8.085,11.873722076416
8.09166666666667,11.8560791015625
8.09833333333333,11.9338035583496
8.105,12.0944976806641
8.11166666666667,12.3276710510254
8.11833333333333,12.6204490661621
8.125,12.9604339599609
8.13166666666667,13.336181640625
8.13833333333333,13.7362480163574
8.145,14.1534805297852
8.15166666666667,14.5807266235352
8.15833333333333,15.0127410888672
8.165,15.444278717041
8.17166666666667,15.8720016479492
8.17833333333333,16.2925720214844
8.185,16.7026519775391
8.19166666666667,17.0974731445313
8.19833333333333,17.4698829650879
8.205,17.8127288818359
8.21166666666667,18.1164741516113
8.21833333333333,18.3706283569336
8.225,18.561840057373
8.23166666666667,18.6810493469238
8.23833333333333,18.7196731567383
8.245,18.671989440918
8.25166666666667,18.5379981994629
8.25833333333333,18.3234214782715
8.265,18.0377960205078
8.27166666666667,17.6968574523926
8.27833333333333,17.3196792602539
8.285,16.9286727905273
8.29166666666667,16.5500640869141
8.29833333333333,16.209602355957
8.305,15.9320831298828
8.31166666666667,15.7427787780762
8.31833333333333,15.6645774841309
8.325,15.721321105957
8.33166666666667,15.9406661987305
8.33833333333333,16.3602828979492
8.345,17.0373916625977
8.35166666666667,18.0706977844238
8.35833333333333,19.6537971496582
8.365,22.1719741821289
8.37166666666667,26.3586044311523
8.37833333333333,33.4758758544922
8.385,45.4621315002441
8.39166666666667,65.0124549865723
8.39833333333333,95.482349395752
8.405,140.419960021973
8.41166666666667,202.549934387207
8.41833333333333,282.191753387451
8.425,375.838756561279
8.43166666666667,476.149559020996
8.43833333333333,573.726177215576
8.445,659.615039825439
8.45166666666667,727.156639099121
8.45833333333333,773.111343383789
8.465,798.244476318359
8.47166666666667,806.748867034912
8.47833333333333,804.290294647217
8.485,795.768260955811
8.49166666666667,784.288883209229
8.49833333333333,771.418571472168
8.505,757.857799530029
8.51166666666667,743.921279907227
8.51833333333333,729.764938354492
8.525,715.480327606201
8.53166666666667,701.123237609863
8.53833333333333,686.734199523926
8.545,672.339916229248
8.55166666666667,657.951831817627
8.55833333333333,643.570899963379
8.565,629.181861877441
8.57166666666667,614.760398864746
8.57833333333333,600.280284881592
8.585,585.717678070068
8.59166666666667,571.053504943848
8.59833333333333,556.269645690918
8.605,541.354656219482
8.61166666666667,526.311874389648
8.61833333333333,511.160373687744
8.625,495.927333831787
8.63166666666667,480.644226074219
8.63833333333333,465.350151062012
8.645,450.090885162354
8.65166666666667,434.916973114014
8.65833333333333,419.878482818604
8.665,405.018329620361
8.67166666666667,390.364646911621
8.67833333333333,375.935554504395
8.685,361.742496490479
8.69166666666667,347.784519195557
8.69833333333333,334.051609039307
8.705,320.518970489502
8.71166666666667,307.1608543396
8.71833333333333,293.951511383057
8.725,280.87043762207
8.73166666666667,267.902374267578
8.73833333333333,255.033016204834
8.745,242.260932922363
8.75166666666667,229.598045349121
8.75833333333333,217.070579528809
8.765,204.7119140625
8.77166666666667,192.557334899902
8.77833333333333,180.646419525146
8.785,169.020652770996
8.79166666666667,157.72533416748
8.79833333333333,146.805286407471
8.805,136.298179626465
8.81166666666667,126.232624053955
8.81833333333333,116.636276245117
8.825,107.532501220703
8.83166666666667,98.9398956298828
8.83833333333333,90.8679962158203
8.845,83.3168029785156
8.85166666666667,76.2853622436523
8.85833333333333,69.7708129882813
8.865,63.7664794921875
8.87166666666667,58.2571029663086
8.87833333333333,53.2231330871582
8.885,48.6440658569336
8.89166666666667,44.4974899291992
8.89833333333333,40.7586097717285
8.905,37.3992919921875
8.91166666666667,34.3899726867676
8.91833333333333,31.7020416259766
8.925,29.3083190917969
8.93166666666667,27.1806716918945
8.93833333333333,25.2938270568848
8.945,23.6234664916992
8.95166666666667,22.1467018127441
8.95833333333333,20.8439826965332
8.965,19.6967124938965
8.97166666666667,18.6886787414551
8.97833333333333,17.8036689758301
8.985,17.02880859375
8.99166666666667,16.3521766662598
8.99833333333333,15.7632827758789
9.005,15.2549743652344
9.01166666666667,14.8200988769531
9.01833333333333,14.4529342651367
9.025,14.1472816467285
9.03166666666667,13.8988494873047
9.03833333333333,13.7052536010742
9.045,13.5655403137207
9.05166666666667,13.4787559509277
9.05833333333333,13.4468078613281
9.065,13.4720802307129
9.07166666666667,13.5593414306641
9.07833333333333,13.7109756469727
9.085,13.9307975769043
9.09166666666667,14.22119140625
9.09833333333333,14.5821571350098
9.105,15.0117874145508
9.11166666666667,15.505313873291
9.11833333333333,16.0541534423828
9.125,16.6449546813965
9.13166666666667,17.2619819641113
9.13833333333333,17.8866386413574
9.145,18.4955596923828
9.15166666666667,19.0649032592773
9.15833333333333,19.5703506469727
9.165,19.9880599975586
9.17166666666667,20.2984809875488
9.17833333333333,20.4849243164063
9.185,20.5364227294922
9.19166666666667,20.449161529541
9.19833333333333,20.2250480651855
9.205,19.871711730957
9.21166666666667,19.4015502929688
9.21833333333333,18.8307762145996
9.225,18.1798934936523
9.23166666666667,17.4689292907715
9.23833333333334,16.7179107666016
9.245,15.9463882446289
9.25166666666667,15.1734352111816
9.25833333333333,14.4143104553223
9.265,13.6809349060059
9.27166666666667,12.9847526550293
9.27833333333333,12.3343467712402
9.285,11.7392539978027
9.29166666666667,11.2032890319824
9.29833333333333,10.7312202453613
9.305,10.3259086608887
9.31166666666667,9.98783111572266
9.31833333333333,9.71603393554688
9.325,9.5062255859375
9.33166666666667,9.35268402099609
9.33833333333333,9.24873352050781
9.345,9.1862678527832
9.35166666666667,9.1552734375
9.35833333333333,9.14525985717773
9.365,9.14669036865234
9.37166666666667,9.14955139160156
9.37833333333333,9.14525985717773
9.385,9.12761688232422
9.39166666666667,9.0947151184082
9.39833333333333,9.04512405395508
9.405,8.97979736328125
9.41166666666667,8.90159606933594
9.41833333333333,8.81433486938477
9.425,8.72230529785156
9.43166666666667,8.62979888916016
9.43833333333333,8.54206085205078
9.445,8.46338272094727
9.45166666666667,8.39662551879883
9.45833333333333,8.34369659423828
9.465,8.30698013305664
9.47166666666667,8.28647613525391
9.47833333333333,8.28170776367188
9.485,8.29315185546875
9.49166666666667,8.32080841064453
9.49833333333333,8.36658477783203
9.505,8.43191146850586
9.51166666666667,8.51821899414063
9.51833333333333,8.62693786621094
9.525,8.75949859619141
9.53166666666667,8.91923904418945
9.53833333333333,9.10711288452148
9.545,9.32407379150391
9.55166666666667,9.56964492797852
9.55833333333333,9.8423957824707
9.565,10.1385116577148
9.57166666666667,10.4517936706543
9.57833333333333,10.7741355895996
9.585,11.0955238342285
9.59166666666667,11.4045143127441
9.59833333333333,11.6891860961914
9.605,11.9376182556152
9.61166666666667,12.1397972106934
9.61833333333333,12.2857093811035
9.625,12.3686790466309
9.63166666666667,12.3867988586426
9.63833333333333,12.3405456542969
9.645,12.2346878051758
9.65166666666667,12.0754241943359
9.65833333333333,11.8722915649414
9.665,11.6372108459473
9.67166666666667,11.3816261291504
9.67833333333333,11.1184120178223
9.685,10.8580589294434
9.69166666666667,10.6120109558105
9.69833333333333,10.3898048400879
9.705,10.1990699768066
9.71166666666667,10.0483894348145
9.71833333333333,9.94443893432617
9.725,9.89151000976563
9.73166666666667,9.89341735839844
9.73833333333334,9.95349884033203
9.745,10.0760459899902
9.75166666666667,10.2624893188477
9.75833333333333,10.5133056640625
9.765,10.8246803283691
9.77166666666667,11.1923217773438
9.77833333333333,11.6066932678223
9.785,12.0553970336914
9.79166666666667,12.5217437744141
9.79833333333333,12.9866600036621
9.805,13.4291648864746
9.81166666666667,13.8287544250488
9.81833333333333,14.1634941101074
9.825,14.4147872924805
9.83166666666667,14.5668983459473
9.83833333333333,14.6093368530273
9.845,14.5387649536133
9.85166666666667,14.3556594848633
9.85833333333333,14.0676498413086
9.865,13.6866569519043
9.87166666666667,13.2312774658203
9.87833333333333,12.7201080322266
9.885,12.1750831604004
9.89166666666667,11.6176605224609
9.89833333333333,11.0683441162109
9.905,10.5447769165039
9.91166666666667,10.0612640380859
9.91833333333333,9.6282958984375
9.925,9.25350189208984
9.93166666666667,8.94069671630859
9.93833333333333,8.69035720825195
9.945,8.50057601928711
9.95166666666667,8.36610794067383
9.95833333333333,8.27932357788086
9.965,8.22973251342773
9.97166666666667,8.209228515625
9.97833333333333,8.209228515625
9.985,8.22067260742188
9.99166666666667,8.23497772216797
9.99833333333333,8.24403762817383
10.005,8.24165344238281
10.0116666666667,8.22305679321289
10.0183333333333,8.18490982055664
10.025,8.12578201293945
10.0316666666667,8.04519653320313
10.0383333333333,7.94601440429688
10.045,7.83109664916992
10.0516666666667,7.70473480224609
10.0583333333333,7.56978988647461
10.065,7.4310302734375
10.0716666666667,7.29179382324219
10.0783333333333,7.15398788452148
10.085,7.02190399169922
10.0916666666667,6.89935684204102
10.0983333333333,6.78825378417969
10.105,6.69002532958984
10.1116666666667,6.60514831542969
10.1183333333333,6.53505325317383
10.125,6.48069381713867
10.1316666666667,6.44350051879883
10.1383333333333,6.42204284667969
10.145,6.41632080078125
10.1516666666667,6.42585754394531
10.1583333333333,6.44922256469727
10.165,6.48593902587891
10.1716666666667,6.53362274169922
10.1783333333333,6.5913200378418
10.185,6.65807723999023
10.1916666666667,6.73341751098633
10.1983333333333,6.81495666503906
10.205,6.90078735351563
10.2116666666667,6.98709487915039
10.2183333333333,7.07244873046875
10.225,7.15208053588867
10.2316666666667,7.22408294677734
10.2383333333333,7.28607177734375
10.245,7.33613967895508
10.2516666666667,7.37142562866211
10.2583333333333,7.39097595214844
10.265,7.39431381225586
10.2716666666667,7.38191604614258
10.2783333333333,7.3542594909668
10.285,7.31134414672852
10.2916666666667,7.25650787353516
10.2983333333333,7.19118118286133
10.305,7.11727142333984
10.3116666666667,7.03763961791992
10.3183333333333,6.95610046386719
10.325,6.87646865844727
10.3316666666667,6.80255889892578
10.3383333333333,6.73723220825195
10.345,6.68191909790039
10.3516666666667,6.63948059082031
10.3583333333333,6.61134719848633
10.365,6.59847259521484
10.3716666666667,6.59990310668945
10.3783333333333,6.61802291870117
10.385,6.65426254272461
10.3916666666667,6.70862197875977
10.3983333333333,6.78157806396484
10.405,6.87408447265625
10.4116666666667,6.98518753051758
10.4183333333333,7.11584091186523
10.425,7.2636604309082
10.4316666666667,7.42769241333008
10.4383333333333,7.60459899902344
10.445,7.79199600219727
10.4516666666667,7.98320770263672
10.4583333333333,8.17394256591797
10.465,8.3613395690918
10.4716666666667,8.54015350341797
10.4783333333333,8.70561599731445
10.485,8.85248184204102
10.4916666666667,8.97884368896484
10.4983333333333,9.08231735229492
10.505,9.16004180908203
10.5116666666667,9.21344757080078
10.5183333333333,9.24587249755859
10.525,9.26351547241211
10.5316666666667,9.27114486694336
10.5383333333333,9.27448272705078
10.545,9.28211212158203
10.5516666666667,9.29927825927734
10.5583333333333,9.32788848876953
10.565,9.37080383300781
10.5716666666667,9.4294548034668
10.5783333333333,9.50145721435547
10.585,9.5829963684082
10.5916666666667,9.67073440551758
10.5983333333333,9.76037979125977
10.605,9.84811782836914
10.6116666666667,9.92774963378906
10.6183333333333,9.9945068359375
10.625,10.0469589233398
10.6316666666667,10.0831985473633
10.6383333333333,10.1022720336914
10.645,10.1046562194824
10.6516666666667,10.0932121276855
10.6583333333333,10.0717544555664
10.665,10.0431442260742
10.6716666666667,10.0107192993164
10.6783333333333,9.97686386108398
10.685,9.94396209716797
10.6916666666667,9.91487503051758
10.6983333333333,9.8881721496582
10.705,9.86289978027344
10.7116666666667,9.83667373657227
10.7183333333333,9.80663299560547
10.725,9.76943969726563
10.7316666666667,9.7198486328125
10.7383333333333,9.65356826782227
10.745,9.56869125366211
10.7516666666667,9.46426391601563
10.7583333333333,9.33933258056641
10.765,9.19389724731445
10.7716666666667,9.03034210205078
10.7783333333333,8.85105133056641
10.785,8.66079330444336
10.7916666666667,8.46195220947266
10.7983333333333,8.25929641723633
10.805,8.056640625
10.8116666666667,7.8582763671875
10.8183333333333,7.66611099243164
10.825,7.48014450073242
10.8316666666667,7.30228424072266
10.8383333333333,7.13253021240234
10.845,6.97040557861328
10.8516666666667,6.81638717651367
10.8583333333333,6.67095184326172
10.865,6.53600692749023
10.8716666666667,6.41107559204102
10.8783333333333,6.29711151123047
10.885,6.19316101074219
10.8916666666667,6.09970092773438
10.8983333333333,6.01720809936523
10.905,5.94520568847656
10.9116666666667,5.88369369506836
10.9183333333333,5.83457946777344
10.925,5.79833984375
10.9316666666667,5.77640533447266
10.9383333333333,5.76972961425781
10.945,5.77974319458008
10.9516666666667,5.80739974975586
10.9583333333333,5.85603713989258
10.965,5.92947006225586
10.9716666666667,6.03294372558594
10.9783333333333,6.17265701293945
10.985,6.35623931884766
10.9916666666667,6.59322738647461
10.9983333333333,6.89697265625
11.005,7.28225708007813
11.0116666666667,7.7672004699707
11.0183333333333,8.37326049804688
11.025,9.13047790527344
11.0316666666667,10.0746154785156
11.0383333333333,11.2490653991699
11.045,12.7062797546387
11.0516666666667,14.5120620727539
11.0583333333333,16.7512893676758
11.065,19.53125
11.0716666666667,22.9887962341309
11.0783333333333,27.2955894470215
11.085,32.6714515686035
11.0916666666667,39.3986701965332
11.0983333333333,47.8382110595703
11.105,58.4464073181152
11.1116666666667,71.784496307373
11.1183333333333,88.5295867919922
11.125,109.487533569336
11.1316666666667,135.589122772217
11.1383333333333,167.870998382568
11.145,207.417011260986
11.1516666666667,255.278587341309
11.1583333333333,312.373638153076
11.165,379.368305206299
11.1716666666667,456.551551818848
11.1783333333333,543.66397857666
11.185,639.755725860596
11.1916666666667,743.093490600586
11.1983333333333,851.163387298584
11.205,960.753440856934
11.2116666666667,1068.05944442749
11.2183333333333,1168.92766952515
11.225,1259.13619995117
11.2316666666667,1334.74922180176
11.2383333333333,1392.40980148315
11.245,1429.56066131592
11.2516666666667,1444.65208053589
11.2583333333333,1437.24727630615
11.265,1408.0376625061
11.2716666666667,1358.71410369873
11.2783333333333,1291.78524017334
11.285,1210.39724349976
11.2916666666667,1118.11351776123
11.2983333333333,1018.64624023438
11.305,915.607452392578
11.3116666666667,812.314033508301
11.3183333333333,711.671352386475
11.325,616.065502166748
11.3316666666667,527.289390563965
11.3383333333333,446.534633636475
11.345,374.446392059326
11.3516666666667,311.223983764648
11.3583333333333,256.691932678223
11.365,210.376739501953
11.3716666666667,171.584606170654
11.3783333333333,139.492511749268
11.385,113.24405670166
11.3916666666667,91.9947624206543
11.3983333333333,74.9468803405762
11.405,61.3627433776855
11.4116666666667,50.5890846252441
11.4183333333333,42.0713424682617
11.425,35.3493690490723
11.4316666666667,30.0478935241699
11.4383333333333,25.8593559265137
11.445,22.5372314453125
11.4516666666667,19.8884010314941
11.4583333333333,17.7645683288574
11.465,16.0512924194336
11.4716666666667,14.6589279174805
11.4783333333333,13.5178565979004
11.485,12.5722885131836
11.4916666666667,11.7812156677246
11.4983333333333,11.113166809082
11.505,10.5438232421875
11.5116666666667,10.0550651550293
11.5183333333333,9.63258743286133
11.525,9.26589965820313
11.5316666666667,8.94784927368164
11.5383333333333,8.67366790771484
11.545,8.4376335144043
11.5516666666667,8.23545455932617
11.5583333333333,8.06474685668945
11.565,7.92455673217773
11.5716666666667,7.81488418579102
11.5783333333333,7.73477554321289
11.585,7.68136978149414
11.5916666666667,7.65419006347656
11.5983333333333,7.65085220336914
11.605,7.66944885253906
11.6116666666667,7.70807266235352
11.6183333333333,7.76529312133789
11.625,7.84206390380859
11.6316666666667,7.93981552124023
11.6383333333333,8.05950164794922
11.645,8.20207595825195
11.6516666666667,8.36992263793945
11.6583333333333,8.56590270996094
11.665,8.79573822021484
11.6716666666667,9.06610488891602
11.6783333333333,9.38701629638672
11.685,9.77230072021484
11.6916666666667,10.2424621582031
11.6983333333333,10.8218193054199
11.705,11.540412902832
11.7116666666667,12.4320983886719
11.7183333333333,13.5326385498047
11.725,14.8830413818359
11.7316666666667,16.5205001831055
11.7383333333333,18.4774398803711
11.745,20.7734107971191
11.7516666666667,23.4107971191406
11.7583333333333,26.369571685791
11.765,29.604434967041
11.7716666666667,33.0405235290527
11.7783333333333,36.5748405456543
11.785,40.0791168212891
11.7916666666667,43.4107780456543
11.7983333333333,46.4210510253906
11.805,48.9630699157715
11.8116666666667,50.9085655212402
11.8183333333333,52.1559715270996
11.825,52.642822265625
11.8316666666667,52.3481369018555
11.8383333333333,51.2957572937012
11.845,49.5510101318359
11.8516666666667,47.217845916748
11.8583333333333,44.4259643554688
11.865,41.3217544555664
11.8716666666667,38.0563735961914
11.8783333333333,34.7762107849121
11.885,31.6147804260254
11.8916666666667,28.6870002746582
11.8983333333333,26.085376739502
11.905,23.8828659057617
11.9116666666667,22.1366882324219
11.9183333333333,20.8902359008789
11.925,20.1807022094727
11.9316666666667,20.0438499450684
11.9383333333333,20.5235481262207
11.945,21.6755867004395
11.9516666666667,23.5705375671387
11.9583333333333,26.2975692749023
11.965,29.9630165100098
11.9716666666667,34.6922874450684
11.9783333333333,40.614128112793
11.985,47.853946685791
11.9916666666667,56.5180778503418
11.9983333333333,66.6794776916504
12.005,78.3610343933105
12.0116666666667,91.5136337280273
12.0183333333333,106.000423431396
12.025,121.580123901367
12.0316666666667,137.909412384033
12.0383333333333,154.549121856689
12.045,170.97282409668
12.0516666666667,186.590194702148
12.0583333333333,200.784206390381
12.065,212.954521179199
12.0716666666667,222.561836242676
12.0783333333333,229.160785675049
12.085,232.438564300537
12.0916666666667,232.244491577148
12.0983333333333,228.601455688477
12.105,221.699237823486
12.1116666666667,211.873531341553
12.1183333333333,199.580192565918
12.125,185.36376953125
12.1316666666667,169.816970825195
12.1383333333333,153.532981872559
12.145,137.070178985596
12.1516666666667,120.927333831787
12.1583333333333,105.521202087402
12.165,91.1741256713867
12.1716666666667,78.1068801879883
12.1783333333333,66.4443969726563
12.185,56.2319755554199
12.1916666666667,47.4495887756348
12.1983333333333,40.0228500366211
12.205,33.836841583252
12.2116666666667,28.752326965332
12.2183333333333,24.622917175293
12.225,21.303653717041
12.2316666666667,18.6553001403809
12.2383333333333,16.5519714355469
12.245,14.8820877075195
12.2516666666667,13.5526657104492
12.2583333333333,12.486457824707
12.265,11.6214752197266
12.2716666666667,10.9090805053711
12.2783333333333,10.3116035461426
12.285,9.80091094970703
12.2916666666667,9.35840606689453
12.2983333333333,8.9716911315918
12.305,8.63122940063477
12.3116666666667,8.331298828125
12.3183333333333,8.06951522827148
12.325,7.84397125244141
12.3316666666667,7.65323638916016
12.3383333333333,7.49778747558594
12.345,7.37667083740234
12.3516666666667,7.29084014892578
12.3583333333333,7.23791122436523
12.365,7.2169303894043
12.3716666666667,7.22551345825195
12.3783333333333,7.26175308227539
12.385,7.32231140136719
12.3916666666667,7.40289688110352
12.3983333333333,7.49921798706055
12.405,7.60650634765625
12.4116666666667,7.71951675415039
12.4183333333333,7.83252716064453
12.425,7.94410705566406
12.4316666666667,8.05330276489258
12.4383333333333,8.16202163696289
12.445,8.27264785766602
12.4516666666667,8.38994979858398
12.4583333333333,8.52489471435547
12.465,8.68892669677734
12.4716666666667,8.89444351196289
12.4783333333333,9.1552734375
12.485,9.48810577392578
12.4916666666667,9.91392135620117
12.4983333333333,10.4551315307617
12.505,11.134147644043
12.5116666666667,11.9805335998535
12.5183333333333,13.0295753479004
12.525,14.3194198608398
12.5316666666667,15.8896446228027
12.5383333333333,17.7807807922363
12.545,20.0304985046387
12.5516666666667,22.6716995239258
12.5583333333333,25.7234573364258
12.565,29.1895866394043
12.5716666666667,33.0533981323242
12.5783333333333,37.2734069824219
12.585,41.7771339416504
12.5916666666667,46.4658737182617
12.5983333333333,51.2123107910156
12.605,55.8686256408691
12.6116666666667,60.2712631225586
12.6183333333333,64.2514228820801
12.625,67.650318145752
12.6316666666667,70.3291893005371
12.6383333333333,72.1821784973145
12.645,73.1439590454102
12.6516666666667,73.1997489929199
12.6583333333333,72.3872184753418
12.665,70.7926750183105
12.6716666666667,68.5439109802246
12.6783333333333,65.8001899719238
12.685,62.7412796020508
12.6916666666667,59.5502853393555
12.6983333333333,56.3998222351074
12.705,53.4391403198242
12.7116666666667,50.7855415344238
12.7183333333333,48.5124588012695
12.725,46.6499328613281
12.7316666666667,45.1855659484863
12.7383333333333,44.0683364868164
12.745,43.2162284851074
12.7516666666667,42.5291061401367
12.7583333333333,41.8972969055176
12.765,41.2149429321289
12.7716666666667,40.3885841369629
12.7783333333333,39.3466949462891
12.785,38.0449295043945
12.7916666666667,36.4665985107422
12.7983333333333,34.6226692199707
12.805,32.5489044189453
12.8116666666667,30.3001403808594
12.8183333333333,27.9431343078613
12.825,25.5517959594727
12.8316666666667,23.1995582580566
12.8383333333333,20.9512710571289
12.845,18.8636779785156
12.8516666666667,16.9801712036133
12.8583333333333,15.3303146362305
12.865,13.9293670654297
12.8716666666667,12.7811431884766
12.8783333333333,11.8803977966309
12.885,11.2147331237793
12.8916666666667,10.7674598693848
12.8983333333333,10.5209350585938
12.905,10.4584693908691
12.9116666666667,10.5643272399902
12.9183333333333,10.8284950256348
12.925,11.2466812133789
12.9316666666667,11.8179321289063
12.9383333333333,12.5460624694824
12.945,13.4387016296387
12.9516666666667,14.5087242126465
12.9583333333333,15.7675743103027
12.965,17.2257423400879
12.9716666666667,18.8875198364258
12.9783333333333,20.7514762878418
12.985,22.8023529052734
12.9916666666667,25.0134468078613
12.9983333333333,27.3427963256836
13.005,29.7355651855469
13.0116666666667,32.1259498596191
13.0183333333333,34.4352722167969
13.025,36.5805625915527
13.0316666666667,38.4793281555176
13.0383333333333,40.0552749633789
13.045,41.2449836730957
13.0516666666667,42.0022010803223
13.0583333333333,42.3035621643066
13.065,42.1552658081055
13.0716666666667,41.5911674499512
13.0783333333333,40.675163269043
13.085,39.494514465332
13.0916666666667,38.1574630737305
13.0983333333333,36.7903709411621
13.105,35.5286598205566
13.1116666666667,34.5115661621094
13.1183333333333,33.8735580444336
13.125,33.7371826171875
13.1316666666667,34.2073440551758
13.1383333333333,35.3655815124512
13.145,37.2610092163086
13.1516666666667,39.9079322814941
13.1583333333333,43.2834625244141
13.165,47.3227500915527
13.1716666666667,51.9199371337891
13.1783333333333,56.9329261779785
13.185,62.1905326843262
13.1916666666667,67.5005912780762
13.1983333333333,72.6618766784668
13.205,77.4803161621094
13.2116666666667,81.784725189209
13.2183333333333,85.4430198669434
13.225,88.3755683898926
13.2316666666667,90.5661582946777
13.2383333333333,92.0720100402832
13.245,93.0323600769043
13.2516666666667,93.6636924743652
13.2583333333333,94.2554473876953
13.265,95.1604843139648
13.2716666666667,96.7798233032227
13.2783333333333,99.5440483093262
13.285,103.894233703613
13.2916666666667,110.252380371094
13.2983333333333,118.992805480957
13.305,130.404472351074
13.3116666666667,144.664764404297
13.3183333333333,161.80944442749
13.325,181.708335876465
13.3316666666667,204.041957855225
13.3383333333333,228.289127349854
13.345,253.736019134521
13.3516666666667,279.505252838135
13.3583333333333,304.600238800049
13.365,327.95524597168
13.3716666666667,348.50549697876
13.3783333333333,365.2663230896
13.385,377.406120300293
13.3916666666667,384.309768676758
13.3983333333333,385.612010955811
13.405,381.23083114624
13.4116666666667,371.371746063232
13.4183333333333,356.506824493408
13.425,337.324619293213
13.4316666666667,314.667224884033
13.4383333333333,289.476871490479
13.445,262.727737426758
13.4516666666667,235.365390777588
13.4583333333333,208.24670791626
13.465,182.102203369141
13.4716666666667,157.519817352295
13.4783333333333,134.933471679688
13.485,114.61877822876
13.4916666666667,96.7016220092773
13.4983333333333,81.1848640441895
13.505,67.9817199707031
13.5116666666667,56.9353103637695
13.5183333333333,47.8391647338867
13.525,40.4562950134277
13.5316666666667,34.5439910888672
13.5383333333333,29.8700332641602
13.545,26.2198448181152
13.5516666666667,23.4017372131348
13.5583333333333,21.2459564208984
13.565,19.6113586425781
13.5716666666667,18.3820724487305
13.5783333333333,17.4665451049805
13.585,16.7908668518066
13.5916666666667,16.298770904541
13.5983333333333,15.9468650817871
13.605,15.7022476196289
13.6116666666667,15.5386924743652
13.6183333333333,15.4361724853516
13.625,15.380859375
13.6316666666667,15.3589248657227
13.6383333333333,15.3579711914063
13.645,15.3679847717285
13.6516666666667,15.3813362121582
13.6583333333333,15.3894424438477
13.665,15.3861045837402
13.6716666666667,15.3636932373047
13.6783333333333,15.3183937072754
13.685,15.2482986450195
13.6916666666667,15.1515007019043
13.6983333333333,15.0294303894043
13.705,14.8825645446777
13.7116666666667,14.7156715393066
13.7183333333333,14.533519744873
13.725,14.3418312072754
13.7316666666667,14.1463279724121
13.7383333333333,13.9527320861816
13.745,13.7662887573242
13.7516666666667,13.5917663574219
13.7583333333333,13.4334564208984
13.765,13.2932662963867
13.7716666666667,13.1735801696777
13.7783333333333,13.0763053894043
13.785,13.0019187927246
13.7916666666667,12.9513740539551
13.7983333333333,12.9237174987793
13.805,12.9179954528809
13.8116666666667,12.932300567627
13.8183333333333,12.9656791687012
13.825,13.0171775817871
13.8316666666667,13.0858421325684
13.8383333333333,13.1711959838867
13.845,13.2722854614258
13.8516666666667,13.3886337280273
13.8583333333333,13.519287109375
13.865,13.6637687683105
13.8716666666667,13.8206481933594
13.8783333333333,13.9904022216797
13.885,14.1730308532715
13.8916666666667,14.3704414367676
13.8983333333333,14.5831108093262
13.905,14.8115158081055
13.9116666666667,15.0570869445801
13.9183333333333,15.3241157531738
13.925,15.620231628418
13.9316666666667,15.9530639648438
13.9383333333333,16.3326263427734
13.945,16.7765617370605
13.9516666666667,17.305850982666
13.9583333333333,17.9443359375
13.965,18.7172889709473
13.9716666666667,19.6528434753418
13.9783333333333,20.7815170288086
13.985,22.1304893493652
13.9916666666667,23.7226486206055
13.9983333333333,25.5718231201172
14.005,27.681827545166
14.0116666666667,30.0407409667969
14.0183333333333,32.620906829834
14.025,35.372257232666
14.0316666666667,38.2256507873535
14.0383333333333,41.0938262939453
14.045,43.8756942749023
14.0516666666667,46.4611053466797
14.0583333333333,48.7375259399414
14.065,50.5990982055664
14.0716666666667,51.9523620605469
14.0783333333333,52.7248382568359
14.085,52.8726577758789
14.0916666666667,52.3791313171387
14.0983333333333,51.2585639953613
14.105,49.5576858520508
14.1116666666667,47.3494529724121
14.1183333333333,44.7278022766113
14.125,41.7971611022949
14.1316666666667,38.6667251586914
14.1383333333333,35.4461669921875
14.145,32.2370529174805
14.1516666666667,29.1252136230469
14.1583333333333,26.1783599853516
14.165,23.4479904174805
14.1716666666667,20.9670066833496
14.1783333333333,18.7516212463379
14.185,16.8023109436035
14.1916666666667,15.1076316833496
14.1983333333333,13.6499404907227
14.205,12.4077796936035
14.2116666666667,11.3558769226074
14.2183333333333,10.4694366455078
14.225,9.72223281860352
14.2316666666667,9.09280776977539
14.2383333333333,8.56113433837891
14.245,8.11100006103516
14.2516666666667,7.72714614868164
14.2583333333333,7.39717483520508
14.265,7.1110725402832
14.2716666666667,6.86120986938477
14.2783333333333,6.64234161376953
14.285,6.44826889038086
14.2916666666667,6.27517700195313
14.2983333333333,6.12068176269531
14.305,5.98382949829102
14.3116666666667,5.86462020874023
14.3183333333333,5.76162338256836
14.325,5.67483901977539
14.3316666666667,5.60617446899414
14.3383333333333,5.55610656738281
14.345,5.52511215209961
14.3516666666667,5.51366806030273
14.3583333333333,5.52225112915039
14.365,5.54990768432617
14.3716666666667,5.59663772583008
14.3783333333333,5.65958023071289
14.385,5.73635101318359
14.3916666666667,5.82313537597656
14.3983333333333,5.91564178466797
14.405,6.01005554199219
14.4116666666667,6.10446929931641
14.4183333333333,6.195068359375
14.425,6.27946853637695
14.4316666666667,6.35480880737305
14.4383333333333,6.41775131225586
14.445,6.46686553955078
14.4516666666667,6.5007209777832
14.4583333333333,6.51931762695313
14.465,6.52313232421875
14.4716666666667,6.5150260925293
14.4783333333333,6.49690628051758
14.485,6.47068023681641
14.4916666666667,6.43777847290039
14.4983333333333,6.39820098876953
14.505,6.35194778442383
14.5116666666667,6.29997253417969
14.5183333333333,6.24370574951172
14.525,6.18457794189453
14.5316666666667,6.12449645996094
14.5383333333333,6.06632232666016
14.545,6.0124397277832
14.5516666666667,5.96523284912109
14.5583333333333,5.92660903930664
14.565,5.89942932128906
14.5716666666667,5.88750839233398
14.5783333333333,5.89466094970703
14.585,5.92565536499023
14.5916666666667,5.98526000976563
14.5983333333333,6.08062744140625
14.605,6.21938705444336
14.6116666666667,6.41012191772461
14.6183333333333,6.66236877441406
14.625,6.98947906494141
14.6316666666667,7.40528106689453
14.6383333333333,7.92694091796875
14.645,8.57353210449219
14.6516666666667,9.3693733215332
14.6583333333333,10.3411674499512
14.665,11.5208625793457
14.6716666666667,12.9446983337402
14.6783333333333,14.6551132202148
14.685,16.6959762573242
14.6916666666667,19.1159248352051
14.6983333333333,21.9631195068359
14.705,25.2838134765625
14.7116666666667,29.120922088623
14.7183333333333,33.5116386413574
14.725,38.4783744812012
14.7316666666667,44.0273284912109
14.7383333333333,50.142765045166
14.745,56.7855834960938
14.7516666666667,63.8866424560547
14.7583333333333,71.342945098877
14.765,79.0190696716309
14.7716666666667,86.7505073547363
14.7783333333333,94.3498611450195
14.785,101.61018371582
14.7916666666667,108.315467834473
14.7983333333333,114.249706268311
14.805,119.210243225098
14.8116666666667,123.021125793457
14.8183333333333,125.541687011719
14.825,126.674652099609
14.8316666666667,126.373291015625
14.8383333333333,124.646186828613
14.845,121.556758880615
14.8516666666667,117.216110229492
14.8583333333333,111.774921417236
14.865,105.42106628418
14.8716666666667,98.3624458312988
14.8783333333333,90.8198356628418
14.885,83.0092430114746
14.8916666666667,75.1371383666992
14.8983333333333,67.389965057373
14.905,59.9274635314941
14.9116666666667,52.879810333252
14.9183333333333,46.3418960571289
14.925,40.3809547424316
14.9316666666667,35.0341796875
14.9383333333333,30.3120613098145
14.945,26.2045860290527
14.9516666666667,22.6845741271973
14.9583333333333,19.711971282959
14.965,17.2390937805176
14.9716666666667,15.2163505554199
14.9783333333333,13.5922431945801
14.985,12.3152732849121
14.9916666666667,11.3372802734375
14.9983333333333,10.6148719787598
15.005,10.1099014282227
15.0116666666667,9.78851318359375
15.0183333333333,9.62066650390625
15.025,9.58013534545898
15.0316666666667,9.6430778503418
15.0383333333333,9.78803634643555
15.045,9.9949836730957
15.0516666666667,10.246753692627
15.0583333333333,10.5252265930176
15.065,10.8137130737305
15.0716666666667,11.0964775085449
15.0783333333333,11.3587379455566
15.085,11.5880966186523
15.0916666666667,11.7702484130859
15.0983333333333,11.8951797485352
15.105,11.9552612304688
15.1116666666667,11.9476318359375
15.1183333333333,11.8694305419922
15.125,11.7201805114746
15.1316666666667,11.5036964416504
15.1383333333333,11.2252235412598
15.145,10.892391204834
15.1516666666667,10.5156898498535
15.1583333333333,10.1046562194824
15.165,9.67216491699219
15.1716666666667,9.22966003417969
15.1783333333333,8.78715515136719
15.185,8.35227966308594
15.1916666666667,7.93313980102539
15.1983333333333,7.53688812255859
15.205,7.17020034790039
15.2116666666667,6.83450698852539
15.2183333333333,6.5312385559082
15.225,6.26230239868164
15.2316666666667,6.0272216796875
15.2383333333333,5.82504272460938
15.245,5.65195083618164
15.2516666666667,5.5079460144043
15.2583333333333,5.39112091064453
15.265,5.30004501342773
15.2716666666667,5.23138046264648
15.2783333333333,5.18178939819336
15.285,5.14984130859375
15.2916666666667,5.13267517089844
15.2983333333333,5.12933731079102
15.305,5.13744354248047
15.3116666666667,5.157470703125
15.3183333333333,5.18941879272461
15.325,5.23090362548828
15.3316666666667,5.28287887573242
15.3383333333333,5.34343719482422
15.345,5.41210174560547
15.3516666666667,5.48696517944336
15.3583333333333,5.56802749633789
15.365,5.65481185913086
15.3716666666667,5.74779510498047
15.3783333333333,5.84602355957031
15.385,5.9504508972168
15.3916666666667,6.06012344360352
15.3983333333333,6.17408752441406
15.405,6.29186630249023
15.4116666666667,6.41345977783203
15.4183333333333,6.53886795043945
15.425,6.66666030883789
15.4316666666667,6.79683685302734
15.4383333333333,6.9270133972168
15.445,7.05480575561523
15.4516666666667,7.17782974243164
15.4583333333333,7.29274749755859
15.465,7.39717483520508
15.4716666666667,7.48777389526367
15.4783333333333,7.56359100341797
15.485,7.62081146240234
15.4916666666667,7.65609741210938
15.4983333333333,7.66801834106445
15.505,7.65562057495117
15.5116666666667,7.61842727661133
15.5183333333333,7.55691528320313
15.525,7.47489929199219
15.5316666666667,7.37667083740234
15.5383333333333,7.26604461669922
15.545,7.14683532714844
15.5516666666667,7.02476501464844
15.5583333333333,6.90460205078125
15.565,6.7901611328125
15.5716666666667,6.68525695800781
15.5783333333333,6.59322738647461
15.585,6.51979446411133
15.5916666666667,6.46829605102539
15.5983333333333,6.44063949584961
15.605,6.43825531005859
15.6116666666667,6.46448135375977
15.6183333333333,6.52170181274414
15.625,6.61325454711914
15.6316666666667,6.74009323120117
15.6383333333333,6.90555572509766
15.645,7.11488723754883
15.6516666666667,7.37094879150391
15.6583333333333,7.67660140991211
15.665,8.03422927856445
15.6716666666667,8.44573974609375
15.6783333333333,8.91351699829102
15.685,9.43660736083984
15.6916666666667,10.0150108337402
15.6983333333333,10.6444358825684
15.705,11.3205909729004
15.7116666666667,12.0358467102051
15.7183333333333,12.7806663513184
15.725,13.5421752929688
15.7316666666667,14.3051147460938
15.7383333333333,15.0532722473145
15.745,15.7685279846191
15.7516666666667,16.4318084716797
15.7583333333333,17.0245170593262
15.765,17.5309181213379
15.7716666666667,17.9333686828613
15.7783333333333,18.218994140625
15.785,18.3782577514648
15.7916666666667,18.4063911437988
15.7983333333333,18.2995796203613
15.805,18.059253692627
15.8116666666667,17.6935195922852
15.8183333333333,17.2133445739746
15.825,16.6330337524414
15.8316666666667,15.965461730957
15.8383333333333,15.2297019958496
15.845,14.4457817077637
15.8516666666667,13.6318206787109
15.8583333333333,12.8054618835449
15.865,11.9843482971191
15.8716666666667,11.1846923828125
15.8783333333333,10.4198455810547
15.885,9.70077514648438
15.8916666666667,9.03654098510742
15.8983333333333,8.43334197998047
15.905,7.89356231689453
15.9116666666667,7.41863250732422
15.9183333333333,7.00950622558594
15.925,6.66332244873047
15.9316666666667,6.37531280517578
15.9383333333333,6.14023208618164
15.945,5.95569610595703
15.9516666666667,5.81741333007813
15.9583333333333,5.71966171264648
15.965,5.65767288208008
15.9716666666667,5.62667846679688
15.9783333333333,5.62381744384766
15.985,5.64384460449219
15.9916666666667,5.68199157714844
15.9983333333333,5.73492050170898
16.005,5.79977035522461
16.0116666666667,5.87320327758789
16.0183333333333,5.9514045715332
16.025,6.03151321411133
16.0316666666667,6.11066818237305
16.0383333333333,6.18696212768555
16.045,6.25753402709961
16.0516666666667,6.32095336914063
16.0583333333333,6.37578964233398
16.065,6.42204284667969
16.0716666666667,6.45780563354492
16.0783333333333,6.48307800292969
16.085,6.49833679199219
16.0916666666667,6.50548934936523
16.0983333333333,6.50501251220703
16.105,6.49833679199219
16.1116666666667,6.48689270019531
16.1183333333333,6.47306442260742
16.125,6.45923614501953
16.1316666666667,6.44540786743164
16.1383333333333,6.43396377563477
16.145,6.42728805541992
16.1516666666667,6.42728805541992
16.1583333333333,6.43587112426758
16.165,6.4539909362793
16.1716666666667,6.48069381713867
16.1783333333333,6.51741027832031
16.185,6.56557083129883
16.1916666666667,6.62422180175781
16.1983333333333,6.69193267822266
16.205,6.77013397216797
16.2116666666667,6.85930252075195
16.2183333333333,6.9580078125
16.225,7.0643424987793
16.2316666666667,7.17735290527344
16.2383333333333,7.29513168334961
16.245,7.41672515869141
16.2516666666667,7.53927230834961
16.2583333333333,7.66134262084961
16.265,7.7815055847168
16.2716666666667,7.89833068847656
16.2783333333333,8.0113410949707
16.285,8.11958312988281
16.2916666666667,8.22257995605469
16.2983333333333,8.31985473632813
16.305,8.40950012207031
16.3116666666667,8.49056243896484
16.3183333333333,8.56304168701172
16.325,8.62598419189453
16.3316666666667,8.67795944213867
16.3383333333333,8.71801376342773
16.345,8.74423980712891
16.3516666666667,8.75663757324219
16.3583333333333,8.75234603881836
16.365,8.72993469238281
16.3716666666667,8.68844985961914
16.3783333333333,8.62789154052734
16.385,8.54730606079102
16.3916666666667,8.44573974609375
16.3983333333333,8.32366943359375
16.405,8.18204879760742
16.4116666666667,8.02183151245117
16.4183333333333,7.84397125244141
16.425,7.65180587768555
16.4316666666667,7.44724273681641
16.4383333333333,7.23409652709961
16.445,7.01570510864258
16.4516666666667,6.79588317871094
16.4583333333333,6.57749176025391
16.465,6.36482238769531
16.4716666666667,6.16073608398438
16.4783333333333,5.96761703491211
16.485,5.78784942626953
16.4916666666667,5.62334060668945
16.4983333333333,5.47504425048828
16.505,5.34200668334961
16.5116666666667,5.22518157958984
16.5183333333333,5.12456893920898
16.525,5.04016876220703
16.5316666666667,4.97007369995117
16.5383333333333,4.913330078125
16.545,4.86993789672852
16.5516666666667,4.8375129699707
16.5583333333333,4.81462478637695
16.565,4.79793548583984
16.5716666666667,4.78601455688477
16.5783333333333,4.7764778137207
16.585,4.76884841918945
16.5916666666667,4.7607421875
16.5983333333333,4.75168228149414
16.605,4.74023818969727
16.6116666666667,4.72736358642578
16.6183333333333,4.71210479736328
16.625,4.69446182250977
16.6316666666667,4.67395782470703
16.6383333333333,4.65059280395508
16.645,4.62484359741211
16.6516666666667,4.59623336791992
16.6583333333333,4.56523895263672
16.665,4.5318603515625
16.6716666666667,4.49705123901367
16.6783333333333,4.46081161499023
16.685,4.42314147949219
16.6916666666667,4.38308715820313
16.6983333333333,4.34160232543945
16.705,4.29916381835938
16.7116666666667,4.2567253112793
16.7183333333333,4.21476364135742
16.725,4.17184829711914
16.7316666666667,4.12940979003906
16.7383333333333,4.08792495727539
16.745,4.04834747314453
16.7516666666667,4.00924682617188
16.7583333333333,3.97157669067383
16.765,3.93581390380859
16.7716666666667,3.90338897705078
16.7783333333333,3.87287139892578
16.785,3.84330749511719
16.7916666666667,3.8142204284668
16.7983333333333,3.78608703613281
16.805,3.75938415527344
16.8116666666667,3.73506546020508
16.8183333333333,3.71360778808594
16.825,3.69548797607422
16.8316666666667,3.68213653564453
16.8383333333333,3.67259979248047
16.845,3.66735458374023
16.8516666666667,3.66592407226563
16.8583333333333,3.66783142089844
16.865,3.67450714111328
16.8716666666667,3.68595123291016
16.8783333333333,3.70311737060547
16.885,3.72457504272461
16.8916666666667,3.75127792358398
16.8983333333333,3.7841796875
16.905,3.82280349731445
16.9116666666667,3.86762619018555
16.9183333333333,3.92007827758789
16.925,3.97968292236328
16.9316666666667,4.04596328735352
16.9383333333333,4.1193962097168
16.945,4.19855117797852
16.9516666666667,4.28295135498047
16.9583333333333,4.37164306640625
16.965,4.46462631225586
16.9716666666667,4.55999374389648
16.9783333333333,4.65869903564453
16.985,4.75931167602539
16.9916666666667,4.86278533935547
16.9983333333333,4.96673583984375
17.005,5.07211685180664
17.0116666666667,5.17797470092773
17.0183333333333,5.28573989868164
17.025,5.39350509643555
17.0316666666667,5.50317764282227
17.0383333333333,5.615234375
17.045,5.73205947875977
17.0516666666667,5.85412979125977
17.0583333333333,5.98382949829102
17.065,6.12354278564453
17.0716666666667,6.27565383911133
17.0783333333333,6.44254684448242
17.085,6.62755966186523
17.0916666666667,6.83450698852539
17.0983333333333,7.06911087036133
17.105,7.33518600463867
17.1116666666667,7.63797760009766
17.1183333333333,7.98177719116211
17.125,8.37373733520508
17.1316666666667,8.8191032409668
17.1383333333333,9.32550430297852
17.145,9.89913940429688
17.1516666666667,10.5500221252441
17.1583333333333,11.2881660461426
17.165,12.1259689331055
17.1716666666667,13.0763053894043
17.1783333333333,14.1549110412598
17.185,15.3799057006836
17.1916666666667,16.7703628540039
17.1983333333333,18.348217010498
17.205,20.139217376709
17.2116666666667,22.1710205078125
17.2183333333333,24.472713470459
17.225,27.0748138427734
17.2316666666667,30.0102233886719
17.2383333333333,33.3137512207031
17.245,37.0197296142578
17.2516666666667,41.1615371704102
17.2583333333333,45.7682609558105
17.265,50.8670806884766
17.2716666666667,56.4804077148438
17.2783333333333,62.6239776611328
17.285,69.3039894104004
17.2916666666667,76.512336730957
17.2983333333333,84.228515625
17.305,92.4181938171387
17.3116666666667,101.033210754395
17.3183333333333,110.006332397461
17.325,119.251728057861
17.3316666666667,128.66735458374
17.3383333333333,138.133525848389
17.345,147.51672744751
17.3516666666667,156.673431396484
17.3583333333333,165.449142456055
17.365,173.686027526855
17.3716666666667,181.22386932373
17.3783333333333,187.911987304688
17.385,193.607807159424
17.3916666666667,198.182582855225
17.3983333333333,201.526165008545
17.405,203.553676605225
17.4116666666667,204.209804534912
17.4183333333333,203.469753265381
17.425,201.337337493896
17.4316666666667,197.847366333008
17.4383333333333,193.067073822021
17.445,187.092304229736
17.4516666666667,180.041313171387
17.4583333333333,172.051906585693
17.465,163.27953338623
17.4716666666667,153.891086578369
17.4783333333333,144.056797027588
17.485,133.945941925049
17.4916666666667,123.720169067383
17.4983333333333,113.533973693848
17.505,103.530406951904
17.5116666666667,93.8339233398438
17.5183333333333,84.5503807067871
17.525,75.7637023925781
17.5316666666667,67.5396919250488
17.5383333333333,59.9255561828613
17.545,52.9489517211914
17.5516666666667,46.6198921203613
17.5583333333333,40.9317016601563
17.565,35.8681678771973
17.5716666666667,31.402587890625
17.5783333333333,27.5001525878906
17.585,24.1174697875977
17.5916666666667,21.2068557739258
17.5983333333333,18.7206268310547
17.605,16.6130065917969
17.6116666666667,14.8391723632813
17.6183333333333,13.3543014526367
17.625,12.1173858642578
17.6316666666667,11.0912322998047
17.6383333333333,10.2424621582031
17.645,9.54198837280273
17.6516666666667,8.96310806274414
17.6583333333333,8.48293304443359
17.665,8.08238983154297
17.6716666666667,7.74621963500977
17.6783333333333,7.46250152587891
17.685,7.22026824951172
17.6916666666667,7.01284408569336
17.6983333333333,6.83403015136719
17.705,6.67905807495117
17.7116666666667,6.54458999633789
17.7183333333333,6.42728805541992
17.725,6.32619857788086
17.7316666666667,6.2408447265625
17.7383333333333,6.17170333862305
17.745,6.12020492553711
17.7516666666667,6.08634948730469
17.7583333333333,6.07109069824219
17.765,6.07442855834961
17.7716666666667,6.09731674194336
17.7783333333333,6.13975524902344
17.785,6.20222091674805
17.7916666666667,6.28376007080078
17.7983333333333,6.38437271118164
17.805,6.50453567504883
17.8116666666667,6.64329528808594
17.8183333333333,6.80017471313477
17.825,6.97612762451172
17.8316666666667,7.171630859375
17.8383333333333,7.38620758056641
17.845,7.62128829956055
17.8516666666667,7.87639617919922
17.8583333333333,8.15248489379883
17.865,8.45146179199219
17.8716666666667,8.77571105957031
17.8783333333333,9.12809371948242
17.885,9.51385498046875
17.8916666666667,9.93824005126953
17.8983333333333,10.408878326416
17.905,10.9329223632813
17.9116666666667,11.5203857421875
17.9183333333333,12.1827125549316
17.925,12.9318237304688
17.9316666666667,13.7825012207031
17.9383333333333,14.7509574890137
17.945,15.8548355102539
17.9516666666667,17.113208770752
17.9583333333333,18.5456275939941
17.965,20.1725959777832
17.9716666666667,22.0155715942383
17.9783333333333,24.0945816040039
17.985,26.4291763305664
17.9916666666667,29.0408134460449
17.9983333333333,31.944751739502
18.005,35.1557731628418
18.0116666666667,38.6857986450195
18.0183333333333,42.5419807434082
18.025,46.7238426208496
18.0316666666667,51.2218475341797
18.0383333333333,56.0226440429688
18.045,61.1042976379395
18.0516666666667,66.434383392334
18.0583333333333,71.9714164733887
18.065,77.6629447937012
18.0716666666667,83.4503173828125
18.0783333333333,89.2667770385742
18.085,95.0369834899902
18.0916666666667,100.67892074585
18.0983333333333,106.106281280518
18.105,111.230850219727
18.1116666666667,115.966320037842
18.1183333333333,120.226860046387
18.125,123.932838439941
18.1316666666667,127.012252807617
18.1383333333333,129.404067993164
18.145,131.059169769287
18.1516666666667,131.941795349121
18.1583333333333,132.029056549072
18.165,131.316661834717
18.1716666666667,129.815101623535
18.1783333333333,127.551555633545
18.185,124.569892883301
18.1916666666667,120.927810668945
18.1983333333333,116.693019866943
18.205,111.943244934082
18.2116666666667,106.764316558838
18.2183333333333,101.244926452637
18.225,95.4771041870117
18.2316666666667,89.5538330078125
18.2383333333333,83.5661888122559
18.245,77.599048614502
18.2516666666667,71.7301368713379
18.2583333333333,66.0305023193359
18.265,60.5640411376953
18.2716666666667,55.3827285766602
18.2783333333333,50.5328178405762
18.285,46.048641204834
18.2916666666667,41.9583320617676
18.2983333333333,38.2800102233887
18.305,35.0251197814941
18.3116666666667,32.1979522705078
18.3183333333333,29.7980308532715
18.325,27.8210639953613
18.3316666666667,26.2594223022461
18.3383333333333,25.1059532165527
18.345,24.3501663208008
18.3516666666667,23.9834785461426
18.3583333333333,23.9973068237305
18.365,24.3849754333496
18.3716666666667,25.1426696777344
18.3783333333333,26.2699127197266
18.385,27.7700424194336
18.3916666666667,29.6511650085449
18.3983333333333,31.923770904541
18.405,34.6012115478516
18.4116666666667,37.7044677734375
18.4183333333333,41.2588119506836
18.425,45.2961921691895
18.4316666666667,49.8518943786621
18.4383333333333,54.964542388916
18.445,60.6780052185059
18.4516666666667,67.0413970947266
18.4583333333333,74.1076469421387
18.465,81.9301605224609
18.4716666666667,90.5580520629883
18.4783333333333,100.041389465332
18.485,110.430240631104
18.4916666666667,121.768951416016
18.4983333333333,134.092330932617
18.505,147.422313690186
18.5116666666667,161.769866943359
18.5183333333333,177.128314971924
18.525,193.472385406494
18.5316666666667,210.758686065674
18.5383333333333,228.9137840271
18.545,247.840404510498
18.5516666666667,267.412662506104
18.5583333333333,287.479877471924
18.565,307.868957519531
18.5716666666667,328.377723693848
18.5783333333333,348.77872467041
18.585,368.824481964111
18.5916666666667,388.252735137939
18.5983333333333,406.794548034668
18.605,424.171447753906
18.6116666666667,440.104007720947
18.6183333333333,454.323291778564
18.625,466.578960418701
18.6316666666667,476.645946502686
18.6383333333333,484.325885772705
18.645,489.459991455078
18.6516666666667,491.929531097412
18.6583333333333,491.662979125977
18.665,488.63697052002
18.6716666666667,482.877254486084
18.6783333333333,474.461078643799
18.685,463.512897491455
18.6916666666667,450.202465057373
18.6983333333333,434.739112854004
18.705,417.366504669189
18.7116666666667,398.355960845947
18.7183333333333,378.000259399414
18.725,356.605529785156
18.7316666666667,334.479808807373
18.7383333333333,311.923503875732
18.745,289.228916168213
18.7516666666667,266.671657562256
18.7583333333333,244.505405426025
18.765,222.952365875244
18.7716666666667,202.201366424561
18.7783333333333,182.412147521973
18.785,163.714408874512
18.7916666666667,146.205902099609
18.7983333333333,129.948616027832
18.805,114.972114562988
18.8116666666667,101.281642913818
18.8183333333333,88.8638496398926
18.825,77.6867866516113
18.8316666666667,67.6989555358887
18.8383333333333,58.8321685791016
18.845,51.0125160217285
18.8516666666667,44.161319732666
18.8583333333333,38.1989479064941
18.865,33.0419540405273
18.8716666666667,28.6073684692383
18.8783333333333,24.815559387207
18.885,21.5921401977539
18.8916666666667,18.8689231872559
18.8983333333333,16.5815353393555
18.905,14.6679878234863
18.9116666666667,13.0753517150879
18.9183333333333,11.7573738098145
18.925,10.6730461120605
18.9316666666667,9.78612899780273
18.9383333333333,9.06515121459961
18.945,8.4843635559082
18.9516666666667,8.02135467529297
18.9583333333333,7.65514373779297
18.965,7.3695182800293
18.9716666666667,7.15160369873047
18.9783333333333,6.99043273925781
18.985,6.87646865844727
18.9916666666667,6.80160522460938
18.9983333333333,6.76059722900391
19.005,6.75010681152344
19.0116666666667,6.76774978637695
19.0183333333333,6.80971145629883
19.025,6.87456130981445
19.0316666666667,6.96134567260742
19.0383333333333,7.07006454467773
19.045,7.20119476318359
19.0516666666667,7.354736328125
19.0583333333333,7.53355026245117
19.065,7.74097442626953
19.0716666666667,7.9808235168457
19.0783333333333,8.25643539428711
19.085,8.57210159301758
19.0916666666667,8.93163681030273
19.0983333333333,9.33980941772461
19.105,9.80234146118164
19.1116666666667,10.3273391723633
19.1183333333333,10.9238624572754
19.125,11.6009712219238
19.1316666666667,12.3696327209473
19.1383333333333,13.2408142089844
19.145,14.2278671264648
19.1516666666667,15.347957611084
19.1583333333333,16.6177749633789
19.165,18.0535316467285
19.1716666666667,19.6757316589355
19.1783333333333,21.5072631835938
19.185,23.5753059387207
19.1916666666667,25.9079933166504
19.1983333333333,28.5358428955078
19.205,31.4922332763672
19.2116666666667,34.8167419433594
19.2183333333333,38.5551452636719
19.225,42.7565574645996
19.2316666666667,47.4720001220703
19.2383333333333,52.7582168579102
19.245,58.682918548584
19.2516666666667,65.3247833251953
19.2583333333333,72.7710723876953
19.265,81.1123847961426
19.2716666666667,90.4450416564941
19.2783333333333,100.884437561035
19.285,112.558841705322
19.2916666666667,125.610828399658
19.2983333333333,140.191555023193
19.305,156.459331512451
19.3116666666667,174.591541290283
19.3183333333333,194.78178024292
19.325,217.23747253418
19.3316666666667,242.173671722412
19.3383333333333,269.804000854492
19.345,300.349712371826
19.3516666666667,334.037780761719
19.3583333333333,371.098041534424
19.365,411.747455596924
19.3716666666667,456.171035766602
19.3783333333333,504.531383514404
19.385,556.965827941895
19.3916666666667,613.574981689453
19.3983333333333,674.415588378906
19.405,739.470958709717
19.4116666666667,808.65478515625
19.4183333333333,881.809234619141
19.425,958.695411682129
19.4316666666667,1038.99478912354
19.4383333333333,1122.28107452393
19.445,1208.0283164978
19.4516666666667,1295.61376571655
19.4583333333333,1384.3240737915
19.465,1473.38342666626
19.4716666666667,1561.93685531616
19.4783333333333,1649.05118942261
19.485,1733.72888565063
19.4916666666667,1814.96334075928
19.4983333333333,1891.75605773926
19.505,1963.09614181519
19.5116666666667,2028.00941467285
19.5183333333333,2085.57891845703
19.525,2134.98401641846
19.5316666666667,2175.53186416626
19.5383333333333,2206.62689208984
19.545,2227.80513763428
19.5516666666667,2238.68179321289
19.5583333333333,2238.99507522583
19.565,2228.64294052124
19.5716666666667,2207.58628845215
19.5783333333333,2175.93812942505
19.585,2133.93783569336
19.5916666666667,2082.03458786011
19.5983333333333,2020.87116241455
19.605,1951.17712020874
19.6116666666667,1873.84271621704
19.6183333333333,1789.88790512085
19.625,1700.46329498291
19.6316666666667,1606.7533493042
19.6383333333333,1509.92727279663
19.645,1411.18812561035
19.6516666666667,1311.74755096436
19.6583333333333,1212.76187896729
19.665,1115.27395248413
19.6716666666667,1020.20883560181
19.6783333333333,928.385734558105
19.685,840.516090393066
19.6916666666667,757.17306137085
19.6983333333333,678.778648376465
19.705,605.615139007568
19.7116666666667,537.849426269531
19.7183333333333,475.553035736084
19.725,418.701648712158
19.7316666666667,367.178916931152
19.7383333333333,320.786476135254
19.745,279.270648956299
19.7516666666667,242.350101470947
19.7583333333333,209.719181060791
19.765,181.046962738037
19.7716666666667,155.984878540039
19.7783333333333,134.185314178467
19.785,115.315437316895
19.7916666666667,99.0605354309082
19.7983333333333,85.1202011108398
19.805,73.2097625732422
19.8116666666667,63.0660057067871
19.8183333333333,54.4528961181641
19.825,47.1611022949219
19.8316666666667,41.0037040710449
19.8383333333333,35.8114242553711
19.845,31.4364433288574
19.8516666666667,27.7514457702637
19.8583333333333,24.6481895446777
19.865,22.03369140625
19.8716666666667,19.8273658752441
19.8783333333333,17.9605484008789
19.885,16.3769721984863
19.8916666666667,15.0279998779297
19.8983333333333,13.8745307922363
19.905,12.8841400146484
19.9116666666667,12.0301246643066
19.9183333333333,11.2900733947754
19.925,10.6449127197266
19.9316666666667,10.0808143615723
19.9383333333333,9.58490371704102
19.945,9.14764404296875
19.9516666666667,8.76045227050781
19.9583333333333,8.41665267944336
19.965,8.10909271240234
19.9716666666667,7.83395767211914
19.9783333333333,7.58743286132813
19.985,7.36618041992188
19.9916666666667,7.16781616210938
19.9983333333333,6.98995590209961
20.005,6.83069229125977
20.0116666666667,6.68811798095703
20.0183333333333,6.5608024597168
20.025,6.44826889038086
20.0316666666667,6.35051727294922
20.0383333333333,6.26707077026367
20.045,6.19602203369141
20.0516666666667,6.13832473754883
20.0583333333333,6.09350204467773
20.065,6.05916976928711
20.0716666666667,6.03389739990234
20.0783333333333,6.01720809936523
20.085,6.00957870483398
20.0916666666667,6.01100921630859
20.0983333333333,6.02054595947266
20.105,6.03675842285156
20.1116666666667,6.06012344360352
20.1183333333333,6.09016418457031
20.125,6.12640380859375
20.1316666666667,6.16741180419922
20.1383333333333,6.21175765991211
20.145,6.25896453857422
20.1516666666667,6.30807876586914
20.1583333333333,6.35814666748047
20.165,6.4082145690918
20.1716666666667,6.45732879638672
20.1783333333333,6.50405883789063
20.185,6.54745101928711
20.1916666666667,6.58750534057617
20.1983333333333,6.622314453125
20.205,6.65044784545898
20.2116666666667,6.67190551757813
20.2183333333333,6.68621063232422
20.225,6.69288635253906
20.2316666666667,6.69097900390625
20.2383333333333,6.67858123779297
20.245,6.65616989135742
20.2516666666667,6.62326812744141
20.2583333333333,6.57939910888672
20.265,6.52551651000977
20.2716666666667,6.46305084228516
20.2783333333333,6.39247894287109
20.285,6.31380081176758
20.2916666666667,6.22701644897461
20.2983333333333,6.13212585449219
20.305,6.03103637695313
20.3116666666667,5.92422485351563
20.3183333333333,5.81264495849609
20.325,5.69677352905273
20.3316666666667,5.57756423950195
20.3383333333333,5.45597076416016
20.345,5.33246994018555
20.3516666666667,5.20753860473633
20.3583333333333,5.08260726928711
20.365,4.96053695678711
20.3716666666667,4.84228134155273
20.3783333333333,4.72927093505859
20.385,4.62198257446289
20.3916666666667,4.51993942260742
20.3983333333333,4.42409515380859
20.405,4.33540344238281
20.4116666666667,4.25338745117188
20.4183333333333,4.17757034301758
20.425,4.10938262939453
20.4316666666667,4.04930114746094
20.4383333333333,3.9982795715332
20.445,3.95584106445313
20.4516666666667,3.92246246337891
20.4583333333333,3.89909744262695
20.465,3.88622283935547
20.4716666666667,3.88383865356445
20.4783333333333,3.89194488525391
20.485,3.91006469726563
20.4916666666667,3.93819808959961
20.4983333333333,3.97634506225586
20.505,4.02498245239258
20.5116666666667,4.08411026000977
20.5183333333333,4.15372848510742
20.525,4.23479080200195
20.5316666666667,4.32682037353516
20.5383333333333,4.43077087402344
20.545,4.5466423034668
20.5516666666667,4.67300415039063
20.5583333333333,4.81033325195313
20.565,4.9586296081543
20.5716666666667,5.11693954467773
20.5783333333333,5.28526306152344
20.585,5.462646484375
20.5916666666667,5.64956665039063
20.5983333333333,5.84554672241211
20.605,6.04963302612305
20.6116666666667,6.26230239868164
20.6183333333333,6.48117065429688
20.625,6.70671463012695
20.6316666666667,6.93607330322266
20.6383333333333,7.16924667358398
20.645,7.40337371826172
20.6516666666667,7.63845443725586
20.6583333333333,7.8740119934082
20.665,8.10861587524414
20.6716666666667,8.34035873413086
20.6783333333333,8.56781005859375
20.685,8.7890625
20.6916666666667,9.00411605834961
20.6983333333333,9.21106338500977
20.705,9.40847396850586
20.7116666666667,9.5973014831543
20.7183333333333,9.77611541748047
20.725,9.94539260864258
20.7316666666667,10.1027488708496
20.7383333333333,10.2458000183105
20.745,10.3740692138672
20.7516666666667,10.4875564575195
20.7583333333333,10.5867385864258
20.765,10.6725692749023
20.7716666666667,10.7460021972656
20.7783333333333,10.805606842041
20.785,10.8523368835449
20.7916666666667,10.8857154846191
20.7983333333333,10.9047889709473
20.805,10.9105110168457
20.8116666666667,10.9024047851563
20.8183333333333,10.8814239501953
20.825,10.8480453491211
20.8316666666667,10.80322265625
20.8383333333333,10.7479095458984
20.845,10.6821060180664
20.8516666666667,10.6067657470703
20.8583333333333,10.521411895752
20.865,10.4265213012695
20.8716666666667,10.322093963623
20.8783333333333,10.2076530456543
20.885,10.0851058959961
20.8916666666667,9.95445251464844
20.8983333333333,9.81760025024414
20.905,9.674072265625
20.9116666666667,9.52434539794922
20.9183333333333,9.368896484375
20.925,9.20581817626953
20.9316666666667,9.03558731079102
20.9383333333333,8.85868072509766
20.945,8.67652893066406
20.9516666666667,8.49056243896484
20.9583333333333,8.3003044128418
20.965,8.10670852661133
20.9716666666667,7.90929794311523
20.9783333333333,7.70902633666992
20.985,7.50494003295898
20.9916666666667,7.29799270629883
20.9983333333333,7.08818435668945
21.005,6.87694549560547
21.0116666666667,6.66522979736328
21.0183333333333,6.4539909362793
21.025,6.24370574951172
21.0316666666667,6.03532791137695
21.0383333333333,5.82981109619141
21.045,5.62715530395508
21.0516666666667,5.42736053466797
21.0583333333333,5.23138046264648
21.065,5.04064559936523
21.0716666666667,4.85467910766602
21.0783333333333,4.67443466186523
21.085,4.5013427734375
21.0916666666667,4.33635711669922
21.0983333333333,4.1804313659668
21.105,4.03213500976563
21.1116666666667,3.89289855957031
21.1183333333333,3.76272201538086
21.125,3.64065170288086
21.1316666666667,3.52764129638672
21.1383333333333,3.42273712158203
21.145,3.3268928527832
21.1516666666667,3.24106216430664
21.1583333333333,3.16429138183594
21.165,3.09610366821289
21.1716666666667,3.0360221862793
21.1783333333333,2.98357009887695
21.185,2.93779373168945
21.1916666666667,2.8986930847168
21.1983333333333,2.86579132080078
21.205,2.8386116027832
21.2116666666667,2.81763076782227
21.2183333333333,2.80284881591797
21.225,2.79331207275391
21.2316666666667,2.78854370117188
21.2383333333333,2.78806686401367
21.245,2.7928352355957
21.2516666666667,2.80189514160156
21.2583333333333,2.81381607055664
21.265,2.82859802246094
21.2716666666667,2.84671783447266
21.2783333333333,2.8681755065918
21.285,2.89201736450195
21.2916666666667,2.91967391967773
21.2983333333333,2.95209884643555
21.305,2.98929214477539
21.3116666666667,3.02886962890625
21.3183333333333,3.07035446166992
21.325,3.11470031738281
21.3316666666667,3.16286087036133
21.3383333333333,3.21340560913086
21.345,3.26681137084961
21.3516666666667,3.32403182983398
21.3583333333333,3.38506698608398
21.365,3.44944000244141
21.3716666666667,3.51619720458984
21.3783333333333,3.5862922668457
21.385,3.6616325378418
21.3916666666667,3.74317169189453
21.3983333333333,3.83186340332031
21.405,3.92675399780273
21.4116666666667,4.0283203125
21.4183333333333,4.13608551025391
21.425,4.24909591674805
21.4316666666667,4.36687469482422
21.4383333333333,4.48942184448242
21.445,4.61864471435547
21.4516666666667,4.75406646728516
21.4583333333333,4.89616394042969
21.465,5.04302978515625
21.4716666666667,5.19514083862305
21.4783333333333,5.35154342651367
21.485,5.51128387451172
21.4916666666667,5.67388534545898
21.4983333333333,5.83887100219727
21.505,6.00624084472656
21.5116666666667,6.17504119873047
21.5183333333333,6.34479522705078
21.525,6.51454925537109
21.5316666666667,6.6838264465332
21.5383333333333,6.8511962890625
21.545,7.01713562011719
21.5516666666667,7.18116760253906
21.5583333333333,7.34186172485352
21.565,7.50017166137695
21.5716666666667,7.65562057495117
21.5783333333333,7.80963897705078
21.585,7.96222686767578
21.5916666666667,8.11386108398438
21.5983333333333,8.26692581176758
21.605,8.4228515625
21.6116666666667,8.58354568481445
21.6183333333333,8.74996185302734
21.625,8.92543792724609
21.6316666666667,9.11188125610352
21.6383333333333,9.31406021118164
21.645,9.53483581542969
21.6516666666667,9.77802276611328
21.6583333333333,10.047435760498
21.665,10.3468894958496
21.6716666666667,10.683536529541
21.6783333333333,11.0626220703125
21.685,11.4898681640625
21.6916666666667,11.970043182373
21.6983333333333,12.5112533569336
21.705,13.1196975708008
21.7116666666667,13.8020515441895
21.7183333333333,14.564037322998
21.725,15.4123306274414
21.7316666666667,16.3559913635254
21.7383333333333,17.4016952514648
21.745,18.557071685791
21.7516666666667,19.829273223877
21.7583333333333,21.2254524230957
21.765,22.7518081665039
21.7716666666667,24.4121551513672
21.7783333333333,26.2126922607422
21.785,28.1577110290527
21.7916666666667,30.2486419677734
21.7983333333333,32.4859619140625
21.805,34.8691940307617
21.8116666666667,37.3973846435547
21.8183333333333,40.0657653808594
21.825,42.8671836853027
21.8316666666667,45.7935333251953
21.8383333333333,48.835277557373
21.845,51.9804954528809
21.8516666666667,55.2129745483398
21.8583333333333,58.5165023803711
21.865,61.8724822998047
21.8716666666667,65.2599334716797
21.8783333333333,68.6531066894531
21.885,72.0252990722656
21.8916666666667,75.3498077392578
21.8983333333333,78.5984992980957
21.905,81.7408561706543
21.9116666666667,84.7477912902832
21.9183333333333,87.5897407531738
21.925,90.2376174926758
21.9316666666667,92.6618576049805
21.9383333333333,94.8362350463867
21.945,96.7378616333008
21.9516666666667,98.3433723449707
21.9583333333333,99.6332168579102
21.965,100.591659545898
21.9716666666667,101.208209991455
21.9783333333333,101.474761962891
21.985,101.385116577148
21.9916666666667,100.939750671387
21.9983333333333,100.143909454346
22.005,99.0056991577148
22.0116666666667,97.5375175476074
22.0183333333333,95.7541465759277
22.025,93.6756134033203
22.0316666666667,91.3238525390625
22.0383333333333,88.7236595153809
22.045,85.9017372131348
22.0516666666667,82.8886032104492
22.0583333333333,79.7157287597656
22.065,76.4122009277344
22.0716666666667,73.0071067810059
22.0783333333333,69.5300102233887
22.085,66.0099983215332
22.0916666666667,62.4752044677734
22.0983333333333,58.9513778686523
22.105,55.4628372192383
22.1116666666667,52.0329475402832
22.1183333333333,48.6836433410645
22.125,45.4311370849609
22.1316666666667,42.2906875610352
22.1383333333333,39.2746925354004
22.145,36.3922119140625
22.1516666666667,33.6513519287109
22.1583333333333,31.0583114624023
22.165,28.6173820495605
22.1716666666667,26.3280868530273
22.1783333333333,24.1904258728027
22.185,22.2039222717285
22.1916666666667,20.3671455383301
22.1983333333333,18.6758041381836
22.205,17.122745513916
22.2116666666667,15.7012939453125
22.2183333333333,14.4071578979492
22.225,13.2317543029785
22.2316666666667,12.1684074401855
22.2383333333333,11.2085342407227
22.245,10.3468894958496
22.2516666666667,9.57584381103516
22.2583333333333,8.88824462890625
22.265,8.27598571777344
22.2716666666667,7.73239135742188
22.2783333333333,7.25126266479492
22.285,6.82783126831055
22.2916666666667,6.45732879638672
22.2983333333333,6.13546371459961
22.305,5.85794448852539
22.3116666666667,5.61952590942383
22.3183333333333,5.41782379150391
22.325,5.2490234375
22.3316666666667,5.1121711730957
22.3383333333333,5.0044059753418
22.345,4.92334365844727
22.3516666666667,4.86946105957031
22.3583333333333,4.84180450439453
22.365,4.83798980712891
22.3716666666667,4.85658645629883
22.3783333333333,4.89902496337891
22.385,4.96768951416016
22.3916666666667,5.06353378295898
22.3983333333333,5.18608093261719
22.405,5.33723831176758
22.4116666666667,5.51939010620117
22.4183333333333,5.73444366455078
22.425,5.98382949829102
22.4316666666667,6.26945495605469
22.4383333333333,6.59561157226563
22.445,6.96659088134766
22.4516666666667,7.38763809204102
22.4583333333333,7.86256790161133
22.465,8.39614868164063
22.4716666666667,8.99267196655273
22.4783333333333,9.6588134765625
22.485,10.4007720947266
22.4916666666667,11.2242698669434
22.4983333333333,12.1369361877441
22.505,13.1478309631348
22.5116666666667,14.2669677734375
22.5183333333333,15.5048370361328
22.525,16.871452331543
22.5316666666667,18.3768272399902
22.5383333333333,20.0328826904297
22.545,21.8515396118164
22.5516666666667,23.8461494445801
22.5583333333333,26.0319709777832
22.565,28.4233093261719
22.5716666666667,31.0354232788086
22.5783333333333,33.8840484619141
22.585,36.9882583618164
22.5916666666667,40.3656959533691
22.5983333333333,44.0335273742676
22.605,48.0074882507324
22.6116666666667,52.3037910461426
22.6183333333333,56.938648223877
22.625,61.9306564331055
22.6316666666667,67.2926902770996
22.6383333333333,73.035717010498
22.645,79.1683197021484
22.6516666666667,85.6995582580566
22.6583333333333,92.6365852355957
22.665,99.980354309082
22.6716666666667,107.726097106934
22.6783333333333,115.867614746094
22.685,124.39489364624
22.6916666666667,133.291721343994
22.6983333333333,142.536163330078
22.705,152.098655700684
22.7116666666667,161.94486618042
22.7183333333333,172.033786773682
22.725,182.321071624756
22.7316666666667,192.756652832031
22.7383333333333,203.281879425049
22.745,213.830947875977
22.7516666666667,224.333763122559
22.7583333333333,234.718322753906
22.765,244.909286499023
22.7716666666667,254.826068878174
22.7783333333333,264.389038085938
22.785,273.515701293945
22.7916666666667,282.128810882568
22.7983333333333,290.15064239502
22.805,297.506332397461
22.8116666666667,304.125308990479
22.8183333333333,309.940338134766
22.825,314.891338348389
22.8316666666667,318.926811218262
22.8383333333333,322.004318237305
22.845,324.090003967285
22.8516666666667,325.159549713135
22.8583333333333,325.197696685791
22.865,324.201107025146
22.8716666666667,322.176456451416
22.8783333333333,319.141864776611
22.885,315.125465393066
22.8916666666667,310.162544250488
22.8983333333333,304.299831390381
22.905,297.591686248779
22.9116666666667,290.100574493408
22.9183333333333,281.893730163574
22.925,273.044109344482
22.9316666666667,263.627052307129
22.9383333333333,253.723621368408
22.945,243.416786193848
22.9516666666667,232.790946960449
22.9583333333333,221.928119659424
22.965,210.909843444824
22.9716666666667,199.812889099121
22.9783333333333,188.712120056152
22.985,177.679538726807
22.9916666666667,166.783332824707
22.9983333333333,156.083583831787
23.005,145.634174346924
23.0116666666667,135.483264923096
23.0183333333333,125.674247741699
23.025,116.245746612549
23.0316666666667,107.226848602295
23.0383333333333,98.6366271972656
23.045,90.4922485351563
23.0516666666667,82.8075408935547
23.0583333333333,75.5891799926758
23.065,68.8362121582031
23.0716666666667,62.5443458557129
23.0783333333333,56.7049980163574
23.085,51.3086318969727
23.0916666666667,46.3418960571289
23.0983333333333,41.7881011962891
23.105,37.6286506652832
23.1116666666667,33.8406562805176
23.1183333333333,30.4031372070313
23.125,27.2955894470215
23.1316666666667,24.4956016540527
23.1383333333333,21.9807624816895
23.145,19.7272300720215
23.1516666666667,17.7145004272461
23.1583333333333,15.9235000610352
23.165,14.3332481384277
23.1716666666667,12.9246711730957
23.1783333333333,11.6791725158691
23.185,10.5805397033691
23.1916666666667,9.61399078369141
23.1983333333333,8.76522064208984
23.205,8.02087783813477
23.2116666666667,7.36904144287109
23.2183333333333,6.79826736450195
23.225,6.29997253417969
23.2316666666667,5.86509704589844
23.2383333333333,5.48505783081055
23.245,5.15270233154297
23.2516666666667,4.86230850219727
23.2583333333333,4.60958480834961
23.265,4.39023971557617
23.2716666666667,4.19950485229492
23.2783333333333,4.03404235839844
23.285,3.89194488525391
23.2916666666667,3.76987457275391
23.2983333333333,3.66497039794922
23.305,3.57389450073242
23.3116666666667,3.49569320678711
23.3183333333333,3.43036651611328
23.325,3.37600708007813
23.3316666666667,3.33213806152344
23.3383333333333,3.29828262329102
23.345,3.27444076538086
23.3516666666667,3.25918197631836
23.3583333333333,3.25250625610352
23.365,3.25298309326172
23.3716666666667,3.25965881347656
23.3783333333333,3.27110290527344
23.385,3.28826904296875
23.3916666666667,3.3106803894043
23.3983333333333,3.33786010742188
23.405,3.37076187133789
23.4116666666667,3.40747833251953
23.4183333333333,3.448486328125
23.425,3.4937858581543
23.4316666666667,3.54385375976563
23.4383333333333,3.59725952148438
23.445,3.65400314331055
23.4516666666667,3.71313095092773
23.4583333333333,3.77607345581055
23.465,3.84283065795898
23.4716666666667,3.91197204589844
23.4783333333333,3.98397445678711
23.485,4.0583610534668
23.4916666666667,4.13608551025391
23.4983333333333,4.21476364135742
23.505,4.29344177246094
23.5116666666667,4.37259674072266
23.5183333333333,4.45318222045898
23.525,4.53472137451172
23.5316666666667,4.61626052856445
23.5383333333333,4.69732284545898
23.545,4.7764778137207
23.5516666666667,4.85420227050781
23.5583333333333,4.92954254150391
23.565,5.00249862670898
23.5716666666667,5.07307052612305
23.5783333333333,5.14125823974609
23.585,5.20706176757813
23.5916666666667,5.27000427246094
23.5983333333333,5.33008575439453
23.605,5.3858757019043
23.6116666666667,5.43689727783203
23.6183333333333,5.48267364501953
23.625,5.52272796630859
23.6316666666667,5.55706024169922
23.6383333333333,5.584716796875
23.645,5.60569763183594
23.6516666666667,5.62143325805664
23.6583333333333,5.63192367553711
23.665,5.63764572143555
23.6716666666667,5.63764572143555
23.6783333333333,5.6304931640625
23.685,5.61666488647461
23.6916666666667,5.59663772583008
23.6983333333333,5.5699348449707
23.705,5.53703308105469
23.7116666666667,5.49888610839844
23.7183333333333,5.45644760131836
23.725,5.41019439697266
23.7316666666667,5.36012649536133
23.7383333333333,5.30529022216797
23.745,5.24616241455078
23.7516666666667,5.18274307250977
23.7583333333333,5.11503219604492
23.765,5.04207611083984
23.7716666666667,4.96482849121094
23.7783333333333,4.88376617431641
23.785,4.80127334594727
23.7916666666667,4.71830368041992
23.7983333333333,4.63390350341797
23.805,4.54950332641602
23.8116666666667,4.46462631225586
23.8183333333333,4.38070297241211
23.825,4.29630279541016
23.8316666666667,4.21142578125
23.8383333333333,4.12702560424805
23.845,4.0440559387207
23.8516666666667,3.96156311035156
23.8583333333333,3.88050079345703
23.865,3.80277633666992
23.8716666666667,3.72648239135742
23.8783333333333,3.65209579467773
23.885,3.57913970947266
23.8916666666667,3.5090446472168
23.8983333333333,3.44181060791016
23.905,3.37648391723633
23.9116666666667,3.31306457519531
23.9183333333333,3.25298309326172
23.925,3.19719314575195
23.9316666666667,3.14426422119141
23.9383333333333,3.09419631958008
23.945,3.04698944091797
23.9516666666667,3.00407409667969
23.9583333333333,2.96545028686523
23.965,2.93064117431641
23.9716666666667,2.89773941040039
23.9783333333333,2.8681755065918
23.985,2.84242630004883
23.9916666666667,2.81906127929688
23.9983333333333,2.79808044433594
24.005,2.77853012084961
24.0116666666667,2.7623176574707
24.0183333333333,2.74991989135742
24.025,2.74038314819336
24.0316666666667,2.73227691650391
24.0383333333333,2.72607803344727
24.045,2.72226333618164
24.0516666666667,2.72083282470703
24.0583333333333,2.72083282470703
24.065,2.72226333618164
24.0716666666667,2.72560119628906
24.0783333333333,2.7318000793457
24.085,2.74038314819336
24.0916666666667,2.75087356567383
24.0983333333333,2.7623176574707
24.105,2.77328491210938
24.1116666666667,2.78425216674805
24.1183333333333,2.79617309570313
24.125,2.80857086181641
24.1316666666667,2.82192230224609
24.1383333333333,2.83622741699219
24.145,2.85100936889648
24.1516666666667,2.86531448364258
24.1583333333333,2.87961959838867
24.165,2.89249420166016
24.1716666666667,2.90441513061523
24.1783333333333,2.91538238525391
24.185,2.92682647705078
24.1916666666667,2.94017791748047
24.1983333333333,2.95448303222656
24.205,2.96831130981445
24.2116666666667,2.98070907592773
24.2183333333333,2.99406051635742
24.225,3.00693511962891
24.2316666666667,3.01885604858398
24.2383333333333,3.02982330322266
24.245,3.04079055786133
24.2516666666667,3.0522346496582
24.2583333333333,3.06415557861328
24.265,3.07559967041016
24.2716666666667,3.08752059936523
24.2783333333333,3.10087203979492
24.285,3.11660766601563
24.2916666666667,3.13329696655273
24.2983333333333,3.15141677856445
24.305,3.17001342773438
24.3116666666667,3.19004058837891
24.3183333333333,3.21102142333984
24.325,3.23247909545898
24.3316666666667,3.25632095336914
24.3383333333333,3.28302383422852
24.345,3.31306457519531
24.3516666666667,3.34548950195313
24.3583333333333,3.38172912597656
24.365,3.42273712158203
24.3716666666667,3.46851348876953
24.3783333333333,3.52001190185547
24.385,3.57770919799805
24.3916666666667,3.64208221435547
24.3983333333333,3.71360778808594
24.405,3.79180908203125
24.4116666666667,3.87716293334961
24.4183333333333,3.97014617919922
24.425,4.07171249389648
24.4316666666667,4.18281555175781
24.4383333333333,4.3034553527832
24.445,4.43315505981445
24.4516666666667,4.57286834716797
24.4583333333333,4.72354888916016
24.465,4.88424301147461
24.4716666666667,5.05542755126953
24.4783333333333,5.23805618286133
24.485,5.4316520690918
24.4916666666667,5.63621520996094
24.4983333333333,5.85126876831055
24.505,6.07538223266602
24.5116666666667,6.30855560302734
24.5183333333333,6.54888153076172
24.525,6.79683685302734
24.5316666666667,7.05099105834961
24.5383333333333,7.31134414672852
24.545,7.57598876953125
24.5516666666667,7.84540176391602
24.5583333333333,8.11767578125
24.565,8.39090347290039
24.5716666666667,8.66317749023438
24.5783333333333,8.93402099609375
24.585,9.2015266418457
24.5916666666667,9.46331024169922
24.5983333333333,9.71841812133789
24.605,9.96589660644531
24.6116666666667,10.2052688598633
24.6183333333333,10.4365348815918
24.625,10.6582641601563
24.6316666666667,10.8695030212402
24.6383333333333,11.070728302002
24.645,11.2595558166504
24.6516666666667,11.4345550537109
24.6583333333333,11.594295501709
24.665,11.7402076721191
24.6716666666667,11.873722076416
24.6783333333333,11.9948387145996
24.685,12.1045112609863
24.6916666666667,12.202262878418
24.6983333333333,12.2890472412109
24.705,12.3634338378906
24.7116666666667,12.425422668457
24.7183333333333,12.474536895752
24.725,12.5112533569336
24.7316666666667,12.5365257263184
24.7383333333333,12.5494003295898
24.745,12.5503540039063
24.7516666666667,12.540340423584
24.7583333333333,12.5207901000977
24.765,12.4902725219727
24.7716666666667,12.4478340148926
24.7783333333333,12.394905090332
24.785,12.3300552368164
24.7916666666667,12.2528076171875
24.7983333333333,12.1626853942871
24.805,12.059211730957
24.8116666666667,11.9452476501465
24.8183333333333,11.8198394775391
24.825,11.6825103759766
24.8316666666667,11.5327835083008
24.8383333333333,11.3720893859863
24.845,11.2013816833496
24.8516666666667,11.0201835632324
24.8583333333333,10.828971862793
24.865,10.6277465820313
24.8716666666667,10.4184150695801
24.8783333333333,10.2005004882813
24.885,9.97400283813477
24.8916666666667,9.73939895629883
24.8983333333333,9.49907302856445
24.905,9.25445556640625
24.9116666666667,9.00697708129883
24.9183333333333,8.75759124755859
24.925,8.50868225097656
24.9316666666667,8.26072692871094
24.9383333333333,8.01467895507813
24.945,7.77101516723633
24.9516666666667,7.53116607666016
24.9583333333333,7.29513168334961
24.965,7.0643424987793
24.9716666666667,6.83927536010742
24.9783333333333,6.62040710449219
24.985,6.40773773193359
24.9916666666667,6.20269775390625
24.9983333333333,6.00576400756836
25.005,5.81884384155273
25.0116666666667,5.64146041870117
25.0183333333333,5.47409057617188
25.025,5.31673431396484
25.0316666666667,5.16986846923828
25.0383333333333,5.03349304199219
25.045,4.90522384643555
25.0516666666667,4.78506088256836
25.0583333333333,4.67300415039063
25.065,4.56905364990234
25.0716666666667,4.47368621826172
25.0783333333333,4.38594818115234
25.085,4.30536270141602
25.0916666666667,4.23383712768555
25.0983333333333,4.17089462280273
25.105,4.11605834960938
25.1116666666667,4.06837463378906
25.1183333333333,4.02545928955078
25.125,3.98826599121094
25.1316666666667,3.95584106445313
25.1383333333333,3.92770767211914
25.145,3.90386581420898
25.1516666666667,3.88479232788086
25.1583333333333,3.87048721313477
25.165,3.8599967956543
25.1716666666667,3.85284423828125
25.1783333333333,3.84855270385742
25.185,3.84712219238281
25.1916666666667,3.84759902954102
25.1983333333333,3.85093688964844
25.205,3.85761260986328
25.2116666666667,3.86571884155273
25.2183333333333,3.8752555847168
25.225,3.88574600219727
25.2316666666667,3.89623641967773
25.2383333333333,3.90815734863281
25.245,3.9210319519043
25.2516666666667,3.93533706665039
25.2583333333333,3.95107269287109
25.265,3.96728515625
25.2716666666667,3.98397445678711
25.2783333333333,4.00018692016602
25.285,4.01687622070313
25.2916666666667,4.03451919555664
25.2983333333333,4.05263900756836
25.305,4.07314300537109
25.3116666666667,4.09603118896484
25.3183333333333,4.1193962097168
25.325,4.14323806762695
25.3316666666667,4.16803359985352
25.3383333333333,4.19378280639648
25.345,4.22000885009766
25.3516666666667,4.24671173095703
25.3583333333333,4.27532196044922
25.365,4.30631637573242
25.3716666666667,4.33874130249023
25.3783333333333,4.37307357788086
25.385,4.41074371337891
25.3916666666667,4.45175170898438
25.3983333333333,4.49562072753906
25.405,4.54139709472656
25.4116666666667,4.58908081054688
25.4183333333333,4.6381950378418
25.425,4.68921661376953
25.4316666666667,4.74166870117188
25.4383333333333,4.79698181152344
25.445,4.85467910766602
25.4516666666667,4.91476058959961
25.4583333333333,4.97722625732422
25.465,5.04159927368164
25.4716666666667,5.10644912719727
25.4783333333333,5.1722526550293
25.485,5.23805618286133
25.4916666666667,5.30481338500977
25.4983333333333,5.37204742431641
25.505,5.43832778930664
25.5116666666667,5.50365447998047
25.5183333333333,5.56802749633789
25.525,5.6300163269043
25.5316666666667,5.69009780883789
25.5383333333333,5.74731826782227
25.545,5.80215454101563
25.5516666666667,5.85365295410156
25.5583333333333,5.90085983276367
25.565,5.94282150268555
25.5716666666667,5.98001480102539
25.5783333333333,6.01339340209961
25.585,6.04248046875
25.5916666666667,6.06584548950195
25.5983333333333,6.08491897583008
25.605,6.09970092773438
25.6116666666667,6.10971450805664
25.6183333333333,6.11400604248047
25.625,6.11448287963867
25.6316666666667,6.11066818237305
25.6383333333333,6.1039924621582
25.645,6.09445571899414
25.6516666666667,6.08205795288086
25.6583333333333,6.06822967529297
25.665,6.05297088623047
25.6716666666667,6.03818893432617
25.6783333333333,6.02436065673828
25.685,6.0114860534668
25.6916666666667,5.99908828735352
25.6983333333333,5.98859786987305
25.705,5.97858428955078
25.7116666666667,5.96809387207031
25.7183333333333,5.95760345458984
25.725,5.94711303710938
25.7316666666667,5.93709945678711
25.7383333333333,5.92803955078125
25.745,5.92041015625
25.7516666666667,5.91373443603516
25.7583333333333,5.90848922729492
25.765,5.9051513671875
25.7716666666667,5.90229034423828
25.7783333333333,5.89895248413086
25.785,5.89513778686523
25.7916666666667,5.8903694152832
25.7983333333333,5.88464736938477
25.805,5.87749481201172
25.8116666666667,5.86843490600586
25.8183333333333,5.85746765136719
25.825,5.8441162109375
25.8316666666667,5.8293342590332
25.8383333333333,5.81216812133789
25.845,5.79166412353516
25.8516666666667,5.7682991027832
25.8583333333333,5.74350357055664
25.865,5.71727752685547
25.8716666666667,5.68962097167969
25.8783333333333,5.6605339050293
25.885,5.63144683837891
25.8916666666667,5.60235977172852
25.8983333333333,5.57231903076172
25.905,5.54084777832031
25.9116666666667,5.5088996887207
25.9183333333333,5.4779052734375
25.925,5.44834136962891
25.9316666666667,5.41973114013672
25.9383333333333,5.39350509643555
25.945,5.37109375
25.9516666666667,5.35297393798828
25.9583333333333,5.33866882324219
25.965,5.32960891723633
25.9716666666667,5.32674789428711
25.9783333333333,5.33056259155273
25.985,5.34200668334961
25.9916666666667,5.36060333251953
25.9983333333333,5.38730621337891
26.005,5.42306900024414
26.0116666666667,5.46884536743164
26.0183333333333,5.5241584777832
26.025,5.58805465698242
26.0316666666667,5.6614875793457
26.0383333333333,5.74493408203125
26.045,5.83839416503906
26.0516666666667,5.94043731689453
26.0583333333333,6.05106353759766
26.065,6.16979598999023
26.0716666666667,6.29615783691406
26.0783333333333,6.42967224121094
26.085,6.56890869140625
26.0916666666667,6.7133903503418
26.0983333333333,6.86311721801758
26.105,7.01761245727539
26.1116666666667,7.17449188232422
26.1183333333333,7.33137130737305
26.125,7.48920440673828
26.1316666666667,7.64608383178711
26.1383333333333,7.80153274536133
26.145,7.95316696166992
26.1516666666667,8.09955596923828
26.1583333333333,8.2402229309082
26.165,8.37469100952148
26.1716666666667,8.4996223449707
26.1783333333333,8.61358642578125
26.185,8.71706008911133
26.1916666666667,8.81099700927734
26.1983333333333,8.89444351196289
26.205,8.96692276000977
26.2116666666667,9.02843475341797
26.2183333333333,9.07993316650391
26.225,9.12237167358398
26.2316666666667,9.1547966003418
26.2383333333333,9.17768478393555
26.245,9.19246673583984
26.2516666666667,9.20009613037109
26.2583333333333,9.20009613037109
26.265,9.19342041015625
26.2716666666667,9.17959213256836
26.2783333333333,9.16004180908203
26.285,9.13572311401367
26.2916666666667,9.10615921020508
26.2983333333333,9.07087326049805
26.305,9.03129577636719
26.3116666666667,8.98885726928711
26.3183333333333,8.9421272277832
26.325,8.89015197753906
26.3316666666667,8.83197784423828
26.3383333333333,8.76903533935547
26.345,8.70084762573242
26.3516666666667,8.62646102905273
26.3583333333333,8.54682922363281
26.365,8.46195220947266
26.3716666666667,8.37230682373047
26.3783333333333,8.27932357788086
26.385,8.18204879760742
26.3916666666667,8.08048248291016
26.3983333333333,7.97414779663086
26.405,7.86447525024414
26.4116666666667,7.75241851806641
26.4183333333333,7.63797760009766
26.425,7.5225830078125
26.4316666666667,7.40814208984375
26.4383333333333,7.29656219482422
26.445,7.18879699707031
26.4516666666667,7.08580017089844
26.4583333333333,6.9880485534668
26.465,6.89601898193359
26.4716666666667,6.81066513061523
26.4783333333333,6.73246383666992
26.485,6.66332244873047
26.4916666666667,6.60324096679688
26.4983333333333,6.55317306518555
26.505,6.51359558105469
26.5116666666667,6.48593902587891
26.5183333333333,6.46829605102539
26.525,6.46114349365234
26.5316666666667,6.46352767944336
26.5383333333333,6.47544860839844
26.545,6.49595260620117
26.5516666666667,6.52313232421875
26.5583333333333,6.55651092529297
26.565,6.59513473510742
26.5716666666667,6.6375732421875
26.5783333333333,6.68430328369141
26.585,6.73389434814453
26.5916666666667,6.78634643554688
26.5983333333333,6.83879852294922
26.605,6.89077377319336
26.6116666666667,6.94036483764648
26.6183333333333,6.98518753051758
26.625,7.02428817749023
26.6316666666667,7.05623626708984
26.6383333333333,7.08150863647461
26.645,7.10010528564453
26.6516666666667,7.1110725402832
26.6583333333333,7.11393356323242
26.665,7.10821151733398
26.6716666666667,7.09438323974609
26.6783333333333,7.07149505615234
26.685,7.03954696655273
26.6916666666667,6.99949264526367
26.6983333333333,6.95180892944336
26.705,6.8964958190918
26.7116666666667,6.8359375
26.7183333333333,6.77108764648438
26.725,6.70337677001953
26.7316666666667,6.63328170776367
26.7383333333333,6.5608024597168
26.745,6.48832321166992
26.7516666666667,6.41584396362305
26.7583333333333,6.34384155273438
26.765,6.27374649047852
26.7716666666667,6.20651245117188
26.7783333333333,6.14309310913086
26.785,6.08301162719727
26.7916666666667,6.02531433105469
26.7983333333333,5.97095489501953
26.805,5.92041015625
26.8116666666667,5.8746337890625
26.8183333333333,5.83314895629883
26.825,5.79643249511719
26.8316666666667,5.76210021972656
26.8383333333333,5.73015213012695
26.845,5.70058822631836
26.8516666666667,5.67340850830078
26.8583333333333,5.64861297607422
26.865,5.62667846679688
26.8716666666667,5.60903549194336
26.8783333333333,5.59520721435547
26.885,5.58328628540039
26.8916666666667,5.57327270507813
26.8983333333333,5.56564331054688
26.905,5.55992126464844
26.9116666666667,5.55753707885742
26.9183333333333,5.55753707885742
26.925,5.56182861328125
26.9316666666667,5.57041168212891
26.9383333333333,5.58280944824219
26.945,5.6004524230957
26.9516666666667,5.62429428100586
26.9583333333333,5.65528869628906
26.965,5.69295883178711
26.9716666666667,5.7377815246582
26.9783333333333,5.78975677490234
26.985,5.84840774536133
26.9916666666667,5.91468811035156
26.9983333333333,5.98764419555664
27.005,6.06679916381836
27.0116666666667,6.15310668945313
27.0183333333333,6.24561309814453
27.025,6.34336471557617
27.0316666666667,6.44445419311523
27.0383333333333,6.54840469360352
27.045,6.65521621704102
27.0516666666667,6.76202774047852
27.0583333333333,6.86883926391602
27.065,6.97422027587891
27.0716666666667,7.07769393920898
27.0783333333333,7.17782974243164
27.085,7.27367401123047
27.0916666666667,7.36284255981445
27.0983333333333,7.44485855102539
27.105,7.51829147338867
27.1116666666667,7.58266448974609
27.1183333333333,7.63702392578125
27.125,7.67993927001953
27.1316666666667,7.71284103393555
27.1383333333333,7.73429870605469
27.145,7.74335861206055
27.1516666666667,7.74049758911133
27.1583333333333,7.72619247436523
27.165,7.70187377929688
27.1716666666667,7.66801834106445
27.1783333333333,7.62510299682617
27.185,7.57408142089844
27.1916666666667,7.51638412475586
27.1983333333333,7.45201110839844
27.205,7.38048553466797
27.2116666666667,7.30419158935547
27.2183333333333,7.22455978393555
27.225,7.14302062988281
27.2316666666667,7.06005096435547
27.2383333333333,6.97708129882813
27.245,6.89506530761719
27.2516666666667,6.81447982788086
27.2583333333333,6.73484802246094
27.265,6.65616989135742
27.2716666666667,6.58035278320313
27.2783333333333,6.50787353515625
27.285,6.44016265869141
27.2916666666667,6.37626647949219
27.2983333333333,6.317138671875
27.305,6.26230239868164
27.3116666666667,6.21175765991211
27.3183333333333,6.1650276184082
27.325,6.12258911132813
27.3316666666667,6.08634948730469
27.3383333333333,6.05487823486328
27.345,6.02912902832031
27.3516666666667,6.00910186767578
27.3583333333333,5.99431991577148
27.365,5.98526000976563
27.3716666666667,5.98049163818359
27.3783333333333,5.98049163818359
27.385,5.98573684692383
27.3916666666667,5.99575042724609
27.3983333333333,6.01053237915039
27.405,6.02912902832031
27.4116666666667,6.05106353759766
27.4183333333333,6.07681274414063
27.425,6.10589981079102
27.4316666666667,6.13832473754883
27.4383333333333,6.17265701293945
27.445,6.20889663696289
27.4516666666667,6.24608993530273
27.4583333333333,6.28423690795898
27.465,6.32190704345703
27.4716666666667,6.35862350463867
27.4783333333333,6.3939094543457
27.485,6.42871856689453
27.4916666666667,6.46400451660156
27.4983333333333,6.49929046630859
27.505,6.53600692749023
27.5116666666667,6.57415390014648
27.5183333333333,6.61516189575195
27.525,6.65950775146484
27.5316666666667,6.70719146728516
27.5383333333333,6.75725936889648
27.545,6.80971145629883
27.5516666666667,6.866455078125
27.5583333333333,6.92653656005859
27.565,6.99043273925781
27.5716666666667,7.05766677856445
27.5783333333333,7.12966918945313
27.585,7.20596313476563
27.5916666666667,7.28607177734375
27.5983333333333,7.3704719543457
27.605,7.45820999145508
27.6116666666667,7.54880905151367
27.6183333333333,7.64131546020508
27.625,7.73477554321289
27.6316666666667,7.8282356262207
27.6383333333333,7.92026519775391
27.645,8.00991058349609
27.6516666666667,8.09717178344727
27.6583333333333,8.18061828613281
27.665,8.25977325439453
27.6716666666667,8.33320617675781
27.6783333333333,8.40091705322266
27.685,8.46290588378906
27.6916666666667,8.51869583129883
27.6983333333333,8.56828689575195
27.705,8.61310958862305
27.7116666666667,8.65364074707031
27.7183333333333,8.68988037109375
27.725,8.72278213500977
27.7316666666667,8.75329971313477
27.7383333333333,8.78190994262695
27.745,8.80861282348633
27.7516666666667,8.8348388671875
27.7583333333333,8.86154174804688
27.765,8.88872146606445
27.7716666666667,8.91637802124023
27.7783333333333,8.94689559936523
27.785,8.97979736328125
27.7916666666667,9.01508331298828
27.7983333333333,9.05227661132813
27.805,9.09185409545898
27.8116666666667,9.13286209106445
27.8183333333333,9.17530059814453
27.825,9.21821594238281
27.8316666666667,9.2616081237793
27.8383333333333,9.30643081665039
27.845,9.35220718383789
27.8516666666667,9.39798355102539
27.8583333333333,9.44375991821289
27.865,9.48953628540039
27.8716666666667,9.53578948974609
27.8783333333333,9.58156585693359
27.885,9.62734222412109
27.8916666666667,9.6735954284668
27.8983333333333,9.72175598144531
27.905,9.77420806884766
27.9116666666667,9.83047485351563
27.9183333333333,9.89198684692383
27.925,9.96065139770508
27.9316666666667,10.037899017334
27.9383333333333,10.1227760314941
27.945,10.2176666259766
27.9516666666667,10.3230476379395
27.9583333333333,10.439395904541
27.965,10.5676651000977
27.9716666666667,10.709285736084
27.9783333333333,10.8647346496582
27.985,11.0330581665039
27.9916666666667,11.2152099609375
27.9983333333333,11.4130973815918
28.005,11.6252899169922
28.0116666666667,11.8522644042969
28.0183333333333,12.0940208435059
28.025,12.3496055603027
28.0316666666667,12.6180648803711
28.0383333333333,12.8970146179199
28.045,13.18359375
28.0516666666667,13.4754180908203
28.0583333333333,13.7686729431152
28.065,14.0619277954102
28.0716666666667,14.3537521362305
28.0783333333333,14.6408081054688
28.085,14.920711517334
28.0916666666667,15.1920318603516
28.0983333333333,15.4519081115723
28.105,15.6993865966797
28.1116666666667,15.9306526184082
28.1183333333333,16.1452293395996
28.125,16.3412094116211
28.1316666666667,16.5185928344727
28.1383333333333,16.6764259338379
28.145,16.8147087097168
28.1516666666667,16.9334411621094
28.1583333333333,17.0350074768066
28.165,17.1198844909668
28.1716666666667,17.1895027160645
28.1783333333333,17.2438621520996
28.185,17.2834396362305
28.1916666666667,17.3077583312988
28.1983333333333,17.3177719116211
28.205,17.3130035400391
28.2116666666667,17.2948837280273
28.2183333333333,17.2629356384277
28.225,17.2176361083984
28.2316666666667,17.1589851379395
28.2383333333333,17.0860290527344
28.245,16.9992446899414
28.2516666666667,16.899585723877
28.2583333333333,16.7899131774902
28.265,16.6716575622559
28.2716666666667,16.547679901123
28.2783333333333,16.4222717285156
28.285,16.2992477416992
28.2916666666667,16.1833763122559
28.2983333333333,16.0775184631348
28.305,15.9854888916016
28.3116666666667,15.9125328063965
28.3183333333333,15.8615112304688
28.325,15.8367156982422
28.3316666666667,15.8419609069824
28.3383333333333,15.8815383911133
28.345,15.9587860107422
28.3516666666667,16.075611114502
28.3583333333333,16.2363052368164
28.365,16.4427757263184
28.3716666666667,16.6969299316406
28.3783333333333,17.0001983642578
28.385,17.3544883728027
28.3916666666667,17.7617073059082
28.3983333333333,18.2223320007324
28.405,18.735408782959
28.4116666666667,19.2990303039551
28.4183333333333,19.9117660522461
28.425,20.5707550048828
28.4316666666667,21.2712287902832
28.4383333333333,22.007942199707
28.445,22.7742195129395
28.4516666666667,23.5629081726074
28.4583333333333,24.3644714355469
28.465,25.1674652099609
28.4716666666667,25.9580612182617
28.4783333333333,26.7224311828613
28.485,27.4453163146973
28.4916666666667,28.1124114990234
28.4983333333333,28.7084579467773
28.505,29.2201042175293
28.5116666666667,29.6339988708496
28.5183333333333,29.9391746520996
28.525,30.125617980957
28.5316666666667,30.1871299743652
28.5383333333333,30.1213264465332
28.545,29.9272537231445
28.5516666666667,29.6101570129395
28.5583333333333,29.1781425476074
28.565,28.6421775817871
28.5716666666667,28.0146598815918
28.5783333333333,27.3098945617676
28.585,26.5450477600098
28.5916666666667,25.7387161254883
28.5983333333333,24.9080657958984
28.605,24.0693092346191
28.6116666666667,23.2396125793457
28.6183333333333,22.432804107666
28.625,21.6608047485352
28.6316666666667,20.9331512451172
28.6383333333333,20.2550888061523
28.645,19.6328163146973
28.6516666666667,19.0691947937012
28.6583333333333,18.5647010803223
28.665,18.1179046630859
28.6716666666667,17.7268981933594
28.6783333333333,17.3883438110352
28.685,17.0979499816895
28.6916666666667,16.8499946594238
28.6983333333333,16.6406631469727
28.705,16.4647102355957
28.7116666666667,16.3187980651855
28.7183333333333,16.1986351013184
28.725,16.0999298095703
28.7316666666667,16.0212516784668
28.7383333333333,15.9597396850586
28.745,15.9130096435547
28.7516666666667,15.8786773681641
28.7583333333333,15.8567428588867
28.765,15.8462524414063
28.7716666666667,15.8472061157227
28.7783333333333,15.8581733703613
28.785,15.8796310424805
28.7916666666667,15.9120559692383
28.7983333333333,15.9564018249512
28.805,16.0126686096191
28.8116666666667,16.0799026489258
28.8183333333333,16.1595344543457
28.825,16.2520408630371
28.8316666666667,16.3583755493164
28.8383333333333,16.4775848388672
28.845,16.6101455688477
28.8516666666667,16.7551040649414
28.8583333333333,16.9105529785156
28.865,17.0736312866211
28.8716666666667,17.242431640625
28.8783333333333,17.4160003662109
28.885,17.5909996032715
28.8916666666667,17.7650451660156
28.8983333333333,17.9343223571777
28.905,18.0974006652832
28.9116666666667,18.2504653930664
28.9183333333333,18.3901786804199
28.925,18.5117721557617
28.9316666666667,18.6138153076172
28.9383333333333,18.6939239501953
28.945,18.7501907348633
28.9516666666667,18.7821388244629
28.9583333333333,18.7883377075195
28.965,18.7702178955078
28.9716666666667,18.7292098999023
28.9783333333333,18.6676979064941
28.985,18.5885429382324
28.9916666666667,18.4926986694336
28.9983333333333,18.3835029602051
29.005,18.2647705078125
29.0116666666667,18.1384086608887
29.0183333333333,18.007755279541
29.025,17.8756713867188
29.0316666666667,17.7450180053711
29.0383333333333,17.6177024841309
29.045,17.493724822998
29.0516666666667,17.3730850219727
29.0583333333333,17.2553062438965
29.065,17.1389579772949
29.0716666666667,17.0230865478516
29.0783333333333,16.9053077697754
29.085,16.7832374572754
29.0916666666667,16.6563987731934
29.0983333333333,16.5228843688965
29.105,16.3812637329102
29.1116666666667,16.2296295166016
29.1183333333333,16.0660743713379
29.125,15.8905982971191
29.1316666666667,15.7017707824707
29.1383333333333,15.4991149902344
29.145,15.282154083252
29.1516666666667,15.0513648986816
29.1583333333333,14.808177947998
29.165,14.554500579834
29.1716666666667,14.2922401428223
29.1783333333333,14.0218734741211
29.185,13.7457847595215
29.1916666666667,13.4668350219727
29.1983333333333,13.1874084472656
29.205,12.9108428955078
29.2116666666667,12.6399993896484
29.2183333333333,12.3782157897949
29.225,12.1288299560547
29.2316666666667,11.8923187255859
29.2383333333333,11.6705894470215
29.245,11.4645957946777
29.2516666666667,11.2738609313965
29.2583333333333,11.0993385314941
29.265,10.9410285949707
29.2716666666667,10.7989311218262
29.2783333333333,10.6735229492188
29.285,10.5643272399902
29.2916666666667,10.4718208312988
29.2983333333333,10.3969573974609
29.305,10.3392601013184
29.3116666666667,10.2996826171875
29.3183333333333,10.2801322937012
29.325,10.2810859680176
29.3316666666667,10.3049278259277
29.3383333333333,10.3521347045898
29.345,10.4241371154785
29.3516666666667,10.523796081543
29.3583333333333,10.6515884399414
29.365,10.807991027832
29.3716666666667,10.9930038452148
29.3783333333333,11.2056732177734
29.385,11.4436149597168
29.3916666666667,11.7039680480957
29.3983333333333,11.9814872741699
29.405,12.2699737548828
29.4116666666667,12.5627517700195
29.4183333333333,12.8521919250488
29.425,13.1311416625977
29.4316666666667,13.3914947509766
29.4383333333333,13.6265754699707
29.445,13.8301849365234
29.4516666666667,13.9994621276855
29.4583333333333,14.1329765319824
29.465,14.2316818237305
29.4716666666667,14.2984390258789
29.4783333333333,14.3413543701172
29.485,14.3709182739258
29.4916666666667,14.3976211547852
29.4983333333333,14.4343376159668
29.505,14.493465423584
29.5116666666667,14.5907402038574
29.5183333333333,14.739990234375
29.525,14.9569511413574
29.5316666666667,15.2554512023926
29.5383333333333,15.6512260437012
29.545,16.1585807800293
29.5516666666667,16.7908668518066
29.5583333333333,17.5609588623047
29.565,18.4817314147949
29.5716666666667,19.5655822753906
29.5783333333333,20.8234786987305
29.585,22.2659111022949
29.5916666666667,23.9048004150391
29.5983333333333,25.749683380127
29.605,27.8096199035645
29.6116666666667,30.0908088684082
29.6183333333333,32.5980186462402
29.625,35.3336334228516
29.6316666666667,38.2986068725586
29.6383333333333,41.4900779724121
29.645,44.9018478393555
29.6516666666667,48.5210418701172
29.6583333333333,52.3319244384766
29.665,56.3135147094727
29.6716666666667,60.4395866394043
29.6783333333333,64.6748542785645
29.685,68.9806938171387
29.6916666666667,73.3122825622559
29.6983333333333,77.6228904724121
29.705,81.8600654602051
29.7116666666667,85.9689712524414
29.7183333333333,89.8919105529785
29.725,93.5711860656738
29.7316666666667,96.9505310058594
29.7383333333333,99.9774932861328
29.745,102.602005004883
29.7516666666667,104.777336120605
29.7583333333333,106.464862823486
29.765,107.633590698242
29.7716666666667,108.260631561279
29.7783333333333,108.331203460693
29.785,107.839107513428
29.7916666666667,106.791019439697
29.7983333333333,105.204105377197
29.805,103.103160858154
29.8116666666667,100.520133972168
29.8183333333333,97.4960327148438
29.825,94.0804481506348
29.8316666666667,90.327262878418
29.8383333333333,86.2932205200195
29.845,82.0374488830566
29.8516666666667,77.6228904724121
29.8583333333333,73.1124877929688
29.865,68.565845489502
29.8716666666667,64.0401840209961
29.8783333333333,59.5874786376953
29.885,55.2573204040527
29.8916666666667,51.0950088500977
29.8983333333333,47.1382141113281
29.905,43.4179306030273
29.9116666666667,39.9589538574219
29.9183333333333,36.7827415466309
29.925,33.9031219482422
29.9316666666667,31.3277244567871
29.9383333333333,29.0579795837402
29.945,27.092456817627
29.9516666666667,25.425910949707
29.9583333333333,24.0478515625
29.965,22.9458808898926
29.9716666666667,22.1061706542969
29.9783333333333,21.5115547180176
29.985,21.1448669433594
29.9916666666667,20.9870338439941
29.9983333333333,21.0180282592773
30.005,21.2163925170898
30.0116666666667,21.5597152709961
30.0183333333333,22.0246315002441
30.025,22.5892066955566
30.0316666666667,23.2291221618652
30.0383333333333,23.9214897155762
30.045,24.6434211730957
30.0516666666667,25.3710746765137
30.0583333333333,26.0839462280273
30.065,26.7596244812012
30.0716666666667,27.3795127868652
30.0783333333333,27.9245376586914
30.085,28.3794403076172
30.0916666666667,28.7308692932129
30.0983333333333,28.968334197998
30.105,29.0842056274414
30.1116666666667,29.0751457214355
30.1183333333333,28.9402008056641
30.125,28.6808013916016
30.1316666666667,28.3021926879883
30.1383333333333,27.8139114379883
30.145,27.2278785705566
30.1516666666667,26.5569686889648
30.1583333333333,25.8164405822754
30.165,25.0244140625
30.1716666666667,24.200439453125
30.1783333333333,23.3645439147949
30.185,22.5348472595215
30.1916666666667,21.730899810791
30.1983333333333,20.9712982177734
30.205,20.2727317810059
30.2116666666667,19.6504592895508
30.2183333333333,19.1178321838379
30.225,18.6853408813477
30.2316666666667,18.3629989624023
30.2383333333333,18.157958984375
30.245,18.0754661560059
30.2516666666667,18.1188583374023
30.2583333333333,18.2886123657227
30.265,18.5832977294922
30.2716666666667,18.9990997314453
30.2783333333333,19.53125
30.285,20.1711654663086
30.2916666666667,20.9097862243652
30.2983333333333,21.7337608337402
30.305,22.6287841796875
30.3116666666667,23.5786437988281
30.3183333333333,24.5647430419922
30.325,25.5675315856934
30.3316666666667,26.5650749206543
30.3383333333333,27.5359153747559
30.345,28.4595489501953
30.3516666666667,29.3140411376953
30.3583333333333,30.0788879394531
30.365,30.7350158691406
30.3716666666667,31.2666893005371
30.3783333333333,31.6596031188965
30.385,31.9018363952637
30.3916666666667,31.9867134094238
30.3983333333333,31.9113731384277
30.405,31.6762924194336
30.4116666666667,31.2871932983398
30.4183333333333,30.7526588439941
30.425,30.0860404968262
30.4316666666667,29.3025970458984
30.4383333333333,28.4199714660645
30.445,27.4567604064941
30.4516666666667,26.4339447021484
30.4583333333333,25.3729820251465
30.465,24.294376373291
30.4716666666667,23.219108581543
30.4783333333333,22.1667289733887
30.485,21.1567878723145
30.4916666666667,20.207405090332
30.4983333333333,19.3347930908203
30.505,18.5551643371582
30.5116666666667,17.8823471069336
30.5183333333333,17.3311233520508
30.525,16.9162750244141
30.5316666666667,16.6516304016113
30.5383333333333,16.5514945983887
30.545,16.6287422180176
30.5516666666667,16.8981552124023
30.5583333333333,17.3745155334473
30.565,18.0697441101074
30.5716666666667,18.9962387084961
30.5783333333333,20.1668739318848
30.585,21.5921401977539
30.5916666666667,23.2815742492676
30.5983333333333,25.2418518066406
30.605,27.4786949157715
30.6116666666667,29.9949645996094
30.6183333333333,32.7901840209961
30.625,35.858154296875
30.6316666666667,39.1921997070313
30.6383333333333,42.7823066711426
30.645,46.6165542602539
30.6516666666667,50.6801605224609
30.6583333333333,54.9559593200684
30.665,59.4282150268555
30.6716666666667,64.0830993652344
30.6783333333333,68.9077377319336
30.685,73.8873481750488
30.6916666666667,79.0085792541504
30.6983333333333,84.2599868774414
30.705,89.6291732788086
30.7116666666667,95.1027870178223
30.7183333333333,100.662708282471
30.725,106.285572052002
30.7316666666667,111.944198608398
30.7383333333333,117.602348327637
30.745,123.219013214111
30.7516666666667,128.74174118042
30.7583333333333,134.111404418945
30.765,139.257907867432
30.7716666666667,144.107818603516
30.7783333333333,148.584842681885
30.785,152.606964111328
30.7916666666667,156.092166900635
30.7983333333333,158.963203430176
30.805,161.148548126221
30.8116666666667,162.585735321045
30.8183333333333,163.225650787354
30.825,163.032054901123
30.8316666666667,161.985397338867
30.8383333333333,160.084247589111
30.845,157.343864440918
30.8516666666667,153.797149658203
30.8583333333333,149.491786956787
30.865,144.491195678711
30.8716666666667,138.87357711792
30.8783333333333,132.725715637207
30.885,126.142024993896
30.8916666666667,119.223117828369
30.8983333333333,112.07389831543
30.905,104.796409606934
30.9116666666667,97.4874496459961
30.9183333333333,90.238094329834
30.925,83.1327438354492
30.9316666666667,76.2472152709961
30.9383333333333,69.6444511413574
30.945,63.3754730224609
30.9516666666667,57.4793815612793
30.9583333333333,51.9847869873047
30.965,46.9098091125488
30.9716666666667,42.262077331543
30.9783333333333,38.0411148071289
30.985,34.2378616333008
30.9916666666667,30.8370590209961
30.9983333333333,27.8201103210449
31.005,25.1636505126953
31.0116666666667,22.8424072265625
31.0183333333333,20.8263397216797
31.025,19.0873146057129
31.0316666666667,17.5962448120117
31.0383333333333,16.3254737854004
31.045,15.2478218078613
31.0516666666667,14.3375396728516
31.0583333333333,13.5707855224609
31.065,12.9261016845703
31.0716666666667,12.3848915100098
31.0783333333333,11.9285583496094
31.085,11.5432739257813
31.0916666666667,11.2171173095703
31.0983333333333,10.9410285949707
31.105,10.7073783874512
31.1116666666667,10.5118751525879
31.1183333333333,10.3516578674316
31.125,10.2238655090332
31.1316666666667,10.127067565918
31.1383333333333,10.0598335266113
31.145,10.0235939025879
31.1516666666667,10.0173950195313
31.1583333333333,10.040283203125
31.165,10.0893974304199
31.1716666666667,10.1637840270996
31.1783333333333,10.2601051330566
31.185,10.3750228881836
31.1916666666667,10.505199432373
31.1983333333333,10.6472969055176
31.205,10.7994079589844
31.2116666666667,10.958194732666
31.2183333333333,11.1217498779297
31.225,11.2872123718262
31.2316666666667,11.4526748657227
31.2383333333333,11.6167068481445
31.245,11.7769241333008
31.2516666666667,11.932373046875
31.2583333333333,12.0811462402344
31.265,12.2227668762207
31.2716666666667,12.3558044433594
31.2783333333333,12.4797821044922
31.285,12.5951766967773
31.2916666666667,12.7015113830566
31.2983333333333,12.7983093261719
31.305,12.8850936889648
31.3116666666667,12.9613876342773
31.3183333333333,13.026237487793
31.325,13.0777359008789
31.3316666666667,13.1168365478516
31.3383333333333,13.1425857543945
31.345,13.155460357666
31.3516666666667,13.1540298461914
31.3583333333333,13.1392478942871
31.365,13.1115913391113
31.3716666666667,13.0705833435059
31.3783333333333,13.0171775817871
31.385,12.9504203796387
31.3916666666667,12.8707885742188
31.3983333333333,12.7792358398438
31.405,12.6767158508301
31.4116666666667,12.5646591186523
31.4183333333333,12.444019317627
31.425,12.3195648193359
31.4316666666667,12.1936798095703
31.4383333333333,12.0716094970703
31.445,11.958122253418
31.4516666666667,11.8584632873535
31.4583333333333,11.7788314819336
31.465,11.7268562316895
31.4716666666667,11.7092132568359
31.4783333333333,11.7344856262207
31.485,11.8107795715332
31.4916666666667,11.9462013244629
31.4983333333333,12.1488571166992
31.505,12.4263763427734
31.5116666666667,12.786865234375
31.5183333333333,13.2365226745605
31.525,13.7805938720703
31.5316666666667,14.4252777099609
31.5383333333333,15.1748657226563
31.545,16.0322189331055
31.5516666666667,16.998291015625
31.5583333333333,18.0726051330566
31.565,19.2532539367676
31.5716666666667,20.5330848693848
31.5783333333333,21.9054222106934
31.585,23.3597755432129
31.5916666666667,24.8851776123047
31.5983333333333,26.4682769775391
31.605,28.0952453613281
31.6116666666667,29.7517776489258
31.6183333333333,31.425952911377
31.625,33.1058502197266
31.6316666666667,34.7838401794434
31.6383333333333,36.4537239074707
31.645,38.1145477294922
31.6516666666667,39.7725105285645
31.6583333333333,41.4390563964844
31.665,43.1318283081055
31.6716666666667,44.8732376098633
31.6783333333333,46.6938018798828
31.685,48.6292839050293
31.6916666666667,50.7149696350098
31.6983333333333,52.9861450195313
31.705,55.4766654968262
31.7116666666667,58.2170486450195
31.7183333333333,61.2292289733887
31.725,64.5246505737305
31.7316666666667,68.1014060974121
31.7383333333333,71.9423294067383
31.745,76.0116577148438
31.7516666666667,80.2583694458008
31.7583333333333,84.6128463745117
31.765,88.9902114868164
31.7716666666667,93.2888984680176
31.7783333333333,97.3992347717285
31.785,101.208209991455
31.7916666666667,104.602336883545
31.7983333333333,107.46955871582
31.805,109.709739685059
31.8116666666667,111.240863800049
31.8183333333333,111.998558044434
31.825,111.941337585449
31.8316666666667,111.0520362854
31.8383333333333,109.340190887451
31.845,106.84061050415
31.8516666666667,103.611469268799
31.8583333333333,99.7285842895508
31.865,95.2839851379395
31.8716666666667,90.3825759887695
31.8783333333333,85.1364135742188
31.885,79.6608924865723
31.8916666666667,74.0671157836914
31.8983333333333,68.4623718261719
31.905,62.9467964172363
31.9116666666667,57.6105117797852
31.9183333333333,52.5274276733398
31.925,47.7557182312012
31.9316666666667,43.3382987976074
31.9383333333333,39.306640625
31.945,35.6769561767578
31.9516666666667,32.4497222900391
31.9583333333333,29.6139717102051
31.965,27.1511077880859
31.9716666666667,25.0344276428223
31.9783333333333,23.2319831848145
31.985,21.7070579528809
31.9916666666667,20.418643951416
31.9983333333333,19.3276405334473
32.005,18.3978080749512
32.0116666666667,17.5952911376953
32.0183333333333,16.8895721435547
32.025,16.2544250488281
32.0316666666667,15.6683921813965
32.0383333333333,15.1147842407227
32.045,14.5816802978516
32.0516666666667,14.0619277954102
32.0583333333333,13.5498046875
32.065,13.0448341369629
32.0716666666667,12.5494003295898
32.0783333333333,12.0697021484375
32.085,11.6100311279297
32.0916666666667,11.1746788024902
32.0983333333333,10.770320892334
32.105,10.401725769043
32.1116666666667,10.0717544555664
32.1183333333333,9.7813606262207
32.125,9.53292846679688
32.1316666666667,9.32788848876953
32.1383333333333,9.16576385498047
32.145,9.04464721679688
32.1516666666667,8.96215438842773
32.1583333333333,8.91542434692383
32.165,8.90207290649414
32.1716666666667,8.91590118408203
32.1783333333333,8.95214080810547
32.185,9.00697708129883
32.1916666666667,9.07516479492188
32.1983333333333,9.15050506591797
32.205,9.22822952270508
32.2116666666667,9.30309295654297
32.2183333333333,9.37128067016602
32.225,9.42802429199219
32.2316666666667,9.47141647338867
32.2383333333333,9.50050354003906
32.245,9.51385498046875
32.2516666666667,9.51147079467773
32.2583333333333,9.49430465698242
32.265,9.46426391601563
32.2716666666667,9.42230224609375
32.2783333333333,9.37080383300781
32.285,9.31215286254883
32.2916666666667,9.25064086914063
32.2983333333333,9.18817520141602
32.305,9.12666320800781
32.3116666666667,9.06991958618164
32.3183333333333,9.01889801025391
32.325,8.97598266601563
32.3316666666667,8.9411735534668
32.3383333333333,8.91590118408203
32.345,8.90064239501953
32.3516666666667,8.8953971862793
32.3583333333333,8.90064239501953
32.365,8.91590118408203
32.3716666666667,8.93926620483398
32.3783333333333,8.97073745727539
32.385,9.00888442993164
32.3916666666667,9.05418395996094
32.3983333333333,9.10520553588867
32.405,9.16099548339844
32.4116666666667,9.22203063964844
32.4183333333333,9.28735733032227
32.425,9.35745239257813
32.4316666666667,9.4304084777832
32.4383333333333,9.50860977172852
32.445,9.59396362304688
32.4516666666667,9.68742370605469
32.4583333333333,9.79089736938477
32.465,9.90629196166992
32.4716666666667,10.0388526916504
32.4783333333333,10.1914405822754
32.485,10.3683471679688
32.4916666666667,10.5748176574707
32.4983333333333,10.8160972595215
32.505,11.0983848571777
32.5116666666667,11.4283561706543
32.5183333333333,11.8131637573242
32.525,12.2594833374023
32.5316666666667,12.7763748168945
32.5383333333333,13.3719444274902
32.545,14.0562057495117
32.5516666666667,14.8391723632813
32.5583333333333,15.7341957092285
32.565,16.7551040649414
32.5716666666667,17.9195404052734
32.5783333333333,19.2470550537109
32.585,20.7586288452148
32.5916666666667,22.4766731262207
32.5983333333333,24.4255065917969
32.605,26.6313552856445
32.6116666666667,29.120922088623
32.6183333333333,31.9199562072754
32.625,35.0527763366699
32.6316666666667,38.541316986084
32.6383333333333,42.4013137817383
32.645,46.6418266296387
32.6516666666667,51.2628555297852
32.6583333333333,56.2577247619629
32.665,61.6054534912109
32.6716666666667,67.2717094421387
32.6783333333333,73.2049942016602
32.685,79.3418884277344
32.6916666666667,85.6022834777832
32.6983333333333,91.8912887573242
32.705,98.1016159057617
32.7116666666667,104.114055633545
32.7183333333333,109.802722930908
32.725,115.042686462402
32.7316666666667,119.70853805542
32.7383333333333,123.682498931885
32.745,126.857757568359
32.7516666666667,129.145622253418
32.7583333333333,130.478382110596
32.765,130.813121795654
32.7716666666667,130.130290985107
32.7783333333333,128.438949584961
32.785,125.777721405029
32.7916666666667,122.209072113037
32.7983333333333,117.817878723145
32.805,112.709045410156
32.8116666666667,107.001781463623
32.8183333333333,100.826740264893
32.825,94.3150520324707
32.8316666666667,87.6002311706543
32.8383333333333,80.8119773864746
32.845,74.0718841552734
32.8516666666667,67.4886703491211
32.8583333333333,61.1543655395508
32.865,55.1466941833496
32.8716666666667,49.5285987854004
32.8783333333333,44.344425201416
32.885,39.6203994750977
32.8916666666667,35.367488861084
32.8983333333333,31.5842628479004
32.905,28.2573699951172
32.9116666666667,25.364875793457
32.9183333333333,22.8772163391113
32.925,20.7614898681641
32.9316666666667,18.9828872680664
32.9383333333333,17.5061225891113
32.945,16.2959098815918
32.9516666666667,15.3179168701172
32.9583333333333,14.5387649536133
32.965,13.9288902282715
32.9716666666667,13.4601593017578
32.9783333333333,13.1068229675293
32.985,12.8469467163086
32.9916666666667,12.6614570617676
32.9983333333333,12.5331878662109
33.005,12.4478340148926
33.0116666666667,12.3939514160156
33.0183333333333,12.362003326416
33.025,12.3443603515625
33.0316666666667,12.3343467712402
33.0383333333333,12.3291015625
33.045,12.3262405395508
33.0516666666667,12.3252868652344
33.0583333333333,12.3257637023926
33.065,12.3286247253418
33.0716666666667,12.3386383056641
33.0783333333333,12.359619140625
33.085,12.394905090332
33.0916666666667,12.4454498291016
33.0983333333333,12.5131607055664
33.105,12.5980377197266
33.1116666666667,12.6967430114746
33.1183333333333,12.8059387207031
33.125,12.9203796386719
33.1316666666667,13.0352973937988
33.1383333333333,13.145923614502
33.145,13.2479667663574
33.1516666666667,13.336181640625
33.1583333333333,13.4062767028809
33.165,13.455867767334
33.1716666666667,13.4835243225098
33.1783333333333,13.4902000427246
33.185,13.4782791137695
33.1916666666667,13.4506225585938
33.1983333333333,13.4119987487793
33.205,13.3676528930664
33.2116666666667,13.3228302001953
33.2183333333333,13.2818222045898
33.225,13.249397277832
33.2316666666667,13.2279396057129
33.2383333333333,13.218879699707
33.245,13.2236480712891
33.2516666666667,13.2412910461426
33.2583333333333,13.2699012756348
33.265,13.3061408996582
33.2716666666667,13.3466720581055
33.2783333333333,13.3881568908691
33.285,13.4263038635254
33.2916666666667,13.458251953125
33.2983333333333,13.481616973877
33.305,13.4949684143066
33.3116666666667,13.4973526000977
33.3183333333333,13.4906768798828
33.325,13.4763717651367
33.3316666666667,13.4553909301758
33.3383333333333,13.4315490722656
33.345,13.4091377258301
33.3516666666667,13.3929252624512
33.3583333333333,13.3852958679199
33.365,13.3886337280273
33.3716666666667,13.4048461914063
33.3783333333333,13.4367942810059
33.385,13.4825706481934
33.3916666666667,13.5421752929688
33.3983333333333,13.6137008666992
33.405,13.695240020752
33.4116666666667,13.7834548950195
33.4183333333333,13.8731002807617
33.425,13.9608383178711
33.4316666666667,14.0423774719238
33.4383333333333,14.1115188598633
33.445,14.1644477844238
33.4516666666667,14.1973495483398
33.4583333333333,14.2073631286621
33.465,14.1911506652832
33.4716666666667,14.1458511352539
33.4783333333333,14.0719413757324
33.485,13.9694213867188
33.4916666666667,13.8406753540039
33.4983333333333,13.6871337890625
33.505,13.5116577148438
33.5116666666667,13.3190155029297
33.5183333333333,13.1144523620605
33.525,12.9036903381348
33.5316666666667,12.6924514770508
33.5383333333333,12.4845504760742
33.545,12.2857093811035
33.5516666666667,12.1002197265625
33.5583333333333,11.9295120239258
33.565,11.7740631103516
33.5716666666667,11.6333961486816
33.5783333333333,11.5084648132324
33.585,11.3992691040039
33.5916666666667,11.3043785095215
33.5983333333333,11.2218856811523
33.605,11.1513137817383
33.6116666666667,11.0921859741211
33.6183333333333,11.0440254211426
33.625,11.0058784484863
33.6316666666667,10.9772682189941
33.6383333333333,10.9577178955078
33.645,10.9481811523438
33.6516666666667,10.9491348266602
33.6583333333333,10.9634399414063
33.665,10.9906196594238
33.6716666666667,11.0330581665039
33.6783333333333,11.0917091369629
33.685,11.1684799194336
33.6916666666667,11.2638473510742
33.6983333333333,11.3768577575684
33.705,11.5070343017578
33.7116666666667,11.6524696350098
33.7183333333333,11.8122100830078
33.725,11.9848251342773
33.7316666666667,12.1684074401855
33.7383333333333,12.359619140625
33.745,12.5551223754883
33.7516666666667,12.7525329589844
33.7583333333333,12.9499435424805
33.765,13.1449699401855
33.7716666666667,13.3347511291504
33.7783333333333,13.5173797607422
33.785,13.6904716491699
33.7916666666667,13.852596282959
33.7983333333333,14.0008926391602
33.805,14.1324996948242
33.8116666666667,14.246940612793
33.8183333333333,14.3423080444336
33.825,14.4186019897461
33.8316666666667,14.4753456115723
33.8383333333333,14.5125389099121
33.845,14.5292282104492
33.8516666666667,14.5258903503418
33.8583333333333,14.5015716552734
33.865,14.4562721252441
33.8716666666667,14.3904685974121
33.8783333333333,14.3051147460938
33.885,14.2006874084473
33.8916666666667,14.0781402587891
33.8983333333333,13.9403343200684
33.905,13.7882232666016
33.9116666666667,13.6237144470215
33.9183333333333,13.4482383728027
33.925,13.2641792297363
33.9316666666667,13.0753517150879
33.9383333333333,12.8841400146484
33.945,12.6934051513672
33.9516666666667,12.5055313110352
33.9583333333333,12.3214721679688
33.965,12.1431350708008
33.9716666666667,11.9729042053223
33.9783333333333,11.8131637573242
33.985,11.6653442382813
33.9916666666667,11.5313529968262
33.9983333333333,11.4130973815918
34.005,11.3096237182617
34.0116666666667,11.2204551696777
34.0183333333333,11.1451148986816
34.025,11.0821723937988
34.0316666666667,11.0306739807129
34.0383333333333,10.9896659851074
34.045,10.958194732666
34.0516666666667,10.9343528747559
34.0583333333333,10.9167098999023
34.065,10.9038352966309
34.0716666666667,10.892391204834
34.0783333333333,10.8819007873535
34.085,10.8699798583984
34.0916666666667,10.8556747436523
34.0983333333333,10.8380317687988
34.105,10.8165740966797
34.1116666666667,10.7908248901367
34.1183333333333,10.7603073120117
34.125,10.7235908508301
34.1316666666667,10.68115234375
34.1383333333333,10.6344223022461
34.145,10.5838775634766
34.1516666666667,10.5290412902832
34.1583333333333,10.4703903198242
34.165,10.4107856750488
34.1716666666667,10.3521347045898
34.1783333333333,10.2949142456055
34.185,10.2400779724121
34.1916666666667,10.190486907959
34.1983333333333,10.1475715637207
34.205,10.1137161254883
34.2116666666667,10.0879669189453
34.2183333333333,10.0717544555664
34.225,10.066032409668
34.2316666666667,10.0717544555664
34.2383333333333,10.0884437561035
34.245,10.1151466369629
34.2516666666667,10.1518630981445
34.2583333333333,10.1985931396484
34.265,10.2548599243164
34.2716666666667,10.3211402893066
34.2783333333333,10.3988647460938
34.285,10.4899406433105
34.2916666666667,10.5962753295898
34.2983333333333,10.7197761535645
34.305,10.861873626709
34.3116666666667,11.0259056091309
34.3183333333333,11.2128257751465
34.325,11.4254951477051
34.3316666666667,11.6658210754395
34.3383333333333,11.9361877441406
34.345,12.2370719909668
34.3516666666667,12.570858001709
34.3583333333333,12.9361152648926
34.365,13.3309364318848
34.3716666666667,13.7524604797363
34.3783333333333,14.1944885253906
34.385,14.6503448486328
34.3916666666667,15.1104927062988
34.3983333333333,15.5653953552246
34.405,16.0055160522461
34.4116666666667,16.4203643798828
34.4183333333333,16.8008804321289
34.425,17.1384811401367
34.4316666666667,17.4260139465332
34.4383333333333,17.6572799682617
34.445,17.8289413452148
34.4516666666667,17.9414749145508
34.4583333333333,17.9972648620605
34.465,18.0010795593262
34.4716666666667,17.9634094238281
34.4783333333333,17.8956985473633
34.485,17.8132057189941
34.4916666666667,17.733097076416
34.4983333333333,17.6734924316406
34.505,17.6544189453125
34.5116666666667,17.6968574523926
34.5183333333333,17.8232192993164
34.525,18.0568695068359
34.5316666666667,18.4230804443359
34.5383333333333,18.9476013183594
34.545,19.6571350097656
34.5516666666667,20.5802917480469
34.5583333333333,21.7490196228027
34.565,23.1966972351074
34.5716666666667,24.9600410461426
34.5783333333333,27.0776748657227
34.585,29.5920372009277
34.5916666666667,32.5484275817871
34.5983333333333,35.9902381896973
34.605,39.9594306945801
34.6116666666667,44.4912910461426
34.6183333333333,49.6106147766113
34.625,55.3297996520996
34.6316666666667,61.6450309753418
34.6383333333333,68.5300827026367
34.645,75.932502746582
34.6516666666667,83.7702751159668
34.6583333333333,91.9327735900879
34.665,100.282669067383
34.6716666666667,108.653545379639
34.6783333333333,116.856098175049
34.685,124.683380126953
34.6916666666667,131.921768188477
34.6983333333333,138.359069824219
34.705,143.795013427734
34.7116666666667,148.049831390381
34.7183333333333,150.977611541748
34.725,152.474880218506
34.7316666666667,152.488231658936
34.7383333333333,151.011943817139
34.745,148.092269897461
34.7516666666667,143.825054168701
34.7583333333333,138.35334777832
34.765,131.856441497803
34.7716666666667,124.540328979492
34.7783333333333,116.628170013428
34.785,108.352184295654
34.7916666666667,99.942684173584
34.7983333333333,91.6142463684082
34.805,83.55712890625
34.8116666666667,75.9382247924805
34.8183333333333,68.8934326171875
34.825,62.5286102294922
34.8316666666667,56.9148063659668
34.8383333333333,52.0925521850586
34.845,48.0756759643555
34.8516666666667,44.8551177978516
34.8583333333333,42.3994064331055
34.865,40.6589508056641
34.8716666666667,39.5689010620117
34.8783333333333,39.055347442627
34.885,39.0362739562988
34.8916666666667,39.4272804260254
34.8983333333333,40.137767791748
34.905,41.0780906677246
34.9116666666667,42.1590805053711
34.9183333333333,43.2953834533691
34.925,44.4049835205078
34.9316666666667,45.4134941101074
34.9383333333333,46.2546348571777
34.945,46.8730926513672
34.9516666666667,47.2235679626465
34.9583333333333,47.2745895385742
34.965,47.0085144042969
34.9716666666667,46.419620513916
34.9783333333333,45.5150604248047
34.985,44.3129539489746
34.9916666666667,42.8447723388672
34.9983333333333,41.1486625671387
35.005,39.2699241638184
35.0116666666667,37.2586250305176
35.0183333333333,35.1643562316895
35.025,33.0367088317871
35.0316666666667,30.9238433837891
35.0383333333333,28.8681983947754
35.045,26.9069671630859
35.0516666666667,25.0697135925293
35.0583333333333,23.3783721923828
35.065,21.8472480773926
35.0716666666667,20.484447479248
35.0783333333333,19.2885398864746
35.085,18.2552337646484
35.0916666666667,17.3735618591309
35.0983333333333,16.6301727294922
35.105,16.0093307495117
35.1116666666667,15.4924392700195
35.1183333333333,15.0604248046875
35.125,14.6946907043457
35.1316666666667,14.3780708312988
35.1383333333333,14.0972137451172
35.145,13.8387680053711
35.1516666666667,13.5927200317383
35.1583333333333,13.3519172668457
35.165,13.1120681762695
35.1716666666667,12.8722190856934
35.1783333333333,12.631893157959
35.185,12.3915672302246
35.1916666666667,12.1555328369141
35.1983333333333,11.9280815124512
35.205,11.7120742797852
35.2116666666667,11.5094184875488
35.2183333333333,11.3239288330078
35.225,11.1584663391113
35.2316666666667,11.0149383544922
35.2383333333333,10.8957290649414
35.245,10.8013153076172
35.2516666666667,10.7331275939941
35.2583333333333,10.6906890869141
35.265,10.6725692749023
35.2716666666667,10.6768608093262
35.2783333333333,10.7007026672363
35.285,10.7417106628418
35.2916666666667,10.7955932617188
35.2983333333333,10.859489440918
35.305,10.9291076660156
35.3116666666667,11.0020637512207
35.3183333333333,11.0750198364258
35.325,11.1441612243652
35.3316666666667,11.2056732177734
35.3383333333333,11.2571716308594
35.345,11.2972259521484
35.3516666666667,11.3248825073242
35.3583333333333,11.3377571105957
35.365,11.3353729248047
35.3716666666667,11.3191604614258
35.3783333333333,11.289119720459
35.385,11.2462043762207
35.3916666666667,11.1904144287109
35.3983333333333,11.1241340637207
35.405,11.052131652832
35.4116666666667,10.9772682189941
35.4183333333333,10.9033584594727
35.425,10.833740234375
35.4316666666667,10.7722282409668
35.4383333333333,10.7231140136719
35.445,10.688304901123
35.4516666666667,10.6730461120605
35.4583333333333,10.6801986694336
35.465,10.714054107666
35.4716666666667,10.7769966125488
35.4783333333333,10.869026184082
35.485,10.9925270080566
35.4916666666667,11.146068572998
35.4983333333333,11.3301277160645
35.505,11.542797088623
35.5116666666667,11.7840766906738
35.5183333333333,12.052059173584
35.525,12.3438835144043
35.5316666666667,12.657642364502
35.5383333333333,12.9890441894531
35.545,13.333797454834
35.5516666666667,13.6871337890625
35.5583333333333,14.045238494873
35.565,14.4062042236328
35.5716666666667,14.7662162780762
35.5783333333333,15.1219367980957
35.585,15.4705047607422
35.5916666666667,15.8100128173828
35.5983333333333,16.139030456543
35.605,16.4556503295898
35.6116666666667,16.7579650878906
35.6183333333333,17.0469284057617
35.625,17.3220634460449
35.6316666666667,17.585277557373
35.6383333333333,17.8356170654297
35.645,18.0749893188477
35.6516666666667,18.3038711547852
35.6583333333333,18.521785736084
35.665,18.7287330627441
35.6716666666667,18.925666809082
35.6783333333333,19.1135406494141
35.685,19.289493560791
35.6916666666667,19.4530487060547
35.6983333333333,19.6018218994141
35.705,19.7343826293945
35.7116666666667,19.8469161987305
35.7183333333333,19.9370384216309
35.725,20.0014114379883
35.7316666666667,20.0371742248535
35.7383333333333,20.0414657592773
35.745,20.0104713439941
35.7516666666667,19.9418067932129
35.7583333333333,19.8326110839844
35.765,19.681453704834
35.7716666666667,19.4897651672363
35.7783333333333,19.258975982666
35.785,18.9905166625977
35.7916666666667,18.6867713928223
35.7983333333333,18.3506011962891
35.805,17.9867744445801
35.8116666666667,17.5991058349609
35.8183333333333,17.1923637390137
35.825,16.7713165283203
35.8316666666667,16.3412094116211
35.8383333333333,15.9082412719727
35.845,15.4790878295898
35.8516666666667,15.0589942932129
35.8583333333333,14.653205871582
35.865,14.2664909362793
35.8716666666667,13.9031410217285
35.8783333333333,13.5669708251953
35.885,13.2598876953125
35.8916666666667,12.9842758178711
35.8983333333333,12.7425193786621
35.905,12.5365257263184
35.9116666666667,12.3653411865234
35.9183333333333,12.2280120849609
35.925,12.1235847473145
35.9316666666667,12.0491981506348
35.9383333333333,12.0034217834473
35.945,11.9833946228027
35.9516666666667,11.9872093200684
35.9583333333333,12.0110511779785
35.965,12.0530128479004
35.9716666666667,12.1111869812012
35.9783333333333,12.1822357177734
35.985,12.2623443603516
35.9916666666667,12.3491287231445
35.9983333333333,12.4411582946777
36.005,12.535572052002
36.0116666666667,12.6309394836426
36.0183333333333,12.7253532409668
36.025,12.8169059753418
36.0316666666667,12.9051208496094
36.0383333333333,12.9890441894531
36.045,13.0672454833984
36.0516666666667,13.1378173828125
36.0583333333333,13.1993293762207
36.065,13.2522583007813
36.0716666666667,13.2961273193359
36.0783333333333,13.3323669433594
36.085,13.3605003356934
36.0916666666667,13.3814811706543
36.0983333333333,13.3953094482422
36.105,13.4029388427734
36.1116666666667,13.4048461914063
36.1183333333333,13.4015083312988
36.125,13.3953094482422
36.1316666666667,13.3867263793945
36.1383333333333,13.3776664733887
36.145,13.369083404541
36.1516666666667,13.3628845214844
36.1583333333333,13.3614540100098
36.165,13.3652687072754
36.1716666666667,13.3757591247559
36.1783333333333,13.394832611084
36.185,13.4243965148926
36.1916666666667,13.4639739990234
36.1983333333333,13.514518737793
36.205,13.5765075683594
36.2116666666667,13.6494636535645
36.2183333333333,13.7338638305664
36.225,13.8282775878906
36.2316666666667,13.9331817626953
36.2383333333333,14.0461921691895
36.245,14.167308807373
36.2516666666667,14.2955780029297
36.2583333333333,14.4271850585938
36.265,14.559268951416
36.2716666666667,14.6894454956055
36.2783333333333,14.8143768310547
36.285,14.9316787719727
36.2916666666667,15.0384902954102
36.2983333333333,15.1348114013672
36.305,15.2192115783691
36.3116666666667,15.2921676635742
36.3183333333333,15.3532028198242
36.325,15.4023170471191
36.3316666666667,15.4390335083008
36.3383333333333,15.4628753662109
36.345,15.4738426208496
36.3516666666667,15.4719352722168
36.3583333333333,15.4566764831543
36.365,15.4304504394531
36.3716666666667,15.3937339782715
36.3783333333333,15.3474807739258
36.385,15.294075012207
36.3916666666667,15.2339935302734
36.3983333333333,15.1677131652832
36.405,15.0957107543945
36.4116666666667,15.0189399719238
36.4183333333333,14.9393081665039
36.425,14.8568153381348
36.4316666666667,14.7719383239746
36.4383333333333,14.6856307983398
36.445,14.5983695983887
36.4516666666667,14.5092010498047
36.4583333333333,14.4176483154297
36.465,14.3241882324219
36.4716666666667,14.228343963623
36.4783333333333,14.1310691833496
36.485,14.0314102172852
36.4916666666667,13.9298439025879
36.4983333333333,13.8263702392578
36.505,13.7200355529785
36.5116666666667,13.6098861694336
36.5183333333333,13.4930610656738
36.525,13.3700370788574
36.5316666666667,13.2403373718262
36.5383333333333,13.1030082702637
36.545,12.9570960998535
36.5516666666667,12.8026008605957
36.5583333333333,12.6409530639648
36.565,12.4726295471191
36.5716666666667,12.2966766357422
36.5783333333333,12.1145248413086
36.585,11.927604675293
36.5916666666667,11.7373466491699
36.5983333333333,11.5451812744141
36.605,11.3515853881836
36.6116666666667,11.1584663391113
36.6183333333333,10.9686851501465
36.625,10.7827186584473
36.6316666666667,10.6015205383301
36.6383333333333,10.4250907897949
36.645,10.2553367614746
36.6516666666667,10.0932121276855
36.6583333333333,9.93919372558594
36.665,9.79375839233398
36.6716666666667,9.6583366394043
36.6783333333333,9.53435897827148
36.685,9.42277908325195
36.6916666666667,9.32168960571289
36.6983333333333,9.23252105712891
36.705,9.1547966003418
36.7116666666667,9.08803939819336
36.7183333333333,9.033203125
36.725,8.98981094360352
36.7316666666667,8.95833969116211
36.7383333333333,8.93831253051758
36.745,8.92925262451172
36.7516666666667,8.93115997314453
36.7583333333333,8.94403457641602
36.765,8.96739959716797
36.7716666666667,9.00363922119141
36.7783333333333,9.05323028564453
36.785,9.11712646484375
36.7916666666667,9.19389724731445
36.7983333333333,9.28354263305664
36.805,9.38606262207031
36.8116666666667,9.50145721435547
36.8183333333333,9.63115692138672
36.825,9.77563858032227
36.8316666666667,9.93585586547852
36.8383333333333,10.1127624511719
36.845,10.3068351745605
36.8516666666667,10.5190277099609
36.8583333333333,10.749340057373
36.865,10.9992027282715
36.8716666666667,11.2700462341309
36.8783333333333,11.5633010864258
36.885,11.8794441223145
36.8916666666667,12.2179985046387
36.8983333333333,12.580394744873
36.905,12.9647254943848
36.9116666666667,13.3719444274902
36.9183333333333,13.801097869873
36.925,14.2507553100586
36.9316666666667,14.7194862365723
36.9383333333333,15.204906463623
36.945,15.7041549682617
36.9516666666667,16.2158012390137
36.9583333333333,16.7384147644043
36.965,17.2696113586426
36.9716666666667,17.8065299987793
36.9783333333333,18.348217010498
36.985,18.895149230957
36.9916666666667,19.4458961486816
36.9983333333333,19.9995040893555
37.005,20.5569267272949
37.0116666666667,21.1210250854492
37.0183333333333,21.6965675354004
37.025,22.2864151000977
37.0316666666667,22.8948593139648
37.0383333333333,23.5309600830078
37.045,24.2042541503906
37.0516666666667,24.9242782592773
37.0583333333333,25.7015228271484
37.065,26.5488624572754
37.0716666666667,27.4782180786133
37.0783333333333,28.5015106201172
37.085,29.630184173584
37.0916666666667,30.8771133422852
37.0983333333333,32.2551727294922
37.105,33.7772369384766
37.1116666666667,35.4561805725098
37.1183333333333,37.3058319091797
37.125,39.3385887145996
37.1316666666667,41.567325592041
37.1383333333333,44.0044403076172
37.145,46.6623306274414
37.1516666666667,49.5543479919434
37.1583333333333,52.6928901672363
37.165,56.0917854309082
37.1716666666667,59.7658157348633
37.1783333333333,63.7283325195313
37.185,67.9926872253418
37.1916666666667,72.5722312927246
37.1983333333333,77.484130859375
37.205,82.7455520629883
37.2116666666667,88.3679389953613
37.2183333333333,94.3622589111328
37.225,100.7399559021
37.2316666666667,107.512950897217
37.2383333333333,114.686489105225
37.245,122.262477874756
37.2516666666667,130.23853302002
37.2583333333333,138.610363006592
37.265,147.36795425415
37.2716666666667,156.495571136475
37.2783333333333,165.966510772705
37.285,175.747394561768
37.2916666666667,185.794830322266
37.2983333333333,196.059703826904
37.305,206.482410430908
37.3116666666667,216.991901397705
37.3183333333333,227.5071144104
37.325,237.939357757568
37.3316666666667,248.191356658936
37.3383333333333,258.156299591064
37.345,267.723560333252
37.3516666666667,276.778697967529
37.3583333333333,285.205364227295
37.365,292.889595031738
37.3716666666667,299.720287322998
37.3783333333333,305.593490600586
37.385,310.410976409912
37.3916666666667,314.082145690918
37.3983333333333,316.5283203125
37.405,317.684650421143
37.4116666666667,317.500114440918
37.4183333333333,315.943241119385
37.425,313.002109527588
37.4316666666667,308.688163757324
37.4383333333333,303.035736083984
37.445,296.100616455078
37.4516666666667,287.962436676025
37.4583333333333,278.721332550049
37.465,268.494606018066
37.4716666666667,257.413864135742
37.4783333333333,245.616912841797
37.485,233.250617980957
37.4916666666667,220.464706420898
37.4983333333333,207.408905029297
37.505,194.227695465088
37.5116666666667,181.056499481201
37.5183333333333,168.02453994751
37.525,155.251026153564
37.5316666666667,142.845630645752
37.5383333333333,130.900859832764
37.545,119.49348449707
37.5516666666667,108.68501663208
37.5583333333333,98.5255241394043
37.565,89.047908782959
37.5716666666667,80.2731513977051
37.5783333333333,72.2055435180664
37.585,64.8384094238281
37.5916666666667,58.159351348877
37.5983333333333,52.1459579467773
37.605,46.7691421508789
37.6116666666667,41.9936180114746
37.6183333333333,37.7793312072754
37.625,34.0852737426758
37.6316666666667,30.8704376220703
37.6383333333333,28.0923843383789
37.645,25.7086753845215
37.6516666666667,23.6778259277344
37.6583333333333,21.9616889953613
37.665,20.5254554748535
37.6716666666667,19.3357467651367
37.6783333333333,18.3615684509277
37.685,17.5747871398926
37.6916666666667,16.9515609741211
37.6983333333333,16.4699554443359
37.705,16.110897064209
37.7116666666667,15.8600807189941
37.7183333333333,15.7036781311035
37.725,15.632152557373
37.7316666666667,15.6354904174805
37.7383333333333,15.7079696655273
37.745,15.8443450927734
37.7516666666667,16.0417556762695
37.7583333333333,16.2997245788574
37.765,16.6177749633789
37.7716666666667,16.9978141784668
37.7783333333333,17.4422264099121
37.785,17.9572105407715
37.7916666666667,18.547534942627
37.7983333333333,19.2184448242188
37.805,19.9766159057617
37.8116666666667,20.8272933959961
37.8183333333333,21.7761993408203
37.825,22.8261947631836
37.8316666666667,23.9825248718262
37.8383333333333,25.2485275268555
37.845,26.6265869140625
37.8516666666667,28.1162261962891
37.8583333333333,29.716968536377
37.865,31.4264297485352
37.8716666666667,33.238410949707
37.8783333333333,35.1433753967285
37.885,37.1317863464355
37.8916666666667,39.189338684082
37.8983333333333,41.3012504577637
37.905,43.4479713439941
37.9116666666667,45.6099510192871
37.9183333333333,47.762393951416
37.925,49.8809814453125
37.9316666666667,51.94091796875
37.9383333333333,53.9159774780273
37.945,55.7780265808105
37.9516666666667,57.5013160705566
37.9583333333333,59.0596199035645
37.965,60.4290962219238
37.9716666666667,61.5878105163574
37.9783333333333,62.5171661376953
37.985,63.2004737854004
37.9916666666667,63.6258125305176
37.9983333333333,63.7836456298828
38.005,63.6706352233887
38.0116666666667,63.2858276367188
38.0183333333333,62.6339912414551
38.025,61.7237091064453
38.0316666666667,60.5688095092773
38.0383333333333,59.1845512390137
38.045,57.5904846191406
38.0516666666667,55.8090209960938
38.0583333333333,53.8654327392578
38.065,51.7849922180176
38.0716666666667,49.5939254760742
38.0783333333333,47.3213195800781
38.085,44.9957847595215
38.0916666666667,42.6425933837891
38.0983333333333,40.2870178222656
38.105,37.9500389099121
38.1116666666667,35.6540679931641
38.1183333333333,33.416748046875
38.125,31.2561988830566
38.1316666666667,29.1857719421387
38.1383333333333,27.2173881530762
38.145,25.3605842590332
38.1516666666667,23.6210823059082
38.1583333333333,22.0036506652832
38.165,20.5092430114746
38.1716666666667,19.1364288330078
38.1783333333333,17.8847312927246
38.185,16.7508125305176
38.1916666666667,15.7313346862793
38.1983333333333,14.8200988769531
38.205,14.0118598937988
38.2116666666667,13.2989883422852
38.2183333333333,12.6748085021973
38.225,12.1335983276367
38.2316666666667,11.6691589355469
38.2383333333333,11.2738609313965
38.245,10.9415054321289
38.2516666666667,10.6673240661621
38.2583333333333,10.4455947875977
38.265,10.2691650390625
38.2716666666667,10.1313591003418
38.2783333333333,10.0293159484863
38.285,9.95922088623047
38.2916666666667,9.91630554199219
38.2983333333333,9.89723205566406
38.305,9.90104675292969
38.3116666666667,9.92488861083984
38.3183333333333,9.96494293212891
38.325,10.0173950195313
38.3316666666667,10.0798606872559
38.3383333333333,10.1504325866699
38.345,10.228157043457
38.3516666666667,10.3106498718262
38.3583333333333,10.3960037231445
38.365,10.4827880859375
38.3716666666667,10.5686187744141
38.3783333333333,10.650634765625
38.385,10.7254981994629
38.3916666666667,10.7913017272949
38.3983333333333,10.8480453491211
38.405,10.8942985534668
38.4116666666667,10.927677154541
38.4183333333333,10.9457969665527
38.425,10.9500885009766
38.4316666666667,10.9386444091797
38.4383333333333,10.9109878540039
38.445,10.8671188354492
38.4516666666667,10.8070373535156
38.4583333333333,10.7326507568359
38.465,10.6415748596191
38.4716666666667,10.5347633361816
38.4783333333333,10.4150772094727
38.485,10.282039642334
38.4916666666667,10.1380348205566
38.4983333333333,9.98449325561523
38.505,9.82427597045898
38.5116666666667,9.6592903137207
38.5183333333333,9.48953628540039
38.525,9.31549072265625
38.5316666666667,9.1400146484375
38.5383333333333,8.96453857421875
38.545,8.79096984863281
38.5516666666667,8.61930847167969
38.5583333333333,8.45050811767578
38.565,8.28695297241211
38.5716666666667,8.12959671020508
38.5783333333333,7.97796249389648
38.585,7.83252716064453
38.5916666666667,7.69472122192383
38.5983333333333,7.56359100341797
38.605,7.44009017944336
38.6116666666667,7.3237419128418
38.6183333333333,7.21502304077148
38.625,7.11297988891602
38.6316666666667,7.0185661315918
38.6383333333333,6.93130493164063
38.645,6.84976577758789
38.6516666666667,6.77394866943359
38.6583333333333,6.70385360717773
38.665,6.63948059082031
38.6716666666667,6.58035278320313
38.6783333333333,6.52790069580078
38.685,6.48164749145508
38.6916666666667,6.44016265869141
38.6983333333333,6.40344619750977
38.705,6.37054443359375
38.7116666666667,6.34193420410156
38.7183333333333,6.317138671875
38.725,6.29568099975586
38.7316666666667,6.27803802490234
38.7383333333333,6.26468658447266
38.745,6.25514984130859
38.7516666666667,6.25038146972656
38.7583333333333,6.24895095825195
38.765,6.25133514404297
38.7716666666667,6.2565803527832
38.7783333333333,6.26468658447266
38.785,6.27565383911133
38.7916666666667,6.28900527954102
38.7983333333333,6.30617141723633
38.805,6.32619857788086
38.8116666666667,6.34908676147461
38.8183333333333,6.37483596801758
38.825,6.40249252319336
38.8316666666667,6.43110275268555
38.8383333333333,6.46114349365234
38.845,6.49404525756836
38.8516666666667,6.5312385559082
38.8583333333333,6.57129287719727
38.865,6.61373138427734
38.8716666666667,6.65855407714844
38.8783333333333,6.70528411865234
38.885,6.75344467163086
38.8916666666667,6.80208206176758
38.8983333333333,6.85262680053711
38.905,6.90603256225586
38.9116666666667,6.96372985839844
38.9183333333333,7.02476501464844
38.925,7.08723068237305
38.9316666666667,7.15208053588867
38.9383333333333,7.21883773803711
38.945,7.28654861450195
38.9516666666667,7.35616683959961
38.9583333333333,7.42769241333008
38.965,7.50255584716797
38.9716666666667,7.58075714111328
38.9783333333333,7.66229629516602
38.985,7.74669647216797
38.9916666666667,7.83300399780273
38.9983333333333,7.92121887207031
39.005,8.0113410949707
39.0116666666667,8.10480117797852
39.0183333333333,8.20112228393555
39.025,8.30078125
39.0316666666667,8.40520858764648
39.0383333333333,8.5148811340332
39.045,8.63027572631836
39.0516666666667,8.75043869018555
39.0583333333333,8.87632369995117
39.065,9.00936126708984
39.0716666666667,9.15050506591797
39.0783333333333,9.30070877075195
39.085,9.4609260559082
39.0916666666667,9.63115692138672
39.0983333333333,9.81283187866211
39.105,10.0045204162598
39.1116666666667,10.2066993713379
39.1183333333333,10.4203224182129
39.125,10.6463432312012
39.1316666666667,10.8871459960938
39.1383333333333,11.1427307128906
39.145,11.4145278930664
39.1516666666667,11.7025375366211
39.1583333333333,12.0067596435547
39.165,12.3276710510254
39.1716666666667,12.6662254333496
39.1783333333333,13.0228996276855
39.185,13.397216796875
39.1916666666667,13.7906074523926
39.1983333333333,14.2035484313965
39.205,14.6374702453613
39.2116666666667,15.0904655456543
39.2183333333333,15.56396484375
39.225,16.0589218139648
39.2316666666667,16.575813293457
39.2383333333333,17.1136856079102
39.245,17.6711082458496
39.2516666666667,18.2461738586426
39.2583333333333,18.8369750976563
39.265,19.4416046142578
39.2716666666667,20.0567245483398
39.2783333333333,20.6794738769531
39.285,21.306037902832
39.2916666666667,21.9326019287109
39.2983333333333,22.5558280944824
39.305,23.1690406799316
39.3116666666667,23.766040802002
39.3183333333333,24.3420600891113
39.325,24.8908996582031
39.3316666666667,25.4073143005371
39.3383333333333,25.8841514587402
39.345,26.3147354125977
39.3516666666667,26.6938209533691
39.3583333333333,27.0147323608398
39.365,27.2717475891113
39.3716666666667,27.4620056152344
39.3783333333333,27.5816917419434
39.385,27.6288986206055
39.3916666666667,27.6017189025879
39.3983333333333,27.4996757507324
39.405,27.3237228393555
39.4116666666667,27.0733833312988
39.4183333333333,26.7500877380371
39.425,26.3576507568359
39.4316666666667,25.8989334106445
39.4383333333333,25.3801345825195
39.445,24.8045921325684
39.4516666666667,24.1775512695313
39.4583333333333,23.505687713623
39.465,22.7952003479004
39.4716666666667,22.0527648925781
39.4783333333333,21.2831497192383
39.485,20.4944610595703
39.4916666666667,19.6928977966309
39.4983333333333,18.8841819763184
39.505,18.0754661560059
39.5116666666667,17.27294921875
39.5183333333333,16.481876373291
39.525,15.7060623168945
39.5316666666667,14.9493217468262
39.5383333333333,14.2159461975098
39.545,13.5097503662109
39.5516666666667,12.8340721130371
39.5583333333333,12.1889114379883
39.565,11.5785598754883
39.5716666666667,11.0044479370117
39.5783333333333,10.467529296875
39.585,9.96637344360352
39.5916666666667,9.50002670288086
39.5983333333333,9.06896591186523
39.605,8.67319107055664
39.6116666666667,8.31079483032227
39.6183333333333,7.97939300537109
39.625,7.67946243286133
39.6316666666667,7.40957260131836
39.6383333333333,7.16638565063477
39.645,6.94894790649414
39.6516666666667,6.75487518310547
39.6583333333333,6.58178329467773
39.665,6.42824172973633
39.6716666666667,6.29234313964844
39.6783333333333,6.17313385009766
39.685,6.06966018676758
39.6916666666667,5.9809684753418
39.6983333333333,5.9056282043457
39.705,5.84125518798828
39.7116666666667,5.78641891479492
39.7183333333333,5.73968887329102
39.725,5.69963455200195
39.7316666666667,5.66530227661133
39.7383333333333,5.63573837280273
39.745,5.61141967773438
39.7516666666667,5.58996200561523
39.7583333333333,5.57136535644531
39.765,5.55562973022461
39.7716666666667,5.54227828979492
39.7783333333333,5.53083419799805
39.785,5.52177429199219
39.7916666666667,5.51557540893555
39.7983333333333,5.51033020019531
39.805,5.50651550292969
39.8116666666667,5.50460815429688
39.8183333333333,5.50222396850586
39.825,5.49983978271484
39.8316666666667,5.49697875976563
39.8383333333333,5.49554824829102
39.845,5.49650192260742
39.8516666666667,5.49888610839844
39.8583333333333,5.50222396850586
39.865,5.5079460144043
39.8716666666667,5.51652908325195
39.8783333333333,5.52654266357422
39.885,5.53798675537109
39.8916666666667,5.55038452148438
39.8983333333333,5.56564331054688
39.905,5.58376312255859
39.9116666666667,5.60379028320313
39.9183333333333,5.62429428100586
39.925,5.64718246459961
39.9316666666667,5.67388534545898
39.9383333333333,5.70392608642578
39.945,5.7368278503418
39.9516666666667,5.77354431152344
39.9583333333333,5.81550598144531
39.965,5.86128234863281
39.9716666666667,5.90991973876953
39.9783333333333,5.95998764038086
39.985,6.0114860534668
39.9916666666667,6.06536865234375
39.9983333333333,6.12211227416992
40.005,6.18076324462891
40.0116666666667,6.24179840087891
40.0183333333333,6.30617141723633
40.025,6.37340545654297
40.0316666666667,6.44350051879883
40.0383333333333,6.5155029296875
40.045,6.58798217773438
40.0516666666667,6.66046142578125
40.0583333333333,6.73341751098633
40.065,6.8058967590332
40.0716666666667,6.87742233276367
40.0783333333333,6.94847106933594
40.085,7.01904296875
40.0916666666667,7.08961486816406
40.0983333333333,7.15827941894531
40.105,7.22646713256836
40.1116666666667,7.29274749755859
40.1183333333333,7.35712051391602
40.125,7.41958618164063
40.1316666666667,7.48014450073242
40.1383333333333,7.53927230834961
40.145,7.59792327880859
40.1516666666667,7.65562057495117
40.1583333333333,7.71236419677734
40.165,7.76863098144531
40.1716666666667,7.82537460327148
40.1783333333333,7.88259506225586
40.185,7.94076919555664
40.1916666666667,8.00132751464844
40.1983333333333,8.06522369384766
40.205,8.1329345703125
40.2116666666667,8.20684432983398
40.2183333333333,8.28886032104492
40.225,8.38088989257813
40.2316666666667,8.4843635559082
40.2383333333333,8.59928131103516
40.245,8.72802734375
40.2516666666667,8.87250900268555
40.2583333333333,9.0327262878418
40.265,9.20963287353516
40.2716666666667,9.40608978271484
40.2783333333333,9.62543487548828
40.285,9.87005233764648
40.2916666666667,10.1404190063477
40.2983333333333,10.439395904541
40.305,10.7698440551758
40.3116666666667,11.134147644043
40.3183333333333,11.5327835083008
40.325,11.9671821594238
40.3316666666667,12.4368667602539
40.3383333333333,12.9423141479492
40.345,13.4835243225098
40.3516666666667,14.0600204467773
40.3583333333333,14.6713256835938
40.365,15.3160095214844
40.3716666666667,15.993595123291
40.3783333333333,16.7031288146973
40.385,17.4403190612793
40.3916666666667,18.2008743286133
40.3983333333333,18.98193359375
40.405,19.777774810791
40.4116666666667,20.5836296081543
40.4183333333333,21.3932991027832
40.425,22.2020149230957
40.4316666666667,23.0016708374023
40.4383333333333,23.7860679626465
40.445,24.5485305786133
40.4516666666667,25.2819061279297
40.4583333333333,25.9790420532227
40.465,26.6323089599609
40.4716666666667,27.2359848022461
40.4783333333333,27.7838706970215
40.485,28.2702445983887
40.4916666666667,28.6884307861328
40.4983333333333,29.0355682373047
40.505,29.3087959289551
40.5116666666667,29.5062065124512
40.5183333333333,29.6263694763184
40.525,29.6673774719238
40.5316666666667,29.630184173584
40.5383333333333,29.5157432556152
40.545,29.3259620666504
40.5516666666667,29.0627479553223
40.5583333333333,28.7313461303711
40.565,28.3379554748535
40.5716666666667,27.8868675231934
40.5783333333333,27.3852348327637
40.585,26.8387794494629
40.5916666666667,26.2556076049805
40.5983333333333,25.641918182373
40.605,25.0039100646973
40.6116666666667,24.3501663208008
40.6183333333333,23.6878395080566
40.625,23.0236053466797
40.6316666666667,22.3636627197266
40.6383333333333,21.7146873474121
40.645,21.0833549499512
40.6516666666667,20.472526550293
40.6583333333333,19.8869705200195
40.665,19.3290710449219
40.6716666666667,18.8016891479492
40.6783333333333,18.305778503418
40.685,17.8432464599609
40.6916666666667,17.4155235290527
40.6983333333333,17.0230865478516
40.705,16.6640281677246
40.7116666666667,16.3373947143555
40.7183333333333,16.0427093505859
40.725,15.7780647277832
40.7316666666667,15.5410766601563
40.7383333333333,15.3303146362305
40.745,15.1433944702148
40.7516666666667,14.9774551391602
40.7583333333333,14.8296356201172
40.765,14.6970748901367
40.7716666666667,14.5773887634277
40.7783333333333,14.4667625427246
40.785,14.3642425537109
40.7916666666667,14.2679214477539
40.7983333333333,14.1758918762207
40.805,14.0852928161621
40.8116666666667,13.9927864074707
40.8183333333333,13.8974189758301
40.825,13.7968063354492
40.8316666666667,13.6904716491699
40.8383333333333,13.5774612426758
40.845,13.4587287902832
40.8516666666667,13.3342742919922
40.8583333333333,13.2040977478027
40.865,13.0677223205566
40.8716666666667,12.9265785217285
40.8783333333333,12.7792358398438
40.885,12.6256942749023
40.8916666666667,12.4664306640625
40.8983333333333,12.3028755187988
40.905,12.1350288391113
40.9116666666667,11.962890625
40.9183333333333,11.7893218994141
40.925,11.6152763366699
40.9316666666667,11.441707611084
40.9383333333333,11.2705230712891
40.945,11.1026763916016
40.9516666666667,10.9386444091797
40.9583333333333,10.7779502868652
40.965,10.6196403503418
40.9716666666667,10.465145111084
40.9783333333333,10.3139877319336
40.985,10.1675987243652
40.9916666666667,10.0259780883789
40.9983333333333,9.89055633544922
41.005,9.76037979125977
41.0116666666667,9.63592529296875
41.0183333333333,9.51528549194336
41.025,9.3989372253418
41.0316666666667,9.28688049316406
41.0383333333333,9.18006896972656
41.045,9.07802581787109
41.0516666666667,8.98027420043945
41.0583333333333,8.88776779174805
41.065,8.80050659179688
41.0716666666667,8.71706008911133
41.0783333333333,8.636474609375
41.085,8.55875015258789
41.0916666666667,8.4843635559082
41.0983333333333,8.41331481933594
41.105,8.34417343139648
41.1116666666667,8.27741622924805
41.1183333333333,8.21304321289063
41.125,8.15105438232422
41.1316666666667,8.09049606323242
41.1383333333333,8.03232192993164
41.145,7.97796249389648
41.1516666666667,7.92598724365234
41.1583333333333,7.87544250488281
41.165,7.82680511474609
41.1716666666667,7.78055191040039
41.1783333333333,7.7366828918457
41.185,7.69472122192383
41.1916666666667,7.65371322631836
41.1983333333333,7.61556625366211
41.205,7.58075714111328
41.2116666666667,7.54928588867188
41.2183333333333,7.52067565917969
41.225,7.49492645263672
41.2316666666667,7.47299194335938
41.2383333333333,7.45487213134766
41.245,7.44009017944336
41.2516666666667,7.42912292480469
41.2583333333333,7.42149353027344
41.265,7.41863250732422
41.2716666666667,7.42149353027344
41.2783333333333,7.42959976196289
41.285,7.44295120239258
41.2916666666667,7.4620246887207
41.2983333333333,7.48777389526367
41.305,7.52162933349609
41.3116666666667,7.56263732910156
41.3183333333333,7.61175155639648
41.325,7.66992568969727
41.3316666666667,7.73811340332031
41.3383333333333,7.81726837158203
41.345,7.90596008300781
41.3516666666667,8.00371170043945
41.3583333333333,8.11195373535156
41.365,8.23020935058594
41.3716666666667,8.35895538330078
41.3783333333333,8.4991455078125
41.385,8.65030288696289
41.3916666666667,8.81290435791016
41.3983333333333,8.98551940917969
41.405,9.16814804077148
41.4116666666667,9.35792922973633
41.4183333333333,9.55581665039063
41.425,9.75942611694336
41.4316666666667,9.96923446655273
41.4383333333333,10.1823806762695
41.445,10.3988647460938
41.4516666666667,10.6163024902344
41.4583333333333,10.8323097229004
41.465,11.044979095459
41.4716666666667,11.2524032592773
41.4783333333333,11.4541053771973
41.485,11.6472244262695
41.4916666666667,11.8303298950195
41.4983333333333,12.0015144348145
41.505,12.1588706970215
41.5116666666667,12.300968170166
41.5183333333333,12.425422668457
41.525,12.5312805175781
41.5316666666667,12.6171112060547
41.5383333333333,12.6824378967285
41.545,12.7263069152832
41.5516666666667,12.7472877502441
41.5583333333333,12.7458572387695
41.565,12.721061706543
41.5716666666667,12.6733779907227
41.5783333333333,12.6042366027832
41.585,12.5141143798828
41.5916666666667,12.4039649963379
41.5983333333333,12.2742652893066
41.605,12.1269226074219
41.6116666666667,11.962890625
41.6183333333333,11.7835998535156
41.625,11.5909576416016
41.6316666666667,11.3873481750488
41.6383333333333,11.1756324768066
41.645,10.9567642211914
41.6516666666667,10.7331275939941
41.6583333333333,10.5061531066895
41.665,10.277271270752
41.6716666666667,10.0479125976563
41.6783333333333,9.81855392456055
41.685,9.59205627441406
41.6916666666667,9.36985015869141
41.6983333333333,9.15384292602539
41.705,8.94403457641602
41.7116666666667,8.7428092956543
41.7183333333333,8.55064392089844
41.725,8.36801528930664
41.7316666666667,8.1944465637207
41.7383333333333,8.02946090698242
41.745,7.87448883056641
41.7516666666667,7.72905349731445
41.7583333333333,7.59315490722656
41.765,7.46536254882813
41.7716666666667,7.34567642211914
41.7783333333333,7.23457336425781
41.785,7.13109970092773
41.7916666666667,7.03573226928711
41.7983333333333,6.94751739501953
41.805,6.86740875244141
41.8116666666667,6.79397583007813
41.8183333333333,6.72626495361328
41.825,6.66236877441406
41.8316666666667,6.60181045532227
41.8383333333333,6.54363632202148
41.845,6.48880004882813
41.8516666666667,6.43587112426758
41.8583333333333,6.38723373413086
41.865,6.34241104125977
41.8716666666667,6.30092620849609
41.8783333333333,6.26182556152344
41.885,6.22367858886719
41.8916666666667,6.18743896484375
41.8983333333333,6.15119934082031
41.905,6.11639022827148
41.9116666666667,6.08301162719727
41.9183333333333,6.05201721191406
41.925,6.02436065673828
41.9316666666667,5.99908828735352
41.9383333333333,5.97667694091797
41.945,5.95617294311523
41.9516666666667,5.93852996826172
41.9583333333333,5.92279434204102
41.965,5.90848922729492
41.9716666666667,5.89704513549805
41.9783333333333,5.88893890380859
41.985,5.88321685791016
41.9916666666667,5.87987899780273
41.9983333333333,5.87797164916992
42.005,5.87987899780273
42.0116666666667,5.88464736938477
42.0183333333333,5.89084625244141
42.025,5.89847564697266
42.0316666666667,5.90896606445313
42.0383333333333,5.92279434204102
42.045,5.93709945678711
42.0516666666667,5.95331192016602
42.0583333333333,5.97190856933594
42.065,5.99288940429688
42.0716666666667,6.01530075073242
42.0783333333333,6.03771209716797
42.085,6.06155395507813
42.0916666666667,6.08634948730469
42.0983333333333,6.11162185668945
42.105,6.13594055175781
42.1116666666667,6.16025924682617
42.1183333333333,6.18505477905273
42.125,6.2098503112793
42.1316666666667,6.23369216918945
42.1383333333333,6.256103515625
42.145,6.27851486206055
42.1516666666667,6.30044937133789
42.1583333333333,6.31999969482422
42.165,6.33716583251953
42.1716666666667,6.35290145874023
42.1783333333333,6.36768341064453
42.185,6.37960433959961
42.1916666666667,6.38866424560547
42.1983333333333,6.39533996582031
42.205,6.40010833740234
42.2116666666667,6.40249252319336
42.2183333333333,6.40106201171875
42.225,6.39629364013672
42.2316666666667,6.38866424560547
42.2383333333333,6.3786506652832
42.245,6.36577606201172
42.2516666666667,6.34908676147461
42.2583333333333,6.32953643798828
42.265,6.30760192871094
42.2716666666667,6.28328323364258
42.2783333333333,6.256103515625
42.285,6.22653961181641
42.2916666666667,6.195068359375
42.2983333333333,6.16168975830078
42.305,6.12640380859375
42.3116666666667,6.09064102172852
42.3183333333333,6.05344772338867
42.325,6.01482391357422
42.3316666666667,5.97476959228516
42.3383333333333,5.93328475952148
42.345,5.8903694152832
42.3516666666667,5.84602355957031
42.3583333333333,5.80120086669922
42.365,5.75494766235352
42.3716666666667,5.70774078369141
42.3783333333333,5.6610107421875
42.385,5.6147575378418
42.3916666666667,5.5689811706543
42.3983333333333,5.5241584777832
42.405,5.48028945922852
42.4116666666667,5.43785095214844
42.4183333333333,5.39684295654297
42.425,5.35678863525391
42.4316666666667,5.31721115112305
42.4383333333333,5.2790641784668
42.445,5.24282455444336
42.4516666666667,5.20944595336914
42.4583333333333,5.17797470092773
42.465,5.14793395996094
42.4716666666667,5.11980056762695
42.4783333333333,5.09452819824219
42.485,5.07068634033203
42.4916666666667,5.04922866821289
42.4983333333333,5.03063201904297
42.505,5.01489639282227
42.5116666666667,5.00154495239258
42.5183333333333,4.9901008605957
42.525,4.98104095458984
42.5316666666667,4.9748420715332
42.5383333333333,4.97007369995117
42.545,4.96768951416016
42.5516666666667,4.96768951416016
42.5583333333333,4.96959686279297
42.565,4.97293472290039
42.5716666666667,4.97817993164063
42.5783333333333,4.98485565185547
42.585,4.99296188354492
42.5916666666667,5.00345230102539
42.5983333333333,5.01489639282227
42.605,5.02777099609375
42.6116666666667,5.04159927368164
42.6183333333333,5.05685806274414
42.625,5.07164001464844
42.6316666666667,5.08546829223633
42.6383333333333,5.09834289550781
42.645,5.11074066162109
42.6516666666667,5.12313842773438
42.6583333333333,5.13458251953125
42.665,5.14507293701172
42.6716666666667,5.15604019165039
42.6783333333333,5.16700744628906
42.685,5.17797470092773
42.6916666666667,5.18655776977539
42.6983333333333,5.19371032714844
42.705,5.19990921020508
42.7116666666667,5.2037239074707
42.7183333333333,5.20515441894531
42.725,5.20563125610352
42.7316666666667,5.20467758178711
42.7383333333333,5.2027702331543
42.745,5.19990921020508
42.7516666666667,5.19561767578125
42.7583333333333,5.18941879272461
42.765,5.18226623535156
42.7716666666667,5.17368316650391
42.7783333333333,5.16414642333984
42.785,5.15460968017578
42.7916666666667,5.14459609985352
42.7983333333333,5.13553619384766
42.805,5.12599945068359
42.8116666666667,5.11741638183594
42.8183333333333,5.10931015014648
42.825,5.10311126708984
42.8316666666667,5.09834289550781
42.8383333333333,5.09405136108398
42.845,5.08975982666016
42.8516666666667,5.08546829223633
42.8583333333333,5.0816535949707
42.865,5.08022308349609
42.8716666666667,5.0811767578125
42.8783333333333,5.08499145507813
42.885,5.09214401245117
42.8916666666667,5.10215759277344
42.8983333333333,5.11360168457031
42.905,5.1264762878418
42.9116666666667,5.13982772827148
42.9183333333333,5.15460968017578
42.925,5.17177581787109
42.9316666666667,5.19132614135742
42.9383333333333,5.21326065063477
42.945,5.23805618286133
42.9516666666667,5.2642822265625
42.9583333333333,5.29289245605469
42.965,5.3248405456543
42.9716666666667,5.35917282104492
42.9783333333333,5.39541244506836
42.985,5.43451309204102
42.9916666666667,5.47599792480469
42.9983333333333,5.51795959472656
43.005,5.55944442749023
43.0116666666667,5.60188293457031
43.0183333333333,5.6462287902832
43.025,5.6915283203125
43.0316666666667,5.7368278503418
43.0383333333333,5.78212738037109
43.045,5.8283805847168
43.0516666666667,5.8741569519043
43.0583333333333,5.91945648193359
43.065,5.96380233764648
43.0716666666667,6.00957870483398
43.0783333333333,6.05535507202148
43.085,6.10065460205078
43.0916666666667,6.14547729492188
43.0983333333333,6.18839263916016
43.105,6.22892379760742
43.1116666666667,6.26707077026367
43.1183333333333,6.30283355712891
43.125,6.33621215820313
43.1316666666667,6.36720657348633
43.1383333333333,6.39677047729492
43.145,6.42490386962891
43.1516666666667,6.45160675048828
43.1583333333333,6.47544860839844
43.165,6.49785995483398
43.1716666666667,6.51884078979492
43.1783333333333,6.53696060180664
43.185,6.55269622802734
43.1916666666667,6.56509399414063
43.1983333333333,6.57510757446289
43.205,6.58369064331055
43.2116666666667,6.59084320068359
43.2183333333333,6.59656524658203
43.225,6.60085678100586
43.2316666666667,6.60419464111328
43.2383333333333,6.6075325012207
43.245,6.61087036132813
43.2516666666667,6.61468505859375
43.2583333333333,6.61849975585938
43.265,6.62326812744141
43.2716666666667,6.62899017333984
43.2783333333333,6.63471221923828
43.285,6.63995742797852
43.2916666666667,6.64472579956055
43.2983333333333,6.64997100830078
43.305,6.65664672851563
43.3116666666667,6.66618347167969
43.3183333333333,6.67715072631836
43.325,6.68954849243164
43.3316666666667,6.70385360717773
43.3383333333333,6.71911239624023
43.345,6.73532485961914
43.3516666666667,6.75201416015625
43.3583333333333,6.76965713500977
43.365,6.78873062133789
43.3716666666667,6.80780410766602
43.3783333333333,6.82783126831055
43.385,6.84785842895508
43.3916666666667,6.86740875244141
43.3983333333333,6.88648223876953
43.405,6.90603256225586
43.4116666666667,6.92558288574219
43.4183333333333,6.94370269775391
43.425,6.96039199829102
43.4316666666667,6.97469711303711
43.4383333333333,6.98661804199219
43.445,6.99567794799805
43.4516666666667,7.00187683105469
43.4583333333333,7.00664520263672
43.465,7.00855255126953
43.4716666666667,7.00807571411133
43.4783333333333,7.0042610168457
43.485,6.99758529663086
43.4916666666667,6.98757171630859
43.4983333333333,6.97469711303711
43.505,6.95896148681641
43.5116666666667,6.94036483764648
43.5183333333333,6.91890716552734
43.525,6.89506530761719
43.5316666666667,6.87026977539063
43.5383333333333,6.84309005737305
43.545,6.81352615356445
43.5516666666667,6.78253173828125
43.5583333333333,6.75010681152344
43.565,6.71672821044922
43.5716666666667,6.683349609375
43.5783333333333,6.64997100830078
43.585,6.61706924438477
43.5916666666667,6.58512115478516
43.5983333333333,6.55508041381836
43.605,6.52742385864258
43.6116666666667,6.500244140625
43.6183333333333,6.47449493408203
43.625,6.45112991333008
43.6316666666667,6.43110275268555
43.6383333333333,6.41393661499023
43.645,6.39867782592773
43.6516666666667,6.38580322265625
43.6583333333333,6.37578964233398
43.665,6.36720657348633
43.6716666666667,6.36005401611328
43.6783333333333,6.35385513305664
43.685,6.34908676147461
43.6916666666667,6.34622573852539
43.6983333333333,6.34622573852539
43.705,6.3481330871582
43.7116666666667,6.35099411010742
43.7183333333333,6.35623931884766
43.725,6.3633918762207
43.7316666666667,6.37102127075195
43.7383333333333,6.3776969909668
43.745,6.38389587402344
43.7516666666667,6.39009475708008
43.7583333333333,6.39486312866211
43.765,6.39820098876953
43.7716666666667,6.40010833740234
43.7783333333333,6.40106201171875
43.785,6.39915466308594
43.7916666666667,6.3939094543457
43.7983333333333,6.38484954833984
43.805,6.37245178222656
43.8116666666667,6.35719299316406
43.8183333333333,6.33907318115234
43.825,6.31952285766602
43.8316666666667,6.29758834838867
43.8383333333333,6.27422332763672
43.845,6.24799728393555
43.8516666666667,6.21938705444336
43.8583333333333,6.18743896484375
43.865,6.15358352661133
43.8716666666667,6.1182975769043
43.8783333333333,6.08062744140625
43.885,6.04152679443359
43.8916666666667,6.00051879882813
43.8983333333333,5.95903396606445
43.905,5.91707229614258
43.9116666666667,5.8751106262207
43.9183333333333,5.83219528198242
43.925,5.78927993774414
43.9316666666667,5.74684143066406
43.9383333333333,5.70583343505859
43.945,5.66482543945313
43.9516666666667,5.62429428100586
43.9583333333333,5.5851936340332
43.965,5.54800033569336
43.9716666666667,5.51176071166992
43.9783333333333,5.47504425048828
43.985,5.43880462646484
43.9916666666667,5.40399551391602
43.9983333333333,5.37109375
44.005,5.3400993347168
44.0116666666667,5.31005859375
44.0183333333333,5.28287887573242
44.025,5.25712966918945
44.0316666666667,5.23233413696289
44.0383333333333,5.20896911621094
44.045,5.18560409545898
44.0516666666667,5.16319274902344
44.0583333333333,5.14125823974609
44.065,5.12075424194336
44.0716666666667,5.10025024414063
44.0783333333333,5.07926940917969
44.085,5.05876541137695
44.0916666666667,5.03873825073242
44.0983333333333,5.0196647644043
44.105,5.00106811523438
44.1116666666667,4.98294830322266
44.1183333333333,4.96673583984375
44.125,4.95147705078125
44.1316666666667,4.93621826171875
44.1383333333333,4.92143630981445
44.145,4.90665435791016
44.1516666666667,4.89091873168945
44.1583333333333,4.87518310546875
44.165,4.85897064208984
44.1716666666667,4.84371185302734
44.1783333333333,4.82845306396484
44.185,4.81319427490234
44.1916666666667,4.79841232299805
44.1983333333333,4.78458404541016
44.205,4.77170944213867
44.2116666666667,4.75931167602539
44.2183333333333,4.74834442138672
44.225,4.73833084106445
44.2316666666667,4.72927093505859
44.2383333333333,4.72164154052734
44.245,4.7144889831543
44.2516666666667,4.70733642578125
44.2583333333333,4.70066070556641
44.265,4.69589233398438
44.2716666666667,4.69160079956055
44.2783333333333,4.68873977661133
44.285,4.68683242797852
44.2916666666667,4.68730926513672
44.2983333333333,4.68778610229492
44.305,4.68873977661133
44.3116666666667,4.68969345092773
44.3183333333333,4.69017028808594
44.325,4.69064712524414
44.3316666666667,4.69064712524414
44.3383333333333,4.69112396240234
44.345,4.69255447387695
44.3516666666667,4.69541549682617
44.3583333333333,4.6992301940918
44.365,4.70399856567383
44.3716666666667,4.71067428588867
44.3783333333333,4.71735000610352
44.385,4.72354888916016
44.3916666666667,4.72831726074219
44.3983333333333,4.73260879516602
44.405,4.73642349243164
44.4116666666667,4.73976135253906
44.4183333333333,4.74357604980469
44.425,4.74977493286133
44.4316666666667,4.75788116455078
44.4383333333333,4.76694107055664
44.445,4.7760009765625
44.4516666666667,4.78601455688477
44.4583333333333,4.79650497436523
44.465,4.80747222900391
44.4716666666667,4.81748580932617
44.4783333333333,4.82797622680664
44.485,4.83846664428711
44.4916666666667,4.85038757324219
44.4983333333333,4.86278533935547
44.505,4.87613677978516
44.5116666666667,4.89187240600586
44.5183333333333,4.91046905517578
44.525,4.93097305297852
44.5316666666667,4.95290756225586
44.5383333333333,4.97627258300781
44.545,5.00011444091797
44.5516666666667,5.02443313598633
44.5583333333333,5.04922866821289
44.565,5.07545471191406
44.5716666666667,5.10311126708984
44.5783333333333,5.13362884521484
44.585,5.16605377197266
44.5916666666667,5.20086288452148
44.5983333333333,5.23853302001953
44.605,5.2790641784668
44.6116666666667,5.32293319702148
44.6183333333333,5.37014007568359
44.625,5.42211532592773
44.6316666666667,5.47933578491211
44.6383333333333,5.54132461547852
44.645,5.60808181762695
44.6516666666667,5.68008422851563
44.6583333333333,5.75733184814453
44.665,5.83934783935547
44.6716666666667,5.92708587646484
44.6783333333333,6.02149963378906
44.685,6.12401962280273
44.6916666666667,6.23369216918945
44.6983333333333,6.35147094726563
44.705,6.47830963134766
44.7116666666667,6.61563873291016
44.7183333333333,6.76298141479492
44.725,6.92224502563477
44.7316666666667,7.09295272827148
44.7383333333333,7.27558135986328
44.745,7.47013092041016
44.7516666666667,7.67803192138672
44.7583333333333,7.89928436279297
44.765,8.13388824462891
44.7716666666667,8.38279724121094
44.7783333333333,8.64648818969727
44.785,8.9268684387207
44.7916666666667,9.22250747680664
44.7983333333333,9.53388214111328
44.805,9.86194610595703
44.8116666666667,10.2066993713379
44.8183333333333,10.5690956115723
44.825,10.9477043151855
44.8316666666667,11.3425254821777
44.8383333333333,11.751651763916
44.845,12.1755599975586
44.8516666666667,12.6123428344727
44.8583333333333,13.0605697631836
44.865,13.5197639465332
44.8716666666667,13.9870643615723
44.8783333333333,14.4615173339844
44.885,14.9416923522949
44.8916666666667,15.4247283935547
44.8983333333333,15.9082412719727
44.905,16.3893699645996
44.9116666666667,16.8666839599609
44.9183333333333,17.338752746582
44.925,17.8036689758301
44.9316666666667,18.2576179504395
44.9383333333333,18.6991691589355
44.945,19.1264152526855
44.9516666666667,19.536018371582
44.9583333333333,19.9227333068848
44.965,20.2832221984863
44.9716666666667,20.6155776977539
44.9783333333333,20.9183692932129
44.985,21.1877822875977
44.9916666666667,21.42333984375
44.9983333333333,21.6240882873535
45.005,21.7885971069336
45.0116666666667,21.914005279541
45.0183333333333,21.9998359680176
45.025,22.0451354980469
45.0316666666667,22.0484733581543
45.0383333333333,22.0093727111816
45.045,21.9287872314453
45.0516666666667,21.8086242675781
45.0583333333333,21.6498374938965
45.065,21.4533805847168
45.0716666666667,21.2202072143555
45.0783333333333,20.9536552429199
45.085,20.655632019043
45.0916666666667,20.3280448913574
45.0983333333333,19.9718475341797
45.105,19.589900970459
45.1116666666667,19.1860198974609
45.1183333333333,18.7625885009766
45.125,18.3215141296387
45.1316666666667,17.8647041320801
45.1383333333333,17.3969268798828
45.145,16.9205665588379
45.1516666666667,16.4380073547363
45.1583333333333,15.9516334533691
45.165,15.4638290405273
45.1716666666667,14.979362487793
45.1783333333333,14.500617980957
45.185,14.0295028686523
45.1916666666667,13.5674476623535
45.1983333333333,13.1163597106934
45.205,12.6781463623047
45.2116666666667,12.2542381286621
45.2183333333333,11.8436813354492
45.225,11.448860168457
45.2316666666667,11.070728302002
45.2383333333333,10.7097625732422
45.245,10.3654861450195
45.2516666666667,10.037899017334
45.2583333333333,9.72795486450195
45.265,9.43613052368164
45.2716666666667,9.16194915771484
45.2783333333333,8.90684127807617
45.285,8.66889953613281
45.2916666666667,8.44764709472656
45.2983333333333,8.24213027954102
45.305,8.05091857910156
45.3116666666667,7.87448883056641
45.3183333333333,7.71236419677734
45.325,7.56549835205078
45.3316666666667,7.43246078491211
45.3383333333333,7.31277465820313
45.345,7.20596313476563
45.3516666666667,7.1110725402832
45.3583333333333,7.02810287475586
45.365,6.95610046386719
45.3716666666667,6.89315795898438
45.3783333333333,6.84118270874023
45.385,6.79826736450195
45.3916666666667,6.76393508911133
45.3983333333333,6.73818588256836
45.405,6.72101974487305
45.4116666666667,6.7138671875
45.4183333333333,6.71529769897461
45.425,6.72626495361328
45.4316666666667,6.74629211425781
45.4383333333333,6.77680969238281
45.445,6.81781768798828
45.4516666666667,6.8669319152832
45.4583333333333,6.92462921142578
45.465,6.99090957641602
45.4716666666667,7.06672668457031
45.4783333333333,7.15160369873047
45.485,7.24601745605469
45.4916666666667,7.35235214233398
45.4983333333333,7.47251510620117
45.505,7.60507583618164
45.5116666666667,7.75003433227539
45.5183333333333,7.90786743164063
45.525,8.07762145996094
45.5316666666667,8.25977325439453
45.5383333333333,8.45432281494141
45.545,8.66222381591797
45.5516666666667,8.88395309448242
45.5583333333333,9.12046432495117
45.565,9.37128067016602
45.5716666666667,9.63449478149414
45.5783333333333,9.91106033325195
45.585,10.200023651123
45.5916666666667,10.5013847351074
45.5983333333333,10.8151435852051
45.605,11.1403465270996
45.6116666666667,11.4755630493164
45.6183333333333,11.8203163146973
45.625,12.174129486084
45.6316666666667,12.5341415405273
45.6383333333333,12.8998756408691
45.645,13.2699012756348
45.6516666666667,13.643741607666
45.6583333333333,14.0194892883301
45.665,14.3952369689941
45.6716666666667,14.7695541381836
45.6783333333333,15.1400566101074
45.685,15.5048370361328
45.6916666666667,15.861988067627
45.6983333333333,16.2091255187988
45.705,16.5448188781738
45.7116666666667,16.8662071228027
45.7183333333333,17.1718597412109
45.725,17.460823059082
45.7316666666667,17.7316665649414
45.7383333333333,17.9810523986816
45.745,18.2061195373535
45.7516666666667,18.4073448181152
45.7583333333333,18.5842514038086
45.765,18.7344551086426
45.7716666666667,18.8565254211426
45.7783333333333,18.9499855041504
45.785,19.014835357666
45.7916666666667,19.0496444702148
45.7983333333333,19.0520286560059
45.805,19.0234184265137
45.8116666666667,18.9647674560547
45.8183333333333,18.8775062561035
45.825,18.7621116638184
45.8316666666667,18.6195373535156
45.8383333333333,18.4512138366699
45.845,18.2580947875977
45.8516666666667,18.040657043457
45.8583333333333,17.8003311157227
45.865,17.5385475158691
45.8716666666667,17.2576904296875
45.8783333333333,16.9596672058105
45.885,16.6463851928711
45.8916666666667,16.3202285766602
45.8983333333333,15.984058380127
45.905,15.6397819519043
45.9116666666667,15.289306640625
45.9183333333333,14.9340629577637
45.925,14.5759582519531
45.9316666666667,14.2168998718262
45.9383333333333,13.8587951660156
45.945,13.5030746459961
45.9516666666667,13.1511688232422
45.9583333333333,12.8054618835449
45.965,12.4664306640625
45.9716666666667,12.1350288391113
45.9783333333333,11.8136405944824
45.985,11.502742767334
45.9916666666667,11.2037658691406
45.9983333333333,10.9162330627441
46.005,10.6420516967773
46.0116666666667,10.380744934082
46.0183333333333,10.1313591003418
46.025,9.89341735839844
46.0316666666667,9.66882705688477
46.0383333333333,9.45806503295898
46.045,9.25970077514648
46.0516666666667,9.07278060913086
46.0583333333333,8.89730453491211
46.065,8.73279571533203
46.0716666666667,8.57782363891602
46.0783333333333,8.43143463134766
46.085,8.29315185546875
46.0916666666667,8.16249847412109
46.0983333333333,8.03947448730469
46.105,7.92264938354492
46.1116666666667,7.81154632568359
46.1183333333333,7.7052116394043
46.125,7.60269165039063
46.1316666666667,7.50255584716797
46.1383333333333,7.40480422973633
46.145,7.3084831237793
46.1516666666667,7.21263885498047
46.1583333333333,7.11774826049805
46.165,7.02381134033203
46.1716666666667,6.92939758300781
46.1783333333333,6.83307647705078
46.185,6.73484802246094
46.1916666666667,6.63375854492188
46.1983333333333,6.5302848815918
46.205,6.4244270324707
46.2116666666667,6.31618499755859
46.2183333333333,6.20841979980469
46.225,6.09970092773438
46.2316666666667,5.99002838134766
46.2383333333333,5.87892532348633
46.245,5.76543807983398
46.2516666666667,5.65004348754883
46.2583333333333,5.53274154663086
46.265,5.41400909423828
46.2716666666667,5.2943229675293
46.2783333333333,5.17368316650391
46.285,5.05256652832031
46.2916666666667,4.93240356445313
46.2983333333333,4.81271743774414
46.305,4.69350814819336
46.3116666666667,4.57382202148438
46.3183333333333,4.4550895690918
46.325,4.33778762817383
46.3316666666667,4.22096252441406
46.3383333333333,4.1041374206543
46.345,3.98921966552734
46.3516666666667,3.87716293334961
46.3583333333333,3.76749038696289
46.365,3.65924835205078
46.3716666666667,3.55339050292969
46.3783333333333,3.45039367675781
46.385,3.34930419921875
46.3916666666667,3.24916839599609
46.3983333333333,3.15046310424805
46.405,3.05414199829102
46.4116666666667,2.9597282409668
46.4183333333333,2.86722183227539
46.425,2.7775764465332
46.4316666666667,2.69031524658203
46.4383333333333,2.60496139526367
46.445,2.52246856689453
46.4516666666667,2.44283676147461
46.4583333333333,2.36415863037109
46.465,2.28738784790039
46.4716666666667,2.2125244140625
46.4783333333333,2.14099884033203
46.485,2.07281112670898
46.4916666666667,2.00653076171875
46.4983333333333,1.94311141967773
46.505,1.88112258911133
46.5116666666667,1.82056427001953
46.5183333333333,1.76191329956055
46.525,1.70469284057617
46.5316666666667,1.64937973022461
46.5383333333333,1.59549713134766
46.545,1.54399871826172
46.5516666666667,1.4948844909668
46.5583333333333,1.44672393798828
46.565,1.39904022216797
46.5716666666667,1.35183334350586
46.5783333333333,1.30510330200195
46.585,1.26075744628906
46.5916666666667,1.21879577636719
46.5983333333333,1.17921829223633
46.605,1.14107131958008
46.6116666666667,1.10435485839844
46.6183333333333,1.0685920715332
46.625,1.03330612182617
46.6316666666667,0.998497009277344
46.6383333333333,0.963211059570313
46.645,0.929355621337891
46.6516666666667,0.897884368896484
46.6583333333333,0.867843627929688
46.665,0.838756561279297
46.6716666666667,0.810146331787109
46.6783333333333,0.782966613769531
46.685,0.757694244384766
46.6916666666667,0.733375549316406
46.6983333333333,0.710487365722656
46.705,0.688552856445313
46.7116666666667,0.668048858642578
46.7183333333333,0.64849853515625
46.725,0.628948211669922
46.7316666666667,0.609397888183594
46.7383333333333,0.589370727539063
46.745,0.569820404052734
46.7516666666667,0.551700592041016
46.7583333333333,0.533103942871094
46.765,0.514984130859375
46.7716666666667,0.497341156005859
46.7783333333333,0.481605529785156
46.785,0.466823577880859
46.7916666666667,0.451564788818359
46.7983333333333,0.437259674072266
46.805,0.423908233642578
46.8116666666667,0.411510467529297
46.8183333333333,0.400066375732422
46.825,0.388622283935547
46.8316666666667,0.378608703613281
46.8383333333333,0.370025634765625
46.845,0.361442565917969
46.8516666666667,0.352859497070313
46.8583333333333,0.344753265380859
46.865,0.337123870849609
46.8716666666667,0.330448150634766
46.8783333333333,0.323772430419922
46.885,0.318050384521484
46.8916666666667,0.31280517578125
46.8983333333333,0.307083129882813
46.905,0.300407409667969
46.9116666666667,0.294685363769531
46.9183333333333,0.288963317871094
46.925,0.283718109130859
46.9316666666667,0.277996063232422
46.9383333333333,0.272750854492188
46.945,0.268936157226563
46.9516666666667,0.265598297119141
46.9583333333333,0.263690948486328
46.965,0.261783599853516
46.9716666666667,0.260353088378906
46.9783333333333,0.258445739746094
46.985,0.257968902587891
46.9916666666667,0.257492065429688
46.9983333333333,0.256061553955078
47.005,0.254154205322266
47.0116666666667,0.25177001953125
47.0183333333333,0.249862670898438
47.025,0.247001647949219
47.0316666666667,0.243663787841797
47.0383333333333,0.241279602050781
47.045,0.241279602050781
47.0516666666667,0.242233276367188
47.0583333333333,0.243663787841797
47.065,0.245094299316406
47.0716666666667,0.246524810791016
47.0783333333333,0.247478485107422
47.085,0.247955322265625
47.0916666666667,0.247955322265625
47.0983333333333,0.248432159423828
47.105,0.247955322265625
47.1116666666667,0.247478485107422
47.1183333333333,0.247478485107422
47.125,0.247478485107422
47.1316666666667,0.247478485107422
47.1383333333333,0.247955322265625
47.145,0.248432159423828
47.1516666666667,0.249385833740234
47.1583333333333,0.249862670898438
47.165,0.250816345214844
47.1716666666667,0.25177001953125
47.1783333333333,0.253677368164063
47.185,0.255107879638672
47.1916666666667,0.256538391113281
47.1983333333333,0.257492065429688
47.205,0.257968902587891
47.2116666666667,0.258445739746094
47.2183333333333,0.258445739746094
47.225,0.258922576904297
47.2316666666667,0.2593994140625
47.2383333333333,0.259876251220703
47.245,0.260353088378906
47.2516666666667,0.260829925537109
47.2583333333333,0.261306762695313
47.265,0.262260437011719
47.2716666666667,0.263214111328125
47.2783333333333,0.264644622802734
47.285,0.266075134277344
47.2916666666667,0.26702880859375
47.2983333333333,0.26702880859375
47.305,0.266551971435547
47.3116666666667,0.267505645751953
47.3183333333333,0.268459320068359
47.325,0.269412994384766
47.3316666666667,0.270843505859375
47.3383333333333,0.272750854492188
47.345,0.276565551757813
47.3516666666667,0.279903411865234
47.3583333333333,0.281810760498047
47.365,0.281810760498047
47.3716666666667,0.281333923339844
47.3783333333333,0.280857086181641
47.385,0.278472900390625
47.3916666666667,0.276088714599609
47.3983333333333,0.274181365966797
47.405,0.273704528808594
47.4116666666667,0.273704528808594
47.4183333333333,0.274658203125
47.425,0.275135040283203
47.4316666666667,0.275611877441406
47.4383333333333,0.276088714599609
47.445,0.276088714599609
47.4516666666667,0.276088714599609
47.4583333333333,0.276088714599609
47.465,0.275135040283203
47.4716666666667,0.275135040283203
47.4783333333333,0.276565551757813
47.485,0.278472900390625
47.4916666666667,0.280380249023438
47.4983333333333,0.281810760498047
47.505,0.283718109130859
47.5116666666667,0.285625457763672
47.5183333333333,0.287055969238281
47.525,0.287055969238281
47.5316666666667,0.286102294921875
47.5383333333333,0.285625457763672
47.545,0.284671783447266
47.5516666666667,0.283241271972656
47.5583333333333,0.281810760498047
47.565,0.281333923339844
47.5716666666667,0.28228759765625
47.5783333333333,0.283241271972656
47.585,0.283241271972656
47.5916666666667,0.283241271972656
47.5983333333333,0.28228759765625
47.605,0.28228759765625
47.6116666666667,0.28228759765625
47.6183333333333,0.283241271972656
47.625,0.285148620605469
47.6316666666667,0.287055969238281
47.6383333333333,0.288963317871094
47.645,0.290393829345703
47.6516666666667,0.290870666503906
47.6583333333333,0.2899169921875
47.665,0.288963317871094
47.6716666666667,0.288009643554688
47.6783333333333,0.287532806396484
47.685,0.287055969238281
47.6916666666667,0.286102294921875
47.6983333333333,0.285625457763672
47.705,0.285148620605469
47.7116666666667,0.285148620605469
47.7183333333333,0.285625457763672
47.725,0.286579132080078
47.7316666666667,0.287532806396484
47.7383333333333,0.288486480712891
47.745,0.288963317871094
47.7516666666667,0.288486480712891
47.7583333333333,0.287532806396484
47.765,0.286102294921875
47.7716666666667,0.285148620605469
47.7783333333333,0.285148620605469
47.785,0.285625457763672
47.7916666666667,0.285625457763672
47.7983333333333,0.285625457763672
47.805,0.285625457763672
47.8116666666667,0.286102294921875
47.8183333333333,0.286102294921875
47.825,0.286102294921875
47.8316666666667,0.286579132080078
47.8383333333333,0.288009643554688
47.845,0.289440155029297
47.8516666666667,0.290393829345703
47.8583333333333,0.291347503662109
47.865,0.292301177978516
47.8716666666667,0.292301177978516
47.8783333333333,0.291347503662109
47.885,0.289440155029297
47.8916666666667,0.288963317871094
47.8983333333333,0.2899169921875
47.905,0.291824340820313
47.9116666666667,0.293731689453125
47.9183333333333,0.295639038085938
47.925,0.297069549560547
47.9316666666667,0.297069549560547
47.9383333333333,0.295639038085938
47.945,0.294208526611328
47.9516666666667,0.292778015136719
47.9583333333333,0.292301177978516
47.965,0.292778015136719
47.9716666666667,0.293254852294922
47.9783333333333,0.292301177978516
47.985,0.291347503662109
47.9916666666667,0.2899169921875
47.9983333333333,0.288486480712891
48.005,0.286579132080078
48.0116666666667,0.285625457763672
48.0183333333333,0.286102294921875
48.025,0.287055969238281
48.0316666666667,0.287532806396484
48.0383333333333,0.288009643554688
48.045,0.289440155029297
48.0516666666667,0.2899169921875
48.0583333333333,0.290393829345703
48.065,0.290393829345703
48.0716666666667,0.290393829345703
48.0783333333333,0.2899169921875
48.085,0.289440155029297
48.0916666666667,0.288963317871094
48.0983333333333,0.288486480712891
48.105,0.288009643554688
48.1116666666667,0.287055969238281
48.1183333333333,0.287055969238281
48.125,0.287532806396484
48.1316666666667,0.287055969238281
48.1383333333333,0.286579132080078
48.145,0.286102294921875
48.1516666666667,0.286579132080078
48.1583333333333,0.286579132080078
48.165,0.286579132080078
48.1716666666667,0.286579132080078
48.1783333333333,0.288009643554688
48.185,0.289440155029297
48.1916666666667,0.290393829345703
48.1983333333333,0.291347503662109
48.205,0.291824340820313
48.2116666666667,0.292778015136719
48.2183333333333,0.293254852294922
48.225,0.293254852294922
48.2316666666667,0.292778015136719
48.2383333333333,0.292778015136719
48.245,0.293254852294922
48.2516666666667,0.293731689453125
48.2583333333333,0.293254852294922
48.265,0.292778015136719
48.2716666666667,0.292301177978516
48.2783333333333,0.291347503662109
48.285,0.2899169921875
48.2916666666667,0.287532806396484
48.2983333333333,0.286579132080078
48.305,0.287055969238281
48.3116666666667,0.288486480712891
48.3183333333333,0.2899169921875
48.325,0.290870666503906
48.3316666666667,0.291347503662109
48.3383333333333,0.291347503662109
48.345,0.291347503662109
48.3516666666667,0.291347503662109
48.3583333333333,0.291347503662109
48.365,0.290870666503906
48.3716666666667,0.290870666503906
48.3783333333333,0.2899169921875
48.385,0.288963317871094
48.3916666666667,0.288009643554688
48.3983333333333,0.288009643554688
48.405,0.288486480712891
48.4116666666667,0.290393829345703
48.4183333333333,0.292301177978516
48.425,0.293254852294922
48.4316666666667,0.293254852294922
48.4383333333333,0.292778015136719
48.445,0.292301177978516
48.4516666666667,0.291824340820313
48.4583333333333,0.291347503662109
48.465,0.290393829345703
48.4716666666667,0.288963317871094
48.4783333333333,0.288009643554688
48.485,0.287055969238281
48.4916666666667,0.286102294921875
48.4983333333333,0.284671783447266
48.505,0.285148620605469
48.5116666666667,0.287055969238281
48.5183333333333,0.288963317871094
48.525,0.290870666503906
48.5316666666667,0.292778015136719
48.5383333333333,0.293731689453125
48.545,0.294685363769531
48.5516666666667,0.294685363769531
48.5583333333333,0.293731689453125
48.565,0.292778015136719
48.5716666666667,0.291824340820313
48.5783333333333,0.292301177978516
48.585,0.294208526611328
48.5916666666667,0.296592712402344
48.5983333333333,0.298500061035156
48.605,0.300407409667969
48.6116666666667,0.301837921142578
48.6183333333333,0.301837921142578
48.625,0.300884246826172
48.6316666666667,0.299453735351563
48.6383333333333,0.29754638671875
48.645,0.296115875244141
48.6516666666667,0.295639038085938
48.6583333333333,0.295162200927734
48.665,0.293731689453125
48.6716666666667,0.292778015136719
48.6783333333333,0.292301177978516
48.685,0.293254852294922
48.6916666666667,0.294208526611328
48.6983333333333,0.294685363769531
48.705,0.295639038085938
48.7116666666667,0.29754638671875
48.7183333333333,0.299453735351563
48.725,0.299453735351563
48.7316666666667,0.298023223876953
48.7383333333333,0.29754638671875
48.745,0.298500061035156
48.7516666666667,0.299453735351563
48.7583333333333,0.299930572509766
48.765,0.300884246826172
48.7716666666667,0.302314758300781
48.7783333333333,0.303268432617188
48.785,0.303745269775391
48.7916666666667,0.303745269775391
48.7983333333333,0.304698944091797
48.805,0.306129455566406
48.8116666666667,0.308036804199219
48.8183333333333,0.308990478515625
48.825,0.309467315673828
48.8316666666667,0.309467315673828
48.8383333333333,0.309944152832031
48.845,0.309944152832031
48.8516666666667,0.310420989990234
48.8583333333333,0.310897827148438
48.865,0.311374664306641
48.8716666666667,0.311374664306641
48.8783333333333,0.310897827148438
48.885,0.309944152832031
48.8916666666667,0.308036804199219
48.8983333333333,0.306606292724609
48.905,0.306129455566406
48.9116666666667,0.306606292724609
48.9183333333333,0.306606292724609
48.925,0.306129455566406
48.9316666666667,0.306129455566406
48.9383333333333,0.306606292724609
48.945,0.306129455566406
48.9516666666667,0.305652618408203
48.9583333333333,0.304698944091797
48.965,0.30517578125
48.9716666666667,0.306129455566406
48.9783333333333,0.307083129882813
48.985,0.307559967041016
48.9916666666667,0.307083129882813
48.9983333333333,0.306606292724609
49.005,0.306129455566406
49.0116666666667,0.305652618408203
49.0183333333333,0.305652618408203
49.025,0.306129455566406
49.0316666666667,0.307083129882813
49.0383333333333,0.308513641357422
49.045,0.308990478515625
49.0516666666667,0.309467315673828
49.0583333333333,0.308990478515625
49.065,0.307559967041016
49.0716666666667,0.306129455566406
49.0783333333333,0.304698944091797
49.085,0.303745269775391
49.0916666666667,0.303268432617188
49.0983333333333,0.303745269775391
49.105,0.304698944091797
49.1116666666667,0.306606292724609
49.1183333333333,0.307083129882813
49.125,0.307559967041016
49.1316666666667,0.307083129882813
49.1383333333333,0.306129455566406
49.145,0.30517578125
49.1516666666667,0.304698944091797
49.1583333333333,0.304698944091797
49.165,0.304698944091797
49.1716666666667,0.305652618408203
49.1783333333333,0.306129455566406
49.185,0.306606292724609
49.1916666666667,0.307559967041016
49.1983333333333,0.308036804199219
49.205,0.308513641357422
49.2116666666667,0.308990478515625
49.2183333333333,0.309467315673828
49.225,0.309944152832031
49.2316666666667,0.309944152832031
49.2383333333333,0.309467315673828
49.245,0.308990478515625
49.2516666666667,0.308513641357422
49.2583333333333,0.308036804199219
49.265,0.306606292724609
49.2716666666667,0.305652618408203
49.2783333333333,0.304698944091797
49.285,0.304698944091797
49.2916666666667,0.304698944091797
49.2983333333333,0.303745269775391
49.305,0.303268432617188
49.3116666666667,0.304698944091797
49.3183333333333,0.305652618408203
49.325,0.306129455566406
49.3316666666667,0.305652618408203
49.3383333333333,0.306129455566406
49.345,0.306606292724609
49.3516666666667,0.306129455566406
49.3583333333333,0.304698944091797
49.365,0.303268432617188
49.3716666666667,0.303268432617188
49.3783333333333,0.303745269775391
49.385,0.302791595458984
49.3916666666667,0.301361083984375
49.3983333333333,0.299930572509766
49.405,0.299453735351563
49.4116666666667,0.299453735351563
49.4183333333333,0.299453735351563
49.425,0.299453735351563
49.4316666666667,0.300407409667969
49.4383333333333,0.302314758300781
49.445,0.304222106933594
49.4516666666667,0.30517578125
49.4583333333333,0.305652618408203
49.465,0.306606292724609
49.4716666666667,0.307559967041016
49.4783333333333,0.307559967041016
49.485,0.307083129882813
49.4916666666667,0.306606292724609
49.4983333333333,0.306606292724609
49.505,0.306129455566406
49.5116666666667,0.305652618408203
49.5183333333333,0.304698944091797
49.525,0.304698944091797
49.5316666666667,0.30517578125
49.5383333333333,0.30517578125
49.545,0.30517578125
49.5516666666667,0.30517578125
49.5583333333333,0.30517578125
49.565,0.305652618408203
49.5716666666667,0.30517578125
49.5783333333333,0.305652618408203
49.585,0.306129455566406
49.5916666666667,0.306129455566406
49.5983333333333,0.304222106933594
49.605,0.301837921142578
49.6116666666667,0.299930572509766
49.6183333333333,0.298023223876953
49.625,0.296592712402344
49.6316666666667,0.295639038085938
49.6383333333333,0.295639038085938
49.645,0.296115875244141
49.6516666666667,0.297069549560547
49.6583333333333,0.298500061035156
49.665,0.300407409667969
49.6716666666667,0.301837921142578
49.6783333333333,0.302791595458984
49.685,0.302791595458984
49.6916666666667,0.302314758300781
49.6983333333333,0.300407409667969
49.705,0.298500061035156
49.7116666666667,0.29754638671875
49.7183333333333,0.298023223876953
49.725,0.299453735351563
49.7316666666667,0.301361083984375
49.7383333333333,0.303268432617188
49.745,0.304222106933594
49.7516666666667,0.304222106933594
49.7583333333333,0.303745269775391
49.765,0.302314758300781
49.7716666666667,0.300884246826172
49.7783333333333,0.299930572509766
49.785,0.299453735351563
49.7916666666667,0.299930572509766
49.7983333333333,0.301361083984375
49.805,0.302314758300781
49.8116666666667,0.303745269775391
49.8183333333333,0.304222106933594
49.825,0.303745269775391
49.8316666666667,0.303268432617188
49.8383333333333,0.302314758300781
49.845,0.301837921142578
49.8516666666667,0.301837921142578
49.8583333333333,0.301837921142578
49.865,0.301361083984375
49.8716666666667,0.301837921142578
49.8783333333333,0.301361083984375
49.885,0.300407409667969
49.8916666666667,0.299453735351563
49.8983333333333,0.299453735351563
49.905,0.299453735351563
49.9116666666667,0.299930572509766
49.9183333333333,0.299453735351563
49.925,0.299453735351563
49.9316666666667,0.298976898193359
49.9383333333333,0.29754638671875
49.945,0.296115875244141
49.9516666666667,0.294685363769531
49.9583333333333,0.293731689453125
49.965,0.293731689453125
49.9716666666667,0.294208526611328
49.9783333333333,0.295162200927734
49.985,0.294685363769531
49.9916666666667,0.293254852294922
49.9983333333333,0.290870666503906
