0.00375,-0.0095367431640625
0.0104166666666667,-0.0100135803222656
0.0170833333333333,-0.0109672546386719
0.02375,-0.0109672546386719
0.0304166666666667,-0.0109672546386719
0.0370833333333333,-0.0095367431640625
0.04375,-0.00858306884765625
0.0504166666666667,-0.00810623168945313
0.0570833333333333,-0.00858306884765625
0.06375,-0.0095367431640625
0.0704166666666667,-0.0109672546386719
0.0770833333333333,-0.0123977661132813
0.08375,-0.0138282775878906
0.0904166666666667,-0.0147819519042969
0.0970833333333333,-0.0152587890625
0.10375,-0.0147819519042969
0.110416666666667,-0.0147819519042969
0.117083333333333,-0.0143051147460938
0.12375,-0.0143051147460938
0.130416666666667,-0.0147819519042969
0.137083333333333,-0.0157356262207031
0.14375,-0.0157356262207031
0.150416666666667,-0.0162124633789063
0.157083333333333,-0.0166893005371094
0.16375,-0.0166893005371094
0.170416666666667,-0.0157356262207031
0.177083333333333,-0.0147819519042969
0.18375,-0.0138282775878906
0.190416666666667,-0.0133514404296875
0.197083333333333,-0.0128746032714844
0.20375,-0.0128746032714844
0.210416666666667,-0.0138282775878906
0.217083333333333,-0.0152587890625
0.22375,-0.0171661376953125
0.230416666666667,-0.0185966491699219
0.237083333333333,-0.0185966491699219
0.24375,-0.0171661376953125
0.250416666666667,-0.0152587890625
0.257083333333333,-0.0143051147460938
0.26375,-0.0147819519042969
0.270416666666667,-0.0157356262207031
0.277083333333333,-0.0176429748535156
0.28375,-0.0195503234863281
0.290416666666667,-0.0209808349609375
0.297083333333333,-0.0209808349609375
0.30375,-0.0181198120117188
0.310416666666667,-0.0157356262207031
0.317083333333333,-0.0143051147460938
0.32375,-0.0143051147460938
0.330416666666667,-0.0157356262207031
0.337083333333333,-0.0176429748535156
0.34375,-0.0195503234863281
0.350416666666667,-0.0205039978027344
0.357083333333333,-0.0205039978027344
0.36375,-0.0200271606445313
0.370416666666667,-0.019073486328125
0.377083333333333,-0.0185966491699219
0.38375,-0.019073486328125
0.390416666666667,-0.0195503234863281
0.397083333333333,-0.0209808349609375
0.40375,-0.0214576721191406
0.410416666666667,-0.0209808349609375
0.417083333333333,-0.0200271606445313
0.42375,-0.0185966491699219
0.430416666666667,-0.0176429748535156
0.437083333333333,-0.0171661376953125
0.44375,-0.0166893005371094
0.450416666666667,-0.0171661376953125
0.457083333333333,-0.0181198120117188
0.46375,-0.0195503234863281
0.470416666666667,-0.0205039978027344
0.477083333333333,-0.0224113464355469
0.48375,-0.0233650207519531
0.490416666666667,-0.0247955322265625
0.497083333333333,-0.0257492065429688
0.50375,-0.0271797180175781
0.510416666666667,-0.0276565551757813
0.517083333333333,-0.0276565551757813
0.52375,-0.0276565551757813
0.530416666666667,-0.0281333923339844
0.537083333333333,-0.0286102294921875
0.54375,-0.0286102294921875
0.550416666666667,-0.0286102294921875
0.557083333333333,-0.0290870666503906
0.56375,-0.0290870666503906
0.570416666666667,-0.0281333923339844
0.577083333333333,-0.0271797180175781
0.58375,-0.0262260437011719
0.590416666666667,-0.0271797180175781
0.597083333333333,-0.0286102294921875
0.60375,-0.0295639038085938
0.610416666666667,-0.0300407409667969
0.617083333333333,-0.0295639038085938
0.62375,-0.0281333923339844
0.630416666666667,-0.0257492065429688
0.637083333333333,-0.0233650207519531
0.64375,-0.0214576721191406
0.650416666666667,-0.0209808349609375
0.657083333333333,-0.0205039978027344
0.66375,-0.0209808349609375
0.670416666666667,-0.0209808349609375
0.677083333333333,-0.0209808349609375
0.68375,-0.0214576721191406
0.690416666666667,-0.0219345092773438
0.697083333333333,-0.02288818359375
0.70375,-0.0243186950683594
0.710416666666667,-0.0252723693847656
0.717083333333333,-0.026702880859375
0.72375,-0.0281333923339844
0.730416666666667,-0.0286102294921875
0.737083333333333,-0.0295639038085938
0.74375,-0.0295639038085938
0.750416666666667,-0.0290870666503906
0.757083333333333,-0.0281333923339844
0.76375,-0.0276565551757813
0.770416666666667,-0.026702880859375
0.777083333333333,-0.0262260437011719
0.78375,-0.026702880859375
0.790416666666667,-0.0281333923339844
0.797083333333333,-0.030517578125
0.80375,-0.0324249267578125
0.810416666666667,-0.0333786010742188
0.817083333333333,-0.0333786010742188
0.82375,-0.0329017639160156
0.830416666666667,-0.0309944152832031
0.837083333333333,-0.0295639038085938
0.84375,-0.0286102294921875
0.850416666666667,-0.0290870666503906
0.857083333333333,-0.030517578125
0.86375,-0.0319480895996094
0.870416666666667,-0.0338554382324219
0.877083333333333,-0.0352859497070313
0.88375,-0.0362396240234375
0.890416666666667,-0.0367164611816406
0.897083333333333,-0.0371932983398438
0.90375,-0.03814697265625
0.910416666666667,-0.0391006469726563
0.917083333333333,-0.0391006469726563
0.92375,-0.0386238098144531
0.930416666666667,-0.0391006469726563
0.937083333333333,-0.0386238098144531
0.94375,-0.0371932983398438
0.950416666666667,-0.0348091125488281
0.957083333333333,-0.0324249267578125
0.96375,-0.030517578125
0.970416666666667,-0.0286102294921875
0.977083333333333,-0.026702880859375
0.98375,-0.026702880859375
0.990416666666667,-0.0286102294921875
0.997083333333333,-0.0309944152832031
1.00375,-0.0333786010742188
1.01041666666667,-0.0357627868652344
1.01708333333333,-0.0371932983398438
1.02375,-0.03814697265625
1.03041666666667,-0.0367164611816406
1.03708333333333,-0.0352859497070313
1.04375,-0.0338554382324219
1.05041666666667,-0.0333786010742188
1.05708333333333,-0.0329017639160156
1.06375,-0.0338554382324219
1.07041666666667,-0.0352859497070313
1.07708333333333,-0.0371932983398438
1.08375,-0.0391006469726563
1.09041666666667,-0.0395774841308594
1.09708333333333,-0.0405311584472656
1.10375,-0.041961669921875
1.11041666666667,-0.0433921813964844
1.11708333333333,-0.0443458557128906
1.12375,-0.0448226928710938
1.13041666666667,-0.0452995300292969
1.13708333333333,-0.0448226928710938
1.14375,-0.0433921813964844
1.15041666666667,-0.0414848327636719
1.15708333333333,-0.0405311584472656
1.16375,-0.0395774841308594
1.17041666666667,-0.0386238098144531
1.17708333333333,-0.0376701354980469
1.18375,-0.0371932983398438
1.19041666666667,-0.0371932983398438
1.19708333333333,-0.0376701354980469
1.20375,-0.03814697265625
1.21041666666667,-0.0391006469726563
1.21708333333333,-0.0405311584472656
1.22375,-0.0429153442382813
1.23041666666667,-0.0452995300292969
1.23708333333333,-0.0472068786621094
1.24375,-0.0481605529785156
1.25041666666667,-0.0500679016113281
1.25708333333333,-0.0519752502441406
1.26375,-0.0524520874023438
1.27041666666667,-0.0519752502441406
1.27708333333333,-0.0505447387695313
1.28375,-0.0481605529785156
1.29041666666667,-0.0457763671875
1.29708333333333,-0.0438690185546875
1.30375,-0.041961669921875
1.31041666666667,-0.0400543212890625
1.31708333333333,-0.0395774841308594
1.32375,-0.0400543212890625
1.33041666666667,-0.0410079956054688
1.33708333333333,-0.0414848327636719
1.34375,-0.0429153442382813
1.35041666666667,-0.0443458557128906
1.35708333333333,-0.0448226928710938
1.36375,-0.0448226928710938
1.37041666666667,-0.0448226928710938
1.37708333333333,-0.0448226928710938
1.38375,-0.0448226928710938
1.39041666666667,-0.0448226928710938
1.39708333333333,-0.0448226928710938
1.40375,-0.0443458557128906
1.41041666666667,-0.0433921813964844
1.41708333333333,-0.041961669921875
1.42375,-0.0405311584472656
1.43041666666667,-0.0395774841308594
1.43708333333333,-0.0391006469726563
1.44375,-0.0391006469726563
1.45041666666667,-0.0391006469726563
1.45708333333333,-0.0386238098144531
1.46375,-0.0386238098144531
1.47041666666667,-0.0391006469726563
1.47708333333333,-0.0391006469726563
1.48375,-0.0395774841308594
1.49041666666667,-0.0400543212890625
1.49708333333333,-0.0405311584472656
1.50375,-0.0410079956054688
1.51041666666667,-0.041961669921875
1.51708333333333,-0.0438690185546875
1.52375,-0.0448226928710938
1.53041666666667,-0.0452995300292969
1.53708333333333,-0.0452995300292969
1.54375,-0.0448226928710938
1.55041666666667,-0.0429153442382813
1.55708333333333,-0.0395774841308594
1.56375,-0.0329017639160156
1.57041666666667,-0.0200271606445313
1.57708333333333,0.0157356262207031
1.58375,0.102996826171875
1.59041666666667,0.277996063232422
1.59708333333333,0.559806823730469
1.60375,0.932693481445313
1.61041666666667,1.34849548339844
1.61708333333333,1.7399787902832
1.62375,2.0442008972168
1.63041666666667,2.2130012512207
1.63708333333333,2.22682952880859
1.64375,2.10809707641602
1.65041666666667,1.91020965576172
1.65708333333333,1.69038772583008
1.66375,1.48820877075195
1.67041666666667,1.32179260253906
1.67708333333333,1.19209289550781
1.68375,1.09434127807617
1.69041666666667,1.02043151855469
1.69708333333333,0.964164733886719
1.70375,0.921249389648438
1.71041666666667,0.888824462890625
1.71708333333333,0.864982604980469
1.72375,0.847816467285156
1.73041666666667,0.835895538330078
1.73708333333333,0.828742980957031
1.74375,0.825405120849609
1.75041666666667,0.825405120849609
1.75708333333333,0.828266143798828
1.76375,0.833511352539063
1.77041666666667,0.840663909912109
1.77708333333333,0.849246978759766
1.78375,0.858783721923828
1.79041666666667,0.868797302246094
1.79708333333333,0.878334045410156
1.80375,0.886917114257813
1.81041666666667,0.895500183105469
1.81708333333333,0.904083251953125
1.82375,0.912666320800781
1.83041666666667,0.921249389648438
1.83708333333333,0.929355621337891
1.84375,0.937938690185547
1.85041666666667,0.946998596191406
1.85708333333333,0.956535339355469
1.86375,0.966072082519531
1.87041666666667,0.976085662841797
1.87708333333333,0.987529754638672
1.88375,0.999927520751953
1.89041666666667,1.01470947265625
1.89708333333333,1.03139877319336
1.90375,1.05047225952148
1.91041666666667,1.07049942016602
1.91708333333333,1.08909606933594
1.92375,1.10769271850586
1.93041666666667,1.12485885620117
1.93708333333333,1.14059448242188
1.94375,1.15537643432617
1.95041666666667,1.17015838623047
1.95708333333333,1.18589401245117
1.96375,1.20210647583008
1.97041666666667,1.21736526489258
1.97708333333333,1.22976303100586
1.98375,1.23929977416992
1.99041666666667,1.24311447143555
1.99708333333333,1.24263763427734
2.00375,1.23786926269531
2.01041666666667,1.22976303100586
2.01708333333333,1.220703125
2.02375,1.21402740478516
2.03041666666667,1.21116638183594
2.03708333333333,1.21355056762695
2.04375,1.22261047363281
2.05041666666667,1.24168395996094
2.05708333333333,1.27315521240234
2.06375,1.32083892822266
2.07041666666667,1.3885498046875
2.07708333333333,1.47485733032227
2.08375,1.56927108764648
2.09041666666667,1.65748596191406
2.09708333333333,1.72948837280273
2.10375,1.78241729736328
2.11041666666667,1.81341171264648
2.11708333333333,1.82342529296875
2.12375,1.82104110717773
2.13041666666667,1.81818008422852
2.13708333333333,1.82056427001953
2.14375,1.82771682739258
2.15041666666667,1.83868408203125
2.15708333333333,1.85394287109375
2.16375,1.8763542175293
2.17041666666667,1.9078254699707
2.17708333333333,1.94931030273438
2.18375,1.99651718139648
2.19041666666667,2.04610824584961
2.19708333333333,2.09283828735352
2.20375,2.13146209716797
2.21041666666667,2.15721130371094
2.21708333333333,2.17056274414063
2.22375,2.17676162719727
2.23041666666667,2.1815299987793
2.23708333333333,2.19106674194336
2.24375,2.2130012512207
2.25041666666667,2.25496292114258
2.25708333333333,2.32028961181641
2.26375,2.410888671875
2.27041666666667,2.52580642700195
2.27708333333333,2.66504287719727
2.28375,2.82716751098633
2.29041666666667,3.01027297973633
2.29708333333333,3.21245193481445
2.30375,3.42893600463867
2.31041666666667,3.65829467773438
2.31708333333333,3.90625
2.32375,4.18806076049805
2.33041666666667,4.52756881713867
2.33708333333333,4.94813919067383
2.34375,5.45072555541992
2.35041666666667,5.99527359008789
2.35708333333333,6.51359558105469
2.36375,6.91986083984375
2.37041666666667,7.13396072387695
2.37708333333333,7.11297988891602
2.38375,6.88362121582031
2.39041666666667,6.54125213623047
2.39708333333333,6.18648529052734
2.40375,5.86986541748047
2.41041666666667,5.53274154663086
2.41708333333333,5.05352020263672
2.42375,4.27389144897461
2.43041666666667,3.13854217529297
2.43708333333333,1.78241729736328
2.44375,0.499248504638672
2.45041666666667,-0.392436981201172
2.45708333333333,-0.717639923095703
2.46375,-0.409603118896484
2.47041666666667,0.413417816162109
2.47708333333333,1.44672393798828
2.48375,2.36606597900391
2.49041666666667,3.04651260375977
2.49708333333333,3.55243682861328
2.50375,3.9057731628418
2.51041666666667,4.08601760864258
2.51708333333333,4.14323806762695
2.52375,4.17089462280273
2.53041666666667,4.16374206542969
2.53708333333333,4.02021408081055
2.54375,3.72934341430664
2.55041666666667,3.42416763305664
2.55708333333333,3.22675704956055
2.56375,3.10230255126953
2.57041666666667,2.93684005737305
2.57708333333333,2.70509719848633
2.58375,2.47049331665039
2.59041666666667,2.26306915283203
2.59708333333333,2.05612182617188
2.60375,1.8458366394043
2.61041666666667,1.67417526245117
2.61708333333333,1.57356262207031
2.62375,1.53446197509766
2.63041666666667,1.53112411499023
2.63708333333333,1.54829025268555
2.64375,1.57928466796875
2.65041666666667,1.62172317504883
2.65708333333333,1.67465209960938
2.66375,1.74045562744141
2.67041666666667,1.82628631591797
2.67708333333333,1.94263458251953
2.68375,2.105712890625
2.69041666666667,2.32648849487305
2.69708333333333,2.59971618652344
2.70375,2.8843879699707
2.71041666666667,3.11803817749023
2.71708333333333,3.2496452331543
2.72375,3.25965881347656
2.73041666666667,3.15237045288086
2.73708333333333,2.94828414916992
2.74375,2.69269943237305
2.75041666666667,2.44379043579102
2.75708333333333,2.2435188293457
2.76375,2.09331512451172
2.77041666666667,1.97362899780273
2.77708333333333,1.86967849731445
2.78375,1.77764892578125
2.79041666666667,1.69897079467773
2.79708333333333,1.63555145263672
2.80375,1.59025192260742
2.81041666666667,1.56497955322266
2.81708333333333,1.55878067016602
2.82375,1.56879425048828
2.83041666666667,1.59072875976563
2.83708333333333,1.62172317504883
2.84375,1.65796279907227
2.85041666666667,1.69754028320313
2.85708333333333,1.73807144165039
2.86375,1.77812576293945
2.87041666666667,1.81674957275391
2.87708333333333,1.85394287109375
2.88375,1.89113616943359
2.89041666666667,1.92975997924805
2.89708333333333,1.97076797485352
2.90375,2.0146369934082
2.91041666666667,2.06136703491211
2.91708333333333,2.10952758789063
2.92375,2.15721130371094
2.93041666666667,2.20203399658203
2.93708333333333,2.2425651550293
2.94375,2.27785110473633
2.95041666666667,2.30884552001953
2.95708333333333,2.33936309814453
2.96375,2.37131118774414
2.97041666666667,2.40755081176758
2.97708333333333,2.44998931884766
2.98375,2.50101089477539
2.99041666666667,2.5634765625
2.99708333333333,2.63690948486328
3.00375,2.72130966186523
3.01041666666667,2.81333923339844
3.01708333333333,2.90679931640625
3.02375,2.9911994934082
3.03041666666667,3.0522346496582
3.03708333333333,3.07798385620117
3.04375,3.06463241577148
3.05041666666667,3.01933288574219
3.05708333333333,2.96831130981445
3.06375,2.96640396118164
3.07041666666667,3.15189361572266
3.07708333333333,4.10985946655273
3.08375,7.4925422668457
3.09041666666667,15.6502723693848
3.09708333333333,30.6992530822754
3.10375,54.1934967041016
3.11041666666667,87.0132446289063
3.11708333333333,127.309799194336
3.12375,168.262004852295
3.13041666666667,199.960708618164
3.13708333333333,214.846134185791
3.14375,210.797309875488
3.15041666666667,189.834117889404
3.15708333333333,156.868934631348
3.16375,119.451999664307
3.17041666666667,86.2526893615723
3.17708333333333,63.0865097045898
3.18375,50.4517555236816
3.19041666666667,45.0654029846191
3.19708333333333,42.9644584655762
3.20375,41.5191650390625
3.21041666666667,39.4930839538574
3.21708333333333,36.5052223205566
3.22375,32.6709747314453
3.23041666666667,28.3780097961426
3.23708333333333,24.078369140625
3.24375,20.134449005127
3.25041666666667,16.7484283447266
3.25708333333333,13.9718055725098
3.26375,11.7549896240234
3.27041666666667,10.0030899047852
3.27708333333333,8.61167907714844
3.28375,7.49301910400391
3.29041666666667,6.57987594604492
3.29708333333333,5.82504272460938
3.30375,5.19609451293945
3.31041666666667,4.66823577880859
3.31708333333333,4.22286987304688
3.32375,3.84521484375
3.33041666666667,3.52287292480469
3.33708333333333,3.24630737304688
3.34375,3.00741195678711
3.35041666666667,2.79855728149414
3.35708333333333,2.61402130126953
3.36375,2.44951248168945
3.37041666666667,2.30264663696289
3.37708333333333,2.17056274414063
3.38375,2.05039978027344
3.39041666666667,1.93977355957031
3.39708333333333,1.83725357055664
3.40375,1.74379348754883
3.41041666666667,1.65939331054688
3.41708333333333,1.58214569091797
3.42375,1.5110969543457
3.43041666666667,1.44529342651367
3.43708333333333,1.38664245605469
3.44375,1.33419036865234
3.45041666666667,1.28698348999023
3.45708333333333,1.24263763427734
3.46375,1.20115280151367
3.47041666666667,1.16348266601563
3.47708333333333,1.1286735534668
3.48375,1.09672546386719
3.49041666666667,1.06573104858398
3.49708333333333,1.03473663330078
3.50375,1.00421905517578
3.51041666666667,0.974655151367188
3.51708333333333,0.945568084716797
3.52375,0.915050506591797
3.53041666666667,0.883102416992188
3.53708333333333,0.851631164550781
3.54375,0.821590423583984
3.55041666666667,0.792503356933594
3.55708333333333,0.764369964599609
3.56375,0.737190246582031
3.57041666666667,0.711917877197266
3.57708333333333,0.689983367919922
3.58375,0.67138671875
3.59041666666667,0.655651092529297
3.59708333333333,0.642299652099609
3.60375,0.631809234619141
3.61041666666667,0.624656677246094
3.61708333333333,0.620841979980469
3.62375,0.618457794189453
3.63041666666667,0.616550445556641
3.63708333333333,0.615596771240234
3.64375,0.616073608398438
3.65041666666667,0.617504119873047
3.65708333333333,0.620841979980469
3.66375,0.626564025878906
3.67041666666667,0.633716583251953
3.67708333333333,0.642776489257813
3.68375,0.652313232421875
3.69041666666667,0.661849975585938
3.69708333333333,0.670433044433594
3.70375,0.677585601806641
3.71041666666667,0.683784484863281
3.71708333333333,0.690460205078125
3.72375,0.696659088134766
3.73041666666667,0.702857971191406
3.73708333333333,0.708103179931641
3.74375,0.713825225830078
3.75041666666667,0.720024108886719
3.75708333333333,0.726222991943359
3.76375,0.731945037841797
3.77041666666667,0.738143920898438
3.77708333333333,0.744819641113281
3.78375,0.752925872802734
3.79041666666667,0.760555267333984
3.79708333333333,0.768184661865234
3.80375,0.775337219238281
3.81041666666667,0.782489776611328
3.81708333333333,0.788211822509766
3.82375,0.79345703125
3.83041666666667,0.798702239990234
3.83708333333333,0.804424285888672
3.84375,0.811100006103516
3.85041666666667,0.817298889160156
3.85708333333333,0.823974609375
3.86375,0.830650329589844
3.87041666666667,0.836372375488281
3.87708333333333,0.842094421386719
3.88375,0.848293304443359
3.89041666666667,0.856876373291016
3.89708333333333,0.865936279296875
3.90375,0.875473022460938
3.91041666666667,0.884532928466797
3.91708333333333,0.894069671630859
3.92375,0.903606414794922
3.93041666666667,0.912666320800781
3.93708333333333,0.921249389648438
3.94375,0.9307861328125
3.95041666666667,0.941276550292969
3.95708333333333,0.951766967773438
3.96375,0.962257385253906
3.97041666666667,0.972747802734375
3.97708333333333,0.984668731689453
3.98375,0.997543334960938
3.99041666666667,1.01184844970703
3.99708333333333,1.02710723876953
4.00375,1.04188919067383
4.01041666666667,1.05619430541992
4.01708333333333,1.07049942016602
4.02375,1.08575820922852
4.03041666666667,1.10149383544922
4.03708333333333,1.11722946166992
4.04375,1.13391876220703
4.05041666666667,1.15108489990234
4.05708333333333,1.16825103759766
4.06375,1.18446350097656
4.07041666666667,1.20019912719727
4.07708333333333,1.21736526489258
4.08375,1.2364387512207
4.09041666666667,1.25646591186523
4.09708333333333,1.27744674682617
4.10375,1.30033493041992
4.11041666666667,1.32465362548828
4.11708333333333,1.34944915771484
4.12375,1.3737678527832
4.13041666666667,1.39904022216797
4.13708333333333,1.42621994018555
4.14375,1.45387649536133
4.15041666666667,1.48105621337891
4.15708333333333,1.50823593139648
4.16375,1.53732299804688
4.17041666666667,1.56736373901367
4.17708333333333,1.59740447998047
4.18375,1.62744522094727
4.19041666666667,1.65748596191406
4.19708333333333,1.68800354003906
4.20375,1.71804428100586
4.21041666666667,1.74808502197266
4.21708333333333,1.77812576293945
4.22375,1.80864334106445
4.23041666666667,1.83963775634766
4.23708333333333,1.87206268310547
4.24375,1.90496444702148
4.25041666666667,1.93691253662109
4.25708333333333,1.9688606262207
4.26375,2.00080871582031
4.27041666666667,2.03180313110352
4.27708333333333,2.06136703491211
4.28375,2.08950042724609
4.29041666666667,2.11763381958008
4.29708333333333,2.14481353759766
4.30375,2.17103958129883
4.31041666666667,2.19583511352539
4.31708333333333,2.21920013427734
4.32375,2.24113464355469
4.33041666666667,2.26116180419922
4.33708333333333,2.27975845336914
4.34375,2.29692459106445
4.35041666666667,2.31266021728516
4.35708333333333,2.32744216918945
4.36375,2.34174728393555
4.37041666666667,2.35414505004883
4.37708333333333,2.36415863037109
4.38375,2.37274169921875
4.39041666666667,2.38037109375
4.39708333333333,2.38656997680664
4.40375,2.39086151123047
4.41041666666667,2.39324569702148
4.41708333333333,2.39419937133789
4.42375,2.39324569702148
4.43041666666667,2.39181518554688
4.43708333333333,2.38990783691406
4.44375,2.38943099975586
4.45041666666667,2.38895416259766
4.45708333333333,2.38847732543945
4.46375,2.38800048828125
4.47041666666667,2.38752365112305
4.47708333333333,2.38656997680664
4.48375,2.38513946533203
4.49041666666667,2.38370895385742
4.49708333333333,2.38370895385742
4.50375,2.38370895385742
4.51041666666667,2.38418579101563
4.51708333333333,2.38418579101563
4.52375,2.38513946533203
4.53041666666667,2.38704681396484
4.53708333333333,2.39038467407227
4.54375,2.39467620849609
4.55041666666667,2.40039825439453
4.55708333333333,2.40707397460938
4.56375,2.41518020629883
4.57041666666667,2.42424011230469
4.57708333333333,2.43520736694336
4.58375,2.44712829589844
4.59041666666667,2.45904922485352
4.59708333333333,2.47097015380859
4.60375,2.48098373413086
4.61041666666667,2.49004364013672
4.61708333333333,2.49767303466797
4.62375,2.50530242919922
4.63041666666667,2.51245498657227
4.63708333333333,2.51960754394531
4.64375,2.52676010131836
4.65041666666667,2.5334358215332
4.65708333333333,2.53915786743164
4.66375,2.54297256469727
4.67041666666667,2.54487991333008
4.67708333333333,2.54631042480469
4.68375,2.54678726196289
4.69041666666667,2.54631042480469
4.69708333333333,2.54535675048828
4.70375,2.54583358764648
4.71041666666667,2.55012512207031
4.71708333333333,2.55727767944336
4.72375,2.56729125976563
4.73041666666667,2.57968902587891
4.73708333333333,2.59494781494141
4.74375,2.61449813842773
4.75041666666667,2.63833999633789
4.75708333333333,2.66695022583008
4.76375,2.69985198974609
4.77041666666667,2.73942947387695
4.77708333333333,2.78568267822266
4.78375,2.838134765625
4.79041666666667,2.89487838745117
4.79708333333333,2.95734405517578
4.80375,3.02648544311523
4.81041666666667,3.10277938842773
4.81708333333333,3.18479537963867
4.82375,3.27348709106445
4.83041666666667,3.36790084838867
4.83708333333333,3.46803665161133
4.84375,3.57341766357422
4.85041666666667,3.68404388427734
4.85708333333333,3.7994384765625
4.86375,3.91912460327148
4.87041666666667,4.04167175292969
4.87708333333333,4.16755676269531
4.88375,4.29630279541016
4.89041666666667,4.42695617675781
4.89708333333333,4.55808639526367
4.90375,4.69112396240234
4.91041666666667,4.82606887817383
4.91708333333333,4.96244430541992
4.92375,5.09786605834961
4.93041666666667,5.23281097412109
4.93708333333333,5.36584854125977
4.94375,5.49793243408203
4.95041666666667,5.62620162963867
4.95708333333333,5.75113296508789
4.96375,5.8746337890625
4.97041666666667,5.99813461303711
4.97708333333333,6.12115859985352
4.98375,6.24227523803711
4.99041666666667,6.36196136474609
4.99708333333333,6.48164749145508
5.00375,6.60133361816406
5.01041666666667,6.72149658203125
5.01708333333333,6.84213638305664
5.02375,6.96563720703125
5.03041666666667,7.09247589111328
5.03708333333333,7.22455978393555
5.04375,7.36188888549805
5.05041666666667,7.50541687011719
5.05708333333333,7.65657424926758
5.06375,7.81774520874023
5.07041666666667,7.99083709716797
5.07708333333333,8.17632675170898
5.08375,8.3765983581543
5.09041666666667,8.59403610229492
5.09708333333333,8.83197784423828
5.10375,9.09185409545898
5.11041666666667,9.37604904174805
5.11708333333333,9.68694686889648
5.12375,10.0264549255371
5.13041666666667,10.3960037231445
5.13708333333333,10.798454284668
5.14375,11.2347602844238
5.15041666666667,11.7073059082031
5.15708333333333,12.2170448303223
5.16375,12.7663612365723
5.17041666666667,13.3557319641113
5.17708333333333,13.9851570129395
5.18375,14.655590057373
5.19041666666667,15.3660774230957
5.19708333333333,16.115665435791
5.20375,16.9029235839844
5.21041666666667,17.7245140075684
5.21708333333333,18.578052520752
5.22375,19.4597244262695
5.23041666666667,20.3652381896973
5.23708333333333,21.2907791137695
5.24375,22.2311019897461
5.25041666666667,23.1800079345703
5.25708333333333,24.1312980651855
5.26375,25.0787734985352
5.27041666666667,26.0148048400879
5.27708333333333,26.9327163696289
5.28375,27.8234481811523
5.29041666666667,28.6784172058105
5.29708333333333,29.4904708862305
5.30375,30.2529335021973
5.31041666666667,30.9576988220215
5.31708333333333,31.5976142883301
5.32375,32.167911529541
5.33041666666667,32.6628684997559
5.33708333333333,33.0758094787598
5.34375,33.4029197692871
5.35041666666667,33.6408615112305
5.35708333333333,33.7872505187988
5.36375,33.841609954834
5.37041666666667,33.8025093078613
5.37708333333333,33.6694717407227
5.38375,33.4439277648926
5.39041666666667,33.1282615661621
5.39708333333333,32.7262878417969
5.40375,32.2403907775879
5.41041666666667,31.6739082336426
5.41708333333333,31.033992767334
5.42375,30.3263664245605
5.43041666666667,29.5572280883789
5.43708333333333,28.7327766418457
5.44375,27.8611183166504
5.45041666666667,26.9513130187988
5.45708333333333,26.0114669799805
5.46375,25.0487327575684
5.47041666666667,24.0697860717773
5.47708333333333,23.0808258056641
5.48375,22.0885276794434
5.49041666666667,21.0995674133301
5.49708333333333,20.1201438903809
5.50375,19.1564559936523
5.51041666666667,18.214225769043
5.51708333333333,17.2991752624512
5.52375,16.4146423339844
5.53041666666667,15.5658721923828
5.53708333333333,14.7547721862793
5.54375,13.9837265014648
5.55041666666667,13.2532119750977
5.55708333333333,12.5670433044434
5.56375,11.925220489502
5.57041666666667,11.3272666931152
5.57708333333333,10.7736587524414
5.58375,10.2624893188477
5.59041666666667,9.79423522949219
5.59708333333333,9.36794281005859
5.60375,8.98170471191406
5.61041666666667,8.63361358642578
5.61708333333333,8.32176208496094
5.62375,8.04471969604492
5.63041666666667,7.80010223388672
5.63708333333333,7.58552551269531
5.64375,7.4005126953125
5.65041666666667,7.24554061889648
5.65708333333333,7.12299346923828
5.66375,7.0338249206543
5.67041666666667,6.97994232177734
5.67708333333333,6.96420669555664
5.68375,6.99138641357422
5.69041666666667,7.06672668457031
5.69708333333333,7.19690322875977
5.70375,7.38811492919922
5.71041666666667,7.64942169189453
5.71708333333333,7.98940658569336
5.72375,8.41712951660156
5.73041666666667,8.9411735534668
5.73708333333333,9.57202911376953
5.74375,10.319709777832
5.75041666666667,11.1947059631348
5.75708333333333,12.2065544128418
5.76375,13.3624076843262
5.77041666666667,14.6679878234863
5.77708333333333,16.1275863647461
5.78375,17.7445411682129
5.79041666666667,19.5188522338867
5.79708333333333,21.4476585388184
5.80375,23.5247611999512
5.81041666666667,25.7401466369629
5.81708333333333,28.0818939208984
5.82375,30.5314064025879
5.83041666666667,33.0691337585449
5.83708333333333,35.670280456543
5.84375,38.3076667785645
5.85041666666667,40.952205657959
5.85708333333333,43.5714721679688
5.86375,46.1325645446777
5.87041666666667,48.6001968383789
5.87708333333333,50.9400367736816
5.88375,53.1187057495117
5.89041666666667,55.1028251647949
5.89708333333333,56.861400604248
5.90375,58.3677291870117
5.91041666666667,59.5998764038086
5.91708333333333,60.5406761169434
5.92375,61.1796379089355
5.93041666666667,61.5100860595703
5.93708333333333,61.5320205688477
5.94375,61.2506866455078
5.95041666666667,60.6770515441895
5.95708333333333,59.8268508911133
5.96375,58.7201118469238
5.97041666666667,57.3816299438477
5.97708333333333,55.8395385742188
5.98375,54.1253089904785
5.99041666666667,52.2708892822266
5.99708333333333,50.3082275390625
6.00375,48.2707023620605
6.01041666666667,46.1897850036621
6.01708333333333,44.0950393676758
6.02375,42.0126914978027
6.03041666666667,39.9675369262695
6.03708333333333,37.9810333251953
6.04375,36.069393157959
6.05041666666667,34.245491027832
6.05708333333333,32.5202941894531
6.06375,30.8995246887207
6.07041666666667,29.3879508972168
6.07708333333333,27.9855728149414
6.08375,26.6928672790527
6.09041666666667,25.5069732666016
6.09708333333333,24.4226455688477
6.10375,23.4336853027344
6.11041666666667,22.5310325622559
6.11708333333333,21.7061042785645
6.12375,20.9469795227051
6.13041666666667,20.2398300170898
6.13708333333333,19.5713043212891
6.14375,18.9261436462402
6.15041666666667,18.2900428771973
6.15708333333333,17.6491737365723
6.16375,16.9925689697266
6.17041666666667,16.3145065307617
6.17708333333333,15.6111717224121
6.18375,14.885425567627
6.19041666666667,14.1444206237793
6.19708333333333,13.3981704711914
6.20375,12.6590728759766
6.21041666666667,11.9400024414063
6.21708333333333,11.2552642822266
6.22375,10.6158256530762
6.23041666666667,10.0312232971191
6.23708333333333,9.50765609741211
6.24375,9.05132293701172
6.25041666666667,8.66556167602539
6.25708333333333,8.35275650024414
6.26375,8.11386108398438
6.27041666666667,7.9498291015625
6.27708333333333,7.86352157592773
6.28375,7.8577995300293
6.29041666666667,7.93790817260742
6.29708333333333,8.11100006103516
6.30375,8.38756561279297
6.31041666666667,8.78047943115234
6.31708333333333,9.3073844909668
6.32375,9.98592376708984
6.33041666666667,10.8342170715332
6.33708333333333,11.8746757507324
6.34375,13.1306648254395
6.35041666666667,14.6260261535645
6.35708333333333,16.383171081543
6.36375,18.4226036071777
6.37041666666667,20.7643508911133
6.37708333333333,23.4217643737793
6.38375,26.4010429382324
6.39041666666667,29.6998023986816
6.39708333333333,33.3061218261719
6.40375,37.1975898742676
6.41041666666667,41.3427352905273
6.41708333333333,45.6986427307129
6.42375,50.2119064331055
6.43041666666667,54.8181533813477
6.43708333333333,59.4477653503418
6.44375,64.0273094177246
6.45041666666667,68.479061126709
6.45708333333333,72.7248191833496
6.46375,76.6892433166504
6.47041666666667,80.3027153015137
6.47708333333333,83.5013389587402
6.48375,86.2307548522949
6.49041666666667,88.4408950805664
6.49708333333333,90.0940895080566
6.50375,91.1622047424316
6.51041666666667,91.6314125061035
6.51708333333333,91.4983749389648
6.52375,90.7702445983887
6.53041666666667,89.4684791564941
6.53708333333333,87.6250267028809
6.54375,85.2847099304199
6.55041666666667,82.4995040893555
6.55708333333333,79.3261528015137
6.56375,75.8304595947266
6.57041666666667,72.0815658569336
6.57708333333333,68.1476593017578
6.58375,64.0945434570313
6.59041666666667,59.9861145019531
6.59708333333333,55.8834075927734
6.60375,51.8398284912109
6.61041666666667,47.9006767272949
6.61708333333333,44.105052947998
6.62375,40.4853820800781
6.63041666666667,37.0659828186035
6.63708333333333,33.8659286499023
6.64375,30.8961868286133
6.65041666666667,28.1624794006348
6.65708333333333,25.6667137145996
6.66375,23.4060287475586
6.67041666666667,21.3756561279297
6.67708333333333,19.5679664611816
6.68375,17.972469329834
6.69041666666667,16.578197479248
6.69708333333333,15.3727531433105
6.70375,14.3451690673828
6.71041666666667,13.4811401367188
6.71708333333333,12.7673149108887
6.72375,12.1898651123047
6.73041666666667,11.7368698120117
6.73708333333333,11.3968849182129
6.74375,11.1584663391113
6.75041666666667,11.012077331543
6.75708333333333,10.9505653381348
6.76375,10.9672546386719
6.77041666666667,11.0549926757813
6.77708333333333,11.2090110778809
6.78375,11.4250183105469
6.79041666666667,11.7015838623047
6.79708333333333,12.0353698730469
6.80375,12.425422668457
6.81041666666667,12.8698348999023
6.81708333333333,13.3676528930664
6.82375,13.916015625
6.83041666666667,14.5115852355957
6.83708333333333,15.1476860046387
6.84375,15.8171653747559
6.85041666666667,16.514778137207
6.85708333333333,17.2324180603027
6.86375,17.9629325866699
6.87041666666667,18.6982154846191
6.87708333333333,19.4330215454102
6.88375,20.1630592346191
6.89041666666667,20.8845138549805
6.89708333333333,21.5940475463867
6.90375,22.2892761230469
6.91041666666667,22.9678153991699
6.91708333333333,23.6272811889648
6.92375,24.266242980957
6.93041666666667,24.8813629150391
6.93708333333333,25.4664421081543
6.94375,26.0138511657715
6.95041666666667,26.5169143676758
6.95708333333333,26.9670486450195
6.96375,27.3561477661133
6.97041666666667,27.6756286621094
6.97708333333333,27.9169082641602
6.98375,28.0747413635254
6.99041666666667,28.1434059143066
6.99708333333333,28.1186103820801
7.00375,27.9970169067383
7.01041666666667,27.778148651123
7.01708333333333,27.4643898010254
7.02375,27.0576477050781
7.03041666666667,26.5603065490723
7.03708333333333,25.9757041931152
7.04375,25.3081321716309
7.05041666666667,24.5637893676758
7.05708333333333,23.7493515014648
7.06375,22.8729248046875
7.07041666666667,21.9464302062988
7.07708333333333,20.9822654724121
7.08375,19.9904441833496
7.09041666666667,18.984317779541
7.09708333333333,17.9767608642578
7.10375,16.9811248779297
7.11041666666667,16.0107612609863
7.11708333333333,15.078067779541
7.12375,14.1949653625488
7.13041666666667,13.3700370788574
7.13708333333333,12.6099586486816
7.14375,11.9180679321289
7.15041666666667,11.2948417663574
7.15708333333333,10.7393264770508
7.16375,10.2481842041016
7.17041666666667,9.81760025024414
7.17708333333333,9.44280624389648
7.18375,9.11855697631836
7.19041666666667,8.84056091308594
7.19708333333333,8.60500335693359
7.20375,8.4071159362793
7.21041666666667,8.24308395385742
7.21708333333333,8.11100006103516
7.22375,8.00704956054688
7.23041666666667,7.92789459228516
7.23708333333333,7.87067413330078
7.24375,7.83300399780273
7.25041666666667,7.81154632568359
7.25708333333333,7.80010223388672
7.26375,7.79390335083008
7.27041666666667,7.78675079345703
7.27708333333333,7.77292251586914
7.28375,7.74574279785156
7.29041666666667,7.70139694213867
7.29708333333333,7.63607025146484
7.30375,7.54880905151367
7.31041666666667,7.43961334228516
7.31708333333333,7.30991363525391
7.32375,7.16114044189453
7.33041666666667,6.99663162231445
7.33708333333333,6.81972503662109
7.34375,6.6370964050293
7.35041666666667,6.45542144775391
7.35708333333333,6.28089904785156
7.36375,6.12115859985352
7.37041666666667,5.98430633544922
7.37708333333333,5.87844848632813
7.38375,5.81073760986328
7.39041666666667,5.78832626342773
7.39708333333333,5.82027435302734
7.40375,5.91468811035156
7.41041666666667,6.07872009277344
7.41708333333333,6.31999969482422
7.42375,6.64186477661133
7.43041666666667,7.04622268676758
7.43708333333333,7.53116607666016
7.44375,8.09097290039063
7.45041666666667,8.71515274047852
7.45708333333333,9.38796997070313
7.46375,10.0874900817871
7.47041666666667,10.7879638671875
7.47708333333333,11.4612579345703
7.48375,12.080192565918
7.49041666666667,12.6190185546875
7.49708333333333,13.0558013916016
7.50375,13.3790969848633
7.51041666666667,13.5869979858398
7.51708333333333,13.6904716491699
7.52375,13.7114524841309
7.53041666666667,13.6842727661133
7.53708333333333,13.6547088623047
7.54375,13.6771202087402
7.55041666666667,13.8125419616699
7.55708333333333,14.1258239746094
7.56375,14.6808624267578
7.57041666666667,15.538215637207
7.57708333333333,16.7512893676758
7.58375,18.3634757995605
7.59041666666667,20.4019546508789
7.59708333333333,22.8734016418457
7.60375,25.7577896118164
7.61041666666667,29.0083885192871
7.61708333333333,32.5489044189453
7.62375,36.2744331359863
7.63041666666667,40.0557518005371
7.63708333333333,43.7450408935547
7.64375,47.1854209899902
7.65041666666667,50.2252578735352
7.65708333333333,52.727222442627
7.66375,54.5783042907715
7.67041666666667,55.6964874267578
7.67708333333333,56.0417175292969
7.68375,55.6135177612305
7.69041666666667,54.4509887695313
7.69708333333333,52.6237487792969
7.70375,50.2276420593262
7.71041666666667,47.3780632019043
7.71708333333333,44.2004203796387
7.72375,40.8205986022949
7.73041666666667,37.3592376708984
7.73708333333333,33.9274406433105
7.74375,30.6215286254883
7.75041666666667,27.5216102600098
7.75708333333333,24.6906280517578
7.76375,22.1729278564453
7.77041666666667,19.9966430664063
7.77708333333333,18.1770324707031
7.78375,16.7183876037598
7.79041666666667,15.6145095825195
7.79708333333333,14.8525238037109
7.80375,14.4147872924805
7.81041666666667,14.2793655395508
7.81708333333333,14.4214630126953
7.82375,14.8105621337891
7.83041666666667,15.4118537902832
7.83708333333333,16.1843299865723
7.84375,17.0812606811523
7.85041666666667,18.0535316467285
7.85708333333333,19.047737121582
7.86375,20.0095176696777
7.87041666666667,20.8864212036133
7.87708333333333,21.6312408447266
7.88375,22.2043991088867
7.89041666666667,22.5763320922852
7.89708333333333,22.7298736572266
7.90375,22.6593017578125
7.91041666666667,22.3712921142578
7.91708333333333,21.8839645385742
7.92375,21.2249755859375
7.93041666666667,20.4272270202637
7.93708333333333,19.5279121398926
7.94375,18.5637474060059
7.95041666666667,17.5724029541016
7.95708333333333,16.5867805480957
7.96375,15.6364440917969
7.97041666666667,14.7428512573242
7.97708333333333,13.9236450195313
7.98375,13.1888389587402
7.99041666666667,12.5432014465332
7.99708333333333,11.986255645752
8.00375,11.5127563476563
8.01041666666667,11.1160278320313
8.01708333333333,10.7874870300293
8.02375,10.5175971984863
8.03041666666667,10.2982521057129
8.03708333333333,10.1222991943359
8.04375,9.98449325561523
8.05041666666667,9.88197326660156
8.05708333333333,9.81378555297852
8.06375,9.7808837890625
8.07041666666667,9.78374481201172
8.07708333333333,9.82379913330078
8.08375,9.90200042724609
8.09041666666667,10.0183486938477
8.09708333333333,10.1718902587891
8.10375,10.3597640991211
8.11041666666667,10.5757713317871
8.11708333333333,10.8156204223633
8.12375,11.0726356506348
8.13041666666667,11.3401412963867
8.13708333333333,11.6114616394043
8.14375,11.8803977966309
8.15041666666667,12.1440887451172
8.15708333333333,12.3987197875977
8.16375,12.6423835754395
8.17041666666667,12.8746032714844
8.17708333333333,13.094425201416
8.18375,13.3018493652344
8.19041666666667,13.495922088623
8.19708333333333,13.6756896972656
8.20375,13.8392448425293
8.21041666666667,13.9846801757813
8.21708333333333,14.1105651855469
8.22375,14.2130851745605
8.23041666666667,14.2889022827148
8.23708333333333,14.3346786499023
8.24375,14.3465995788574
8.25041666666667,14.3213272094727
8.25708333333333,14.2550468444824
8.26375,14.1444206237793
8.27041666666667,13.9865875244141
8.27708333333333,13.7810707092285
8.28375,13.526439666748
8.29041666666667,13.2236480712891
8.29708333333333,12.8765106201172
8.30375,12.4926567077637
8.31041666666667,12.0840072631836
8.31708333333333,11.6639137268066
8.32375,11.2490653991699
8.33041666666667,10.861873626709
8.33708333333333,10.526180267334
8.34375,10.2672576904297
8.35041666666667,10.1099014282227
8.35708333333333,10.0831985473633
8.36375,10.2181434631348
8.37041666666667,10.5509757995605
8.37708333333333,11.1284255981445
8.38375,12.0248794555664
8.39041666666667,13.3757591247559
8.39708333333333,15.4523849487305
8.40375,18.7973976135254
8.41041666666667,24.3854522705078
8.41708333333333,33.7390899658203
8.42375,48.9654541015625
8.43041666666667,72.7276802062988
8.43708333333333,108.109474182129
8.44375,158.257007598877
8.45041666666667,225.634098052979
8.45708333333333,310.646057128906
8.46375,410.033226013184
8.47041666666667,516.531467437744
8.47708333333333,620.564937591553
8.48375,712.896347045898
8.49041666666667,786.514759063721
8.49708333333333,837.645530700684
8.50375,866.555690765381
8.51041666666667,877.33268737793
8.51708333333333,875.994205474854
8.52375,867.947101593018
8.53041666666667,856.644630432129
8.53708333333333,843.818664550781
8.54375,830.225467681885
8.55041666666667,816.18595123291
8.55708333333333,801.843643188477
8.56375,787.271022796631
8.57041666666667,772.517681121826
8.57708333333333,757.614135742188
8.58375,742.578506469727
8.59041666666667,727.419853210449
8.59708333333333,712.146759033203
8.60375,696.769714355469
8.61041666666667,681.299209594727
8.61708333333333,665.745258331299
8.62375,650.119781494141
8.63041666666667,634.437084197998
8.63708333333333,618.715763092041
8.64375,602.982044219971
8.65041666666667,587.263107299805
8.65708333333333,571.586132049561
8.66375,555.971145629883
8.67041666666667,540.440082550049
8.67708333333333,525.016307830811
8.68375,509.719848632813
8.69041666666667,494.559764862061
8.69708333333333,479.538917541504
8.70375,464.658260345459
8.71041666666667,449.917793273926
8.71708333333333,435.31608581543
8.72375,420.847415924072
8.73041666666667,406.502723693848
8.73708333333333,392.271518707275
8.74375,378.152370452881
8.75041666666667,364.145755767822
8.75708333333333,350.254058837891
8.76375,336.475849151611
8.77041666666667,322.811126708984
8.77708333333333,309.267520904541
8.78375,295.855522155762
8.79041666666667,282.58752822876
8.79708333333333,269.471645355225
8.80375,256.51741027832
8.81041666666667,243.738651275635
8.81708333333333,231.152057647705
8.82375,218.775272369385
8.83041666666667,206.624984741211
8.83708333333333,194.716930389404
8.84375,183.071613311768
8.85041666666667,171.711921691895
8.85708333333333,160.66312789917
8.86375,149.949073791504
8.87041666666667,139.590740203857
8.87708333333333,129.60958480835
8.88375,120.029449462891
8.89041666666667,110.873699188232
8.89708333333333,102.162837982178
8.90375,93.9106941223145
8.91041666666667,86.1287117004395
8.91708333333333,78.8254737854004
8.92375,72.0095634460449
8.93041666666667,65.6800270080566
8.93708333333333,59.8311424255371
8.94375,54.4533729553223
8.95041666666667,49.5352745056152
8.95708333333333,45.0634956359863
8.96375,41.0184860229492
8.97041666666667,37.3783111572266
8.97708333333333,34.1181755065918
8.98375,31.2113761901855
8.99041666666667,28.630256652832
8.99708333333333,26.3495445251465
9.00375,24.3420600891113
9.01041666666667,22.5811004638672
9.01708333333333,21.0442543029785
9.02375,19.7110176086426
9.03041666666667,18.5651779174805
9.03708333333333,17.5905227661133
9.04375,16.7727470397949
9.05041666666667,16.1032676696777
9.05708333333333,15.5730247497559
9.06375,15.1767730712891
9.07041666666667,14.9116516113281
9.07708333333333,14.7786140441895
9.08375,14.7800445556641
9.09041666666667,14.9216651916504
9.09708333333333,15.2091979980469
9.10375,15.6474113464355
9.11041666666667,16.2410736083984
9.11708333333333,16.9897079467773
9.12375,17.8909301757813
9.13041666666667,18.9342498779297
9.13708333333333,20.103931427002
9.14375,21.3766098022461
9.15041666666667,22.7193832397461
9.15708333333333,24.0912437438965
9.16375,25.444507598877
9.17041666666667,26.7271995544434
9.17708333333333,27.8873443603516
9.18375,28.8729667663574
9.19041666666667,29.639720916748
9.19708333333333,30.153751373291
9.20375,30.3921699523926
9.21041666666667,30.3449630737305
9.21708333333333,30.0154685974121
9.22375,29.4208526611328
9.23041666666667,28.5882949829102
9.23708333333333,27.5554656982422
9.24375,26.364803314209
9.25041666666667,25.0611305236816
9.25708333333333,23.6883163452148
9.26375,22.2878456115723
9.27041666666667,20.8969116210938
9.27708333333333,19.5431709289551
9.28375,18.24951171875
9.29041666666667,17.0316696166992
9.29708333333333,15.9006118774414
9.30375,14.8615837097168
9.31041666666667,13.9150619506836
9.31708333333333,13.0572319030762
9.32375,12.2833251953125
9.33041666666667,11.5880966186523
9.33708333333333,10.9639167785645
9.34375,10.404109954834
9.35041666666667,9.9029541015625
9.35708333333333,9.45377349853516
9.36375,9.05179977416992
9.37041666666667,8.69131088256836
9.37708333333333,8.36563110351563
9.38375,8.0714225769043
9.39041666666667,7.80296325683594
9.39708333333333,7.55739212036133
9.40375,7.33137130737305
9.41041666666667,7.12299346923828
9.41708333333333,6.92987442016602
9.42375,6.75058364868164
9.43041666666667,6.58464431762695
9.43708333333333,6.43157958984375
9.44375,6.29091262817383
9.45041666666667,6.1640739440918
9.45708333333334,6.05154037475586
9.46375,5.95426559448242
9.47041666666667,5.87224960327148
9.47708333333333,5.80596923828125
9.48375,5.75447082519531
9.49041666666667,5.71632385253906
9.49708333333333,5.69009780883789
9.50375,5.67436218261719
9.51041666666667,5.66864013671875
9.51708333333333,5.67054748535156
9.52375,5.68103790283203
9.53041666666667,5.69868087768555
9.53708333333333,5.72299957275391
9.54375,5.75542449951172
9.55041666666667,5.79595565795898
9.55708333333333,5.84650039672852
9.56375,5.90705871582031
9.57041666666667,5.97810745239258
9.57708333333333,6.06250762939453
9.58375,6.15835189819336
9.59041666666667,6.26468658447266
9.59708333333333,6.37912750244141
9.60375,6.500244140625
9.61041666666667,6.62517547607422
9.61708333333333,6.74867630004883
9.62375,6.86740875244141
9.63041666666667,6.97612762451172
9.63708333333333,7.07101821899414
9.64375,7.14778900146484
9.65041666666667,7.20357894897461
9.65708333333333,7.23648071289063
9.66375,7.2479248046875
9.67041666666667,7.24124908447266
9.67708333333333,7.22026824951172
9.68375,7.18832015991211
9.69041666666667,7.15112686157227
9.69708333333333,7.11202621459961
9.70375,7.07674026489258
9.71041666666667,7.0490837097168
9.71708333333333,7.03525543212891
9.72375,7.04002380371094
9.73041666666667,7.06720352172852
9.73708333333333,7.12156295776367
9.74375,7.20787048339844
9.75041666666667,7.33137130737305
9.75708333333333,7.49492645263672
9.76375,7.70235061645508
9.77041666666667,7.95602798461914
9.77708333333333,8.25738906860352
9.78375,8.60452651977539
9.79041666666667,8.99124145507813
9.79708333333333,9.40990447998047
9.80375,9.85097885131836
9.81041666666667,10.3001594543457
9.81708333333333,10.7393264770508
9.82375,11.1498832702637
9.83041666666667,11.512279510498
9.83708333333333,11.8088722229004
9.84375,12.0224952697754
9.85041666666667,12.1397972106934
9.85708333333333,12.1536254882813
9.86375,12.0635032653809
9.87041666666667,11.8746757507324
9.87708333333333,11.5966796875
9.88375,11.2447738647461
9.89041666666667,10.838508605957
9.89708333333333,10.4007720947266
9.90375,9.95302200317383
9.91041666666667,9.51480865478516
9.91708333333333,9.10615921020508
9.92375,8.74233245849609
9.93041666666667,8.43477249145508
9.93708333333333,8.19063186645508
9.94375,8.01181793212891
9.95041666666667,7.89546966552734
9.95708333333334,7.83729553222656
9.96375,7.82680511474609
9.97041666666667,7.85207748413086
9.97708333333333,7.89928436279297
9.98375,7.95364379882813
9.99041666666667,8.00323486328125
9.99708333333333,8.03565979003906
10.00375,8.0409049987793
10.0104166666667,8.01229476928711
10.0170833333333,7.94601440429688
10.02375,7.84111022949219
10.0304166666667,7.69996643066406
10.0370833333333,7.52592086791992
10.04375,7.3237419128418
10.0504166666667,7.10058212280273
10.0570833333333,6.86407089233398
10.06375,6.62040710449219
10.0704166666667,6.37674331665039
10.0770833333333,6.13880157470703
10.08375,5.91325759887695
10.0904166666667,5.7063102722168
10.0970833333333,5.51986694335938
10.10375,5.35488128662109
10.1104166666667,5.21135330200195
10.1170833333333,5.08880615234375
10.12375,4.98676300048828
10.1304166666667,4.90236282348633
10.1370833333333,4.83417510986328
10.14375,4.78076934814453
10.1504166666667,4.74071502685547
10.1570833333333,4.71353530883789
10.16375,4.69875335693359
10.1704166666667,4.69589233398438
10.1770833333333,4.70399856567383
10.18375,4.72354888916016
10.1904166666667,4.75454330444336
10.1970833333333,4.79412078857422
10.20375,4.84180450439453
10.2104166666667,4.89521026611328
10.2170833333333,4.95195388793945
10.22375,5.01060485839844
10.2304166666667,5.06877899169922
10.2370833333333,5.12456893920898
10.24375,5.17416000366211
10.2504166666667,5.21612167358398
10.2570833333333,5.24806976318359
10.26375,5.26952743530273
10.2704166666667,5.2800178527832
10.2770833333333,5.27858734130859
10.28375,5.26714324951172
10.2904166666667,5.24663925170898
10.2970833333333,5.21945953369141
10.30375,5.18608093261719
10.3104166666667,5.14888763427734
10.3170833333333,5.1112174987793
10.32375,5.07545471191406
10.3304166666667,5.04302978515625
10.3370833333333,5.01585006713867
10.34375,4.99725341796875
10.3504166666667,4.9896240234375
10.3570833333333,4.99439239501953
10.36375,5.01108169555664
10.3704166666667,5.04159927368164
10.3770833333333,5.08737564086914
10.38375,5.14793395996094
10.3904166666667,5.22375106811523
10.3970833333333,5.31482696533203
10.40375,5.42259216308594
10.4104166666667,5.54609298706055
10.4170833333333,5.68437576293945
10.42375,5.83648681640625
10.4304166666667,5.99956512451172
10.4370833333333,6.17074966430664
10.44375,6.34622573852539
10.4504166666667,6.52456283569336
10.4570833333333,6.70099258422852
10.46375,6.87122344970703
10.4704166666667,7.03144073486328
10.4770833333333,7.17973709106445
10.48375,7.31372833251953
10.4904166666667,7.4315071105957
10.4970833333333,7.53545761108398
10.50375,7.6289176940918
10.5104166666667,7.71617889404297
10.5170833333333,7.80391693115234
10.52375,7.89880752563477
10.5304166666667,8.00752639770508
10.5370833333333,8.13865661621094
10.54375,8.29982757568359
10.5504166666667,8.4996223449707
10.5570833333333,8.74233245849609
10.56375,9.03224945068359
10.5704166666667,9.36985015869141
10.5770833333333,9.75418090820313
10.58375,10.1799964904785
10.5904166666667,10.6391906738281
10.5970833333333,11.1212730407715
10.60375,11.6152763366699
10.6104166666667,12.108325958252
10.6170833333333,12.5851631164551
10.62375,13.0329132080078
10.6304166666667,13.4391784667969
10.6370833333333,13.7939453125
10.64375,14.0881538391113
10.6504166666667,14.3146514892578
10.6570833333333,14.4715309143066
10.66375,14.5578384399414
10.6704166666667,14.5745277404785
10.6770833333333,14.5254135131836
10.68375,14.4166946411133
10.6904166666667,14.2550468444824
10.6970833333333,14.0476226806641
10.70375,13.8030052185059
10.7104166666667,13.5283470153809
10.7170833333333,13.2303237915039
10.72375,12.913703918457
10.7304166666667,12.5837326049805
10.7370833333333,12.2442245483398
10.74375,11.8980407714844
10.7504166666667,11.5475654602051
10.7570833333333,11.1937522888184
10.76375,10.8389854431152
10.7704166666667,10.4851722717285
10.7770833333333,10.1332664489746
10.78375,9.78565216064453
10.7904166666667,9.44423675537109
10.7970833333333,9.11140441894531
10.80375,8.79001617431641
10.8104166666667,8.48150253295898
10.8170833333333,8.18824768066406
10.82375,7.91120529174805
10.8304166666667,7.65037536621094
10.8370833333333,7.40671157836914
10.84375,7.17926025390625
10.8504166666667,6.96706771850586
10.8570833333333,6.76870346069336
10.86375,6.58321380615234
10.8704166666667,6.4082145690918
10.8770833333333,6.24370574951172
10.88375,6.08968734741211
10.8904166666667,5.94520568847656
10.8970833333333,5.81121444702148
10.90375,5.68675994873047
10.9104166666667,5.57327270507813
10.9170833333333,5.47122955322266
10.92375,5.38015365600586
10.9304166666667,5.30052185058594
10.9370833333333,5.2337646484375
10.94375,5.18226623535156
10.9504166666667,5.14698028564453
10.9570833333333,5.13076782226563
10.96375,5.13648986816406
10.9704166666667,5.16843795776367
10.9770833333333,5.23281097412109
10.98375,5.33771514892578
10.9904166666667,5.49554824829102
10.9970833333333,5.71870803833008
11.00375,6.02483749389648
11.0104166666667,6.43444061279297
11.0170833333333,6.97469711303711
11.02375,7.67946243286133
11.0304166666667,8.58879089355469
11.0370833333333,9.75322723388672
11.04375,11.2347602844238
11.0504166666667,13.1101608276367
11.0570833333333,15.474796295166
11.06375,18.4464454650879
11.0704166666667,22.1700668334961
11.0770833333333,26.824951171875
11.08375,32.6371192932129
11.0904166666667,39.8974418640137
11.0970833333333,48.9768981933594
11.10375,60.3413581848145
11.1104166666667,74.5763778686523
11.1170833333333,92.4263000488281
11.12375,114.826679229736
11.1304166666667,142.937183380127
11.1370833333333,178.142547607422
11.14375,222.049236297607
11.1504166666667,276.466369628906
11.1570833333333,343.35470199585
11.16375,424.729824066162
11.1704166666667,522.455215454102
11.1770833333333,637.98189163208
11.18375,772.078514099121
11.1904166666667,924.543857574463
11.1970833333333,1093.94216537476
11.20375,1277.31275558472
11.2104166666667,1470.03889083862
11.2170833333333,1665.98701477051
11.22375,1857.95307159424
11.2304166666667,2038.32769393921
11.2370833333333,2199.86057281494
11.24375,2336.26079559326
11.2504166666667,2442.69132614136
11.2570833333333,2516.01552963257
11.26375,2554.73613739014
11.2704166666667,2558.72344970703
11.2770833333333,2528.56874465942
11.28375,2465.64626693726
11.2904166666667,2372.20811843872
11.2970833333333,2251.57833099365
11.30375,2107.97834396362
11.3104166666667,1946.34056091309
11.3170833333333,1772.42708206177
11.32375,1592.33093261719
11.3304166666667,1411.91339492798
11.3370833333333,1236.2117767334
11.34375,1069.33164596558
11.3504166666667,914.412975311279
11.3570833333333,773.556232452393
11.36375,647.860050201416
11.3704166666667,537.585258483887
11.3770833333333,442.378044128418
11.38375,361.42635345459
11.3904166666667,293.574333190918
11.3970833333333,237.427234649658
11.40375,191.489696502686
11.4104166666667,154.291152954102
11.4170833333333,124.454021453857
11.42375,100.71849822998
11.4304166666667,81.9535255432129
11.4370833333333,67.1753883361816
11.44375,55.5615425109863
11.4504166666667,46.4448928833008
11.4570833333333,39.2866134643555
11.46375,33.6518287658691
11.4704166666667,29.1938781738281
11.4770833333333,25.6443023681641
11.48375,22.7994918823242
11.4904166666667,20.503044128418
11.4970833333333,18.6319351196289
11.50375,17.0903205871582
11.5104166666667,15.8047676086426
11.5170833333333,14.7204399108887
11.52375,13.796329498291
11.5304166666667,12.9971504211426
11.5370833333333,12.2971534729004
11.54375,11.6767883300781
11.5504166666667,11.1198425292969
11.5570833333333,10.6167793273926
11.56375,10.1590156555176
11.5704166666667,9.74273681640625
11.5770833333333,9.36603546142578
11.58375,9.02795791625977
11.5904166666667,8.72707366943359
11.5970833333333,8.46385955810547
11.60375,8.23783874511719
11.6104166666667,8.05044174194336
11.6170833333333,7.90119171142578
11.62375,7.78961181640625
11.6304166666667,7.71617889404297
11.6370833333333,7.67946243286133
11.64375,7.67803192138672
11.6504166666667,7.70807266235352
11.6570833333333,7.76576995849609
11.66375,7.84778594970703
11.6704166666667,7.95269012451172
11.6770833333333,8.07619094848633
11.68375,8.21638107299805
11.6904166666667,8.37230682373047
11.6970833333333,8.5453987121582
11.70375,8.73947143554688
11.7104166666667,8.96024703979492
11.7170833333333,9.2167854309082
11.72375,9.52243804931641
11.7304166666667,9.89198684692383
11.7370833333333,10.343074798584
11.74375,10.8957290649414
11.7504166666667,11.5680694580078
11.7570833333333,12.3753547668457
11.76375,13.3285522460938
11.7704166666667,14.4305229187012
11.7770833333333,15.6745910644531
11.78375,17.0416831970215
11.7904166666667,18.500804901123
11.7970833333333,20.0080871582031
11.80375,21.5096473693848
11.8104166666667,22.944450378418
11.8170833333333,24.2495536804199
11.82375,25.3629684448242
11.8304166666667,26.2284278869629
11.8370833333333,26.8049240112305
11.84375,27.0662307739258
11.8504166666667,27.0037651062012
11.8570833333333,26.6261100769043
11.86375,25.9618759155273
11.8704166666667,25.0568389892578
11.8770833333333,23.9677429199219
11.88375,22.7622985839844
11.8904166666667,21.510124206543
11.8970833333333,20.2832221984863
11.90375,19.1507339477539
11.9104166666667,18.1765556335449
11.9170833333333,17.4202919006348
11.92375,16.939640045166
11.9304166666667,16.789436340332
11.9370833333333,17.0283317565918
11.94375,17.7206993103027
11.9504166666667,18.9418792724609
11.9570833333333,20.7858085632324
11.96375,23.3659744262695
11.9704166666667,26.8197059631348
11.9770833333333,31.3067436218262
11.98375,37.0078086853027
11.9904166666667,44.1198348999023
11.9970833333333,52.849292755127
12.00375,63.3931159973145
12.0104166666667,75.9153366088867
12.0170833333333,90.5270576477051
12.02375,107.263088226318
12.0304166666667,126.062870025635
12.0370833333333,146.736145019531
12.04375,168.948650360107
12.0504166666667,192.212104797363
12.0570833333333,215.900421142578
12.06375,239.269733428955
12.0704166666667,261.490821838379
12.0770833333333,281.692981719971
12.08375,299.026012420654
12.0904166666667,312.727928161621
12.0970833333333,322.177886962891
12.10375,326.940059661865
12.1104166666667,326.796054840088
12.1170833333333,321.770668029785
12.12375,312.126636505127
12.1304166666667,298.340320587158
12.1370833333333,281.050682067871
12.14375,261.016845703125
12.1504166666667,239.063739776611
12.1570833333333,216.027736663818
12.16375,192.699432373047
12.1704166666667,169.778347015381
12.1770833333333,147.852420806885
12.18375,127.383708953857
12.1904166666667,108.697414398193
12.1970833333333,91.9809341430664
12.20375,77.3024559020996
12.2104166666667,64.6376609802246
12.2170833333333,53.889274597168
12.22375,44.9047088623047
12.2304166666667,37.4941825866699
12.2370833333333,31.4507484436035
12.24375,26.5707969665527
12.2504166666667,22.6616859436035
12.2570833333333,19.5493698120117
12.26375,17.0779228210449
12.2704166666667,15.1119232177734
12.2770833333333,13.5412216186523
12.28375,12.2761726379395
12.2904166666667,11.2457275390625
12.2970833333333,10.3921890258789
12.30375,9.674072265625
12.3104166666667,9.05895233154297
12.3170833333333,8.52394104003906
12.32375,8.05234909057617
12.3304166666667,7.63177871704102
12.3370833333333,7.25650787353516
12.34375,6.91986083984375
12.3504166666667,6.61802291870117
12.3570833333333,6.35004043579102
12.36375,6.11782073974609
12.3704166666667,5.9208869934082
12.3770833333333,5.75971603393555
12.38375,5.63621520996094
12.3904166666667,5.55181503295898
12.3970833333333,5.5084228515625
12.40375,5.50651550292969
12.4104166666667,5.54513931274414
12.4170833333333,5.62334060668945
12.42375,5.74064254760742
12.4304166666667,5.89275360107422
12.4370833333333,6.07442855834961
12.44375,6.28042221069336
12.4504166666667,6.50453567504883
12.4570833333333,6.74009323120117
12.46375,6.98137283325195
12.4704166666667,7.22265243530273
12.4770833333333,7.46250152587891
12.48375,7.70187377929688
12.4904166666667,7.94315338134766
12.4970833333333,8.19015502929688
12.50375,8.4538459777832
12.5104166666667,8.74853134155273
12.5170833333333,9.09185409545898
12.52375,9.50527191162109
12.5304166666667,10.0135803222656
12.5370833333333,10.6425285339355
12.54375,11.418342590332
12.5504166666667,12.3677253723145
12.5570833333333,13.514518737793
12.56375,14.8811340332031
12.5704166666667,16.4823532104492
12.5770833333333,18.3229446411133
12.58375,20.3971862792969
12.5904166666667,22.6845741271973
12.5970833333333,25.148868560791
12.60375,27.7361869812012
12.6104166666667,30.3783416748047
12.6170833333333,32.994270324707
12.62375,35.4938507080078
12.6304166666667,37.7821922302246
12.6370833333333,39.766788482666
12.64375,41.3622856140137
12.6504166666667,42.4952507019043
12.6570833333333,43.114185333252
12.66375,43.1914329528809
12.6704166666667,42.724609375
12.6770833333333,41.7366027832031
12.68375,40.2755737304688
12.6904166666667,38.4101867675781
12.6970833333333,36.221981048584
12.70375,33.8020324707031
12.7104166666667,31.242847442627
12.7170833333333,28.6321640014648
12.72375,26.0500907897949
12.7304166666667,23.5638618469238
12.7370833333333,21.2283134460449
12.74375,19.0825462341309
12.7504166666667,17.1504020690918
12.7570833333333,15.4428482055664
12.76375,13.9598846435547
12.7704166666667,12.6934051513672
12.7770833333333,11.6267204284668
12.78375,10.7388496398926
12.7904166666667,10.007381439209
12.7970833333333,9.40942764282227
12.80375,8.92496109008789
12.8104166666667,8.53395462036133
12.8170833333333,8.21876525878906
12.82375,7.9646110534668
12.8304166666667,7.75957107543945
12.8370833333333,7.59267807006836
12.84375,7.45439529418945
12.8504166666667,7.3390007019043
12.8570833333333,7.24315643310547
12.86375,7.16686248779297
12.8704166666667,7.1101188659668
12.8770833333333,7.07530975341797
12.88375,7.06672668457031
12.8904166666667,7.09056854248047
12.8970833333333,7.15255737304688
12.90375,7.25841522216797
12.9104166666667,7.41338729858398
12.9170833333333,7.62510299682617
12.92375,7.90071487426758
12.9304166666667,8.24832916259766
12.9370833333333,8.67700576782227
12.94375,9.19866561889648
12.9504166666667,9.82570648193359
12.9570833333333,10.5738639831543
12.96375,11.4569664001465
12.9704166666667,12.4912261962891
12.9770833333333,13.6904716491699
12.98375,15.0642395019531
12.9904166666667,16.6144371032715
12.9970833333333,18.3353424072266
13.00375,20.209789276123
13.0104166666667,22.2086906433105
13.0170833333333,24.2886543273926
13.02375,26.3934135437012
13.0304166666667,28.4557342529297
13.0370833333333,30.4031372070313
13.04375,32.1578979492188
13.0504166666667,33.6451530456543
13.0570833333333,34.7981452941895
13.06375,35.5639457702637
13.0704166666667,35.9082221984863
13.0770833333333,35.8200073242188
13.08375,35.3126525878906
13.0904166666667,34.4243049621582
13.0970833333333,33.2164764404297
13.10375,31.7697525024414
13.1104166666667,30.1804542541504
13.1170833333333,28.5530090332031
13.12375,26.9961357116699
13.1304166666667,25.6180763244629
13.1370833333333,24.5208740234375
13.14375,23.7960815429688
13.1504166666667,23.5199928283691
13.1570833333333,23.749828338623
13.16375,24.5223045349121
13.1704166666667,25.8512496948242
13.1770833333333,27.7242660522461
13.18375,30.1055908203125
13.1904166666667,32.933235168457
13.1970833333333,36.1208915710449
13.20375,39.5612716674805
13.2104166666667,43.1294441223145
13.2170833333333,46.687126159668
13.22375,50.0931739807129
13.2304166666667,53.2116889953613
13.2370833333333,55.9225082397461
13.24375,58.1326484680176
13.2504166666667,59.7834587097168
13.2570833333333,60.8596801757813
13.26375,61.3937377929688
13.2704166666667,61.469554901123
13.2770833333333,61.21826171875
13.28375,60.8124732971191
13.2904166666667,60.4615211486816
13.2970833333333,60.3961944580078
13.30375,60.854434967041
13.3104166666667,62.0670318603516
13.3170833333333,64.239501953125
13.32375,67.5358772277832
13.3304166666667,72.0605850219727
13.3370833333333,77.8436660766602
13.34375,84.8369598388672
13.3504166666667,92.9064750671387
13.3570833333333,101.831436157227
13.36375,111.308574676514
13.3704166666667,120.965480804443
13.3770833333333,130.38444519043
13.38375,139.127731323242
13.3904166666667,146.761417388916
13.3970833333333,152.888298034668
13.40375,157.176971435547
13.4104166666667,159.388065338135
13.4170833333333,159.385681152344
13.42375,157.145977020264
13.4304166666667,152.755737304688
13.4370833333333,146.40998840332
13.44375,138.389110565186
13.4504166666667,129.034996032715
13.4570833333333,118.72386932373
13.46375,107.841968536377
13.4704166666667,96.7659950256348
13.4770833333333,85.8373641967773
13.48375,75.343132019043
13.4904166666667,65.5102729797363
13.4970833333333,56.5052032470703
13.50375,48.4323501586914
13.5104166666667,41.3393974304199
13.5170833333333,35.2206230163574
13.52375,30.0331115722656
13.5304166666667,25.7091522216797
13.5370833333333,22.1633911132813
13.54375,19.3004608154297
13.5504166666667,17.0230865478516
13.5570833333333,15.2363777160645
13.56375,13.8540267944336
13.5704166666667,12.7992630004883
13.5770833333333,12.0072364807129
13.58375,11.4231109619141
13.5904166666667,10.9992027282715
13.5970833333333,10.7007026672363
13.60375,10.4994773864746
13.6104166666667,10.373592376709
13.6170833333333,10.3058815002441
13.62375,10.282039642334
13.6304166666667,10.2934837341309
13.6370833333333,10.3321075439453
13.64375,10.3874206542969
13.6504166666667,10.4532241821289
13.6570833333333,10.5247497558594
13.66375,10.5957984924316
13.6704166666667,10.6616020202637
13.6770833333333,10.7173919677734
13.68375,10.7593536376953
13.6904166666667,10.7855796813965
13.6970833333333,10.7922554016113
13.70375,10.7793807983398
13.7104166666667,10.7479095458984
13.7170833333333,10.6983184814453
13.72375,10.6339454650879
13.7304166666667,10.5586051940918
13.7370833333333,10.4770660400391
13.74375,10.3917121887207
13.7504166666667,10.3049278259277
13.7570833333333,10.2190971374512
13.76375,10.1380348205566
13.7704166666667,10.063648223877
13.7770833333333,9.99736785888672
13.78375,9.94014739990234
13.7904166666667,9.89294052124023
13.7970833333333,9.8567008972168
13.80375,9.83285903930664
13.8104166666667,9.82093811035156
13.8170833333333,9.82093811035156
13.82375,9.83142852783203
13.8304166666667,9.85383987426758
13.8370833333333,9.8876953125
13.84375,9.9334716796875
13.8504166666667,9.99307632446289
13.8570833333333,10.068416595459
13.86375,10.1594924926758
13.8704166666667,10.2677345275879
13.8770833333333,10.3945732116699
13.88375,10.5404853820801
13.8904166666667,10.7059478759766
13.8970833333333,10.890007019043
13.90375,11.0940933227539
13.9104166666667,11.3182067871094
13.9170833333333,11.5628242492676
13.92375,11.8269920349121
13.9304166666667,12.1116638183594
13.9370833333333,12.4211311340332
13.94375,12.7620697021484
13.9504166666667,13.1440162658691
13.9570833333333,13.5807991027832
13.96375,14.0910148620605
13.9704166666667,14.6975517272949
13.9770833333333,15.4280662536621
13.98375,16.3135528564453
13.9904166666667,17.3854827880859
13.9970833333333,18.6734199523926
14.00375,20.205020904541
14.0104166666667,22.0022201538086
14.0170833333333,24.0778923034668
14.02375,26.4296531677246
14.0304166666667,29.0379524230957
14.0370833333333,31.8665504455566
14.04375,34.858226776123
14.0504166666667,37.9338264465332
14.0570833333333,40.9970283508301
14.06375,43.9376831054688
14.0704166666667,46.638011932373
14.0770833333333,48.9821434020996
14.08375,50.8613586425781
14.0904166666667,52.1817207336426
14.0970833333333,52.8726577758789
14.10375,52.8931617736816
14.1104166666667,52.2365570068359
14.1170833333333,50.926685333252
14.12375,49.0179061889648
14.1304166666667,46.5903282165527
14.1370833333333,43.7469482421875
14.14375,40.5998229980469
14.1504166666667,37.2653007507324
14.1570833333333,33.8554382324219
14.16375,30.4751396179199
14.1704166666667,27.214527130127
14.1770833333333,24.1436958312988
14.18375,21.3136672973633
14.1904166666667,18.7587738037109
14.1970833333333,16.4942741394043
14.20375,14.5201683044434
14.2104166666667,12.8240585327148
14.2170833333333,11.3863945007324
14.22375,10.1823806762695
14.2304166666667,9.18340682983398
14.2370833333333,8.36038589477539
14.24375,7.68613815307617
14.2504166666667,7.13396072387695
14.2570833333333,6.68191909790039
14.26375,6.30950927734375
14.2704166666667,5.99956512451172
14.2770833333333,5.73873519897461
14.28375,5.51414489746094
14.2904166666667,5.31673431396484
14.2970833333333,5.13982772827148
14.30375,4.97817993164063
14.3104166666667,4.82845306396484
14.3170833333333,4.68921661376953
14.32375,4.56047058105469
14.3304166666667,4.4407844543457
14.3370833333333,4.32825088500977
14.34375,4.22430038452148
14.3504166666667,4.13036346435547
14.3570833333333,4.04787063598633
14.36375,3.97682189941406
14.3704166666667,3.92007827758789
14.3770833333333,3.87954711914063
14.38375,3.85475158691406
14.3904166666667,3.8447380065918
14.3970833333333,3.84998321533203
14.40375,3.87239456176758
14.4104166666667,3.91054153442383
14.4170833333333,3.96394729614258
14.42375,4.03118133544922
14.4304166666667,4.11224365234375
14.4370833333333,4.20379638671875
14.44375,4.3025016784668
14.4504166666667,4.40692901611328
14.4570833333333,4.51469421386719
14.46375,4.6234130859375
14.4704166666667,4.72927093505859
14.4770833333333,4.82988357543945
14.48375,4.92238998413086
14.4904166666667,5.00392913818359
14.4970833333333,5.07164001464844
14.50375,5.12218475341797
14.5104166666667,5.15651702880859
14.5170833333333,5.17368316650391
14.52375,5.17654418945313
14.5304166666667,5.16462326049805
14.5370833333333,5.14030456542969
14.54375,5.10644912719727
14.5504166666667,5.0654411315918
14.5570833333333,5.0201416015625
14.56375,4.97245788574219
14.5704166666667,4.92572784423828
14.5770833333333,4.88424301147461
14.58375,4.85134124755859
14.5904166666667,4.83131408691406
14.5970833333333,4.82845306396484
14.60375,4.84752655029297
14.6104166666667,4.89521026611328
14.6170833333333,4.97961044311523
14.62375,5.10931015014648
14.6304166666667,5.29289245605469
14.6370833333333,5.54323196411133
14.64375,5.87224960327148
14.6504166666667,6.29758834838867
14.6570833333333,6.83689117431641
14.66375,7.51304626464844
14.6704166666667,8.35323333740234
14.6770833333333,9.38653945922852
14.68375,10.6477737426758
14.6904166666667,12.1755599975586
14.6970833333333,14.012336730957
14.70375,16.2067413330078
14.7104166666667,18.8083648681641
14.7170833333333,21.8687057495117
14.72375,25.4354476928711
14.7304166666667,29.5524597167969
14.7370833333333,34.2569351196289
14.74375,39.5698547363281
14.7504166666667,45.4931259155273
14.7570833333333,52.0048141479492
14.76375,59.0553283691406
14.7704166666667,66.5645599365234
14.7770833333333,74.4194984436035
14.78375,82.4728012084961
14.7904166666667,90.548038482666
14.7970833333333,98.4435081481934
14.80375,105.941295623779
14.8104166666667,112.817764282227
14.8170833333333,118.853092193604
14.82375,123.842239379883
14.8304166666667,127.609729766846
14.8370833333333,130.019664764404
14.84375,130.982875823975
14.8504166666667,130.462169647217
14.8570833333333,128.474235534668
14.86375,125.092029571533
14.8704166666667,120.439052581787
14.8770833333333,114.676475524902
14.88375,107.996940612793
14.8904166666667,100.614547729492
14.8970833333333,92.7538871765137
14.90375,84.6362113952637
14.9104166666667,76.4684677124023
14.9170833333333,68.4390068054199
14.92375,60.7113838195801
14.9304166666667,53.4186363220215
14.9370833333333,46.6580390930176
14.94375,40.494441986084
14.9504166666667,34.9636077880859
14.9570833333333,30.0779342651367
14.96375,25.8283615112305
14.9704166666667,22.186279296875
14.9770833333333,19.1102027893066
14.98375,16.5505409240723
14.9904166666667,14.4553184509277
14.9970833333333,12.7696990966797
15.00375,11.4398002624512
15.0104166666667,10.4126930236816
15.0170833333333,9.64164733886719
15.02375,9.08422470092773
15.0304166666667,8.70275497436523
15.0370833333333,8.46529006958008
15.04375,8.34178924560547
15.0504166666667,8.30650329589844
15.0570833333333,8.33749771118164
15.06375,8.41617584228516
15.0704166666667,8.52537155151367
15.0770833333333,8.64887237548828
15.08375,8.77237319946289
15.0904166666667,8.88299942016602
15.0970833333333,8.97121429443359
15.10375,9.02748107910156
15.1104166666667,9.04417037963867
15.1170833333333,9.01556015014648
15.12375,8.93974304199219
15.1304166666667,8.81719589233398
15.1370833333333,8.64791870117188
15.14375,8.43524932861328
15.1504166666667,8.18490982055664
15.1570833333333,7.90262222290039
15.16375,7.59553909301758
15.1704166666667,7.27224349975586
15.1770833333333,6.94131851196289
15.18375,6.60943984985352
15.1904166666667,6.28519058227539
15.1970833333333,5.97476959228516
15.20375,5.68246841430664
15.2104166666667,5.41257858276367
15.2170833333333,5.16748428344727
15.22375,4.94909286499023
15.2304166666667,4.75835800170898
15.2370833333333,4.59432601928711
15.24375,4.4560432434082
15.2504166666667,4.34112548828125
15.2570833333333,4.24671173095703
15.26375,4.17184829711914
15.2704166666667,4.11415100097656
15.2770833333333,4.07266616821289
15.28375,4.04500961303711
15.2904166666667,4.03070449829102
15.2970833333333,4.02975082397461
15.30375,4.04262542724609
15.3104166666667,4.06980514526367
15.3170833333333,4.11224365234375
15.32375,4.17280197143555
15.3304166666667,4.25529479980469
15.3370833333333,4.36162948608398
15.34375,4.49514389038086
15.3504166666667,4.66012954711914
15.3570833333333,4.86183166503906
15.36375,5.10358810424805
15.3704166666667,5.39112091064453
15.3770833333333,5.73015213012695
15.38375,6.12640380859375
15.3904166666667,6.58559799194336
15.3970833333333,7.11154937744141
15.40375,7.70807266235352
15.4104166666667,8.3770751953125
15.4170833333333,9.11760330200195
15.42375,9.92727279663086
15.4304166666667,10.7994079589844
15.4370833333333,11.7244720458984
15.44375,12.6914978027344
15.4504166666667,13.6833190917969
15.4570833333333,14.6799087524414
15.46375,15.6588554382324
15.4704166666667,16.5963172912598
15.4770833333333,17.4674987792969
15.48375,18.2461738586426
15.4904166666667,18.9085006713867
15.4970833333333,19.4330215454102
15.50375,19.8025703430176
15.5104166666667,20.0033187866211
15.5170833333333,20.0281143188477
15.52375,19.8764801025391
15.5304166666667,19.554615020752
15.5370833333333,19.0720558166504
15.54375,18.4459686279297
15.5504166666667,17.6968574523926
15.5570833333333,16.8495178222656
15.56375,15.9292221069336
15.5704166666667,14.9621963500977
15.5770833333333,13.9751434326172
15.58375,12.993335723877
15.5904166666667,12.0396614074707
15.5970833333333,11.131763458252
15.60375,10.2839469909668
15.6104166666667,9.50860977172852
15.6170833333333,8.81385803222656
15.62375,8.20589065551758
15.6304166666667,7.68613815307617
15.6370833333333,7.25460052490234
15.64375,6.91080093383789
15.6504166666667,6.64997100830078
15.6570833333333,6.4692497253418
15.66375,6.3629150390625
15.6704166666667,6.32715225219727
15.6770833333333,6.35671615600586
15.68375,6.44826889038086
15.6904166666667,6.59847259521484
15.6970833333333,6.80351257324219
15.70375,7.05862045288086
15.7104166666667,7.36093521118164
15.7170833333333,7.70664215087891
15.72375,8.09001922607422
15.7304166666667,8.50534439086914
15.7370833333333,8.94594192504883
15.74375,9.40322875976563
15.7504166666667,9.86766815185547
15.7570833333333,10.3292465209961
15.76375,10.777473449707
15.7704166666667,11.1994743347168
15.7770833333333,11.5852355957031
15.78375,11.9228363037109
15.7904166666667,12.2017860412598
15.7970833333333,12.4130249023438
15.80375,12.5484466552734
15.8104166666667,12.6028060913086
15.8170833333333,12.5737190246582
15.82375,12.4597549438477
15.8304166666667,12.2637748718262
15.8370833333333,11.991024017334
15.84375,11.6481781005859
15.8504166666667,11.2442970275879
15.8570833333333,10.7893943786621
15.86375,10.2944374084473
15.8704166666667,9.77182388305664
15.8770833333333,9.23395156860352
15.88375,8.69178771972656
15.8904166666667,8.15820693969727
15.8970833333333,7.64226913452148
15.90375,7.15208053588867
15.9104166666667,6.69479370117188
15.9170833333333,6.27422332763672
15.92375,5.89466094970703
15.9304166666667,5.55801391601563
15.9370833333333,5.2647590637207
15.94375,5.01537322998047
15.9504166666667,4.80842590332031
15.9570833333333,4.64057922363281
15.96375,4.50849533081055
15.9704166666667,4.4102668762207
15.9770833333333,4.34255599975586
15.98375,4.302978515625
15.9904166666667,4.28867340087891
15.9970833333333,4.29773330688477
16.00375,4.32682037353516
16.0104166666667,4.37307357788086
16.0170833333333,4.43315505981445
16.02375,4.50468063354492
16.0304166666667,4.58526611328125
16.0370833333333,4.67348098754883
16.04375,4.76694107055664
16.0504166666667,4.86326217651367
16.0570833333333,4.96101379394531
16.06375,5.05781173706055
16.0704166666667,5.15174865722656
16.0770833333333,5.24187088012695
16.08375,5.32770156860352
16.0904166666667,5.40781021118164
16.0970833333333,5.48267364501953
16.10375,5.55181503295898
16.1104166666667,5.6147575378418
16.1170833333333,5.67150115966797
16.12375,5.72109222412109
16.1304166666667,5.76639175415039
16.1370833333333,5.80644607543945
16.14375,5.84316253662109
16.1504166666667,5.87606430053711
16.1570833333333,5.90610504150391
16.16375,5.9356689453125
16.1704166666667,5.96523284912109
16.1770833333333,5.99575042724609
16.18375,6.02960586547852
16.1904166666667,6.06870651245117
16.1970833333333,6.11305236816406
16.20375,6.16359710693359
16.2104166666667,6.21938705444336
16.2170833333333,6.28137588500977
16.22375,6.35051727294922
16.2304166666667,6.42728805541992
16.2370833333333,6.51216506958008
16.24375,6.60562515258789
16.2504166666667,6.70671463012695
16.2570833333333,6.81447982788086
16.26375,6.92653656005859
16.2704166666667,7.04288482666016
16.2770833333333,7.16114044189453
16.28375,7.2784423828125
16.2904166666667,7.39192962646484
16.2970833333333,7.50017166137695
16.30375,7.60173797607422
16.3104166666667,7.69376754760742
16.3170833333333,7.77196884155273
16.32375,7.83491134643555
16.3304166666667,7.88068771362305
16.3370833333333,7.90691375732422
16.34375,7.91072845458984
16.3504166666667,7.89022445678711
16.3570833333333,7.84444808959961
16.36375,7.77292251586914
16.3704166666667,7.67612457275391
16.3770833333333,7.55596160888672
16.38375,7.41243362426758
16.3904166666667,7.24649429321289
16.3970833333333,7.06052780151367
16.40375,6.85691833496094
16.4104166666667,6.63852691650391
16.4170833333333,6.40583038330078
16.42375,6.16264343261719
16.4304166666667,5.91182708740234
16.4370833333333,5.65814971923828
16.44375,5.40447235107422
16.4504166666667,5.15460968017578
16.4570833333333,4.913330078125
16.46375,4.68301773071289
16.4704166666667,4.46605682373047
16.4770833333333,4.26578521728516
16.48375,4.08267974853516
16.4904166666667,3.91864776611328
16.4970833333333,3.77368927001953
16.50375,3.64923477172852
16.5104166666667,3.54623794555664
16.5170833333333,3.46517562866211
16.52375,3.40700149536133
16.5304166666667,3.37028503417969
16.5370833333333,3.35359573364258
16.54375,3.35693359375
16.5504166666667,3.37886810302734
16.5570833333333,3.41701507568359
16.56375,3.47042083740234
16.5704166666667,3.53765487670898
16.5770833333333,3.61824035644531
16.58375,3.70979309082031
16.5904166666667,3.80992889404297
16.5970833333333,3.91483306884766
16.60375,4.02355194091797
16.6104166666667,4.13370132446289
16.6170833333333,4.24289703369141
16.62375,4.3492317199707
16.6304166666667,4.45032119750977
16.6370833333333,4.54521179199219
16.64375,4.63056564331055
16.6504166666667,4.70495223999023
16.6570833333333,4.76741790771484
16.66375,4.81557846069336
16.6704166666667,4.84895706176758
16.6770833333333,4.8675537109375
16.68375,4.87089157104492
16.6904166666667,4.85897064208984
16.6970833333333,4.83036041259766
16.70375,4.78601455688477
16.7104166666667,4.72831726074219
16.7170833333333,4.65679168701172
16.72375,4.57334518432617
16.7304166666667,4.47845458984375
16.7370833333333,4.37450408935547
16.74375,4.26340103149414
16.7504166666667,4.14514541625977
16.7570833333333,4.02259826660156
16.76375,3.89766693115234
16.7704166666667,3.77321243286133
16.7770833333333,3.65114212036133
16.78375,3.53193283081055
16.7904166666667,3.41796875
16.7970833333333,3.3106803894043
16.80375,3.21102142333984
16.8104166666667,3.11851501464844
16.8170833333333,3.03363800048828
16.82375,2.95734405517578
16.8304166666667,2.88915634155273
16.8370833333333,2.82859802246094
16.84375,2.77566909790039
16.8504166666667,2.72989273071289
16.8570833333333,2.69174575805664
16.86375,2.66122817993164
16.8704166666667,2.63833999633789
16.8770833333333,2.62212753295898
16.88375,2.61259078979492
16.8904166666667,2.6092529296875
16.8970833333333,2.61163711547852
16.90375,2.61878967285156
16.9104166666667,2.63118743896484
16.9170833333333,2.64978408813477
16.92375,2.67457962036133
16.9304166666667,2.70605087280273
16.9370833333333,2.74276733398438
16.94375,2.78615951538086
16.9504166666667,2.83575057983398
16.9570833333333,2.89106369018555
16.96375,2.95162200927734
16.9704166666667,3.01790237426758
16.9770833333333,3.09181213378906
16.98375,3.1733512878418
16.9904166666667,3.26204299926758
16.9970833333333,3.3574104309082
17.00375,3.45993041992188
17.0104166666667,3.56960296630859
17.0170833333333,3.68404388427734
17.02375,3.80277633666992
17.0304166666667,3.92627716064453
17.0370833333333,4.05645370483398
17.04375,4.19187545776367
17.0504166666667,4.33158874511719
17.0570833333333,4.47511672973633
17.06375,4.6238899230957
17.0704166666667,4.7764778137207
17.0770833333333,4.93288040161133
17.08375,5.09262084960938
17.0904166666667,5.25808334350586
17.0970833333333,5.43022155761719
17.10375,5.60903549194336
17.1104166666667,5.79643249511719
17.1170833333333,5.99479675292969
17.12375,6.20651245117188
17.1304166666667,6.43348693847656
17.1370833333333,6.67715072631836
17.14375,6.93988800048828
17.1504166666667,7.22455978393555
17.1570833333333,7.53355026245117
17.16375,7.86924362182617
17.1704166666667,8.23736190795898
17.1770833333333,8.64171981811523
17.18375,9.08660888671875
17.1904166666667,9.57822799682617
17.1970833333333,10.1222991943359
17.20375,10.7288360595703
17.2104166666667,11.4059448242188
17.2170833333333,12.1645927429199
17.22375,13.0162239074707
17.2304166666667,13.9765739440918
17.2370833333333,15.0604248046875
17.24375,16.2835121154785
17.2504166666667,17.6644325256348
17.2570833333333,19.2246437072754
17.26375,20.9851264953613
17.2704166666667,22.9682922363281
17.2770833333333,25.1951217651367
17.28375,27.6875495910645
17.2904166666667,30.4641723632813
17.2970833333333,33.5397720336914
17.30375,36.928653717041
17.3104166666667,40.6379699707031
17.3170833333333,44.6701049804688
17.32375,49.0193367004395
17.3304166666667,53.6694526672363
17.3370833333333,58.5994720458984
17.34375,63.7774467468262
17.3504166666667,69.1609382629395
17.3570833333333,74.6941566467285
17.36375,80.3093910217285
17.3704166666667,85.9341621398926
17.3770833333333,91.484546661377
17.38375,96.8708992004395
17.3904166666667,101.996421813965
17.3970833333333,106.764793395996
17.40375,111.082077026367
17.4104166666667,114.85767364502
17.4170833333333,118.006706237793
17.42375,120.454788208008
17.4304166666667,122.140407562256
17.4370833333333,123.018741607666
17.44375,123.062610626221
17.4504166666667,122.262477874756
17.4570833333333,120.629787445068
17.46375,118.194103240967
17.4704166666667,115.00358581543
17.4770833333333,111.120223999023
17.48375,106.620311737061
17.4904166666667,101.593017578125
17.4970833333333,96.1346626281738
17.50375,90.3487205505371
17.5104166666667,84.3372344970703
17.5170833333333,78.2017707824707
17.52375,72.0391273498535
17.5304166666667,65.9403800964355
17.5370833333333,59.9861145019531
17.54375,54.2440414428711
17.5504166666667,48.771858215332
17.5570833333333,43.6158180236816
17.56375,38.8116836547852
17.5704166666667,34.3832969665527
17.5770833333333,30.3430557250977
17.58375,26.6938209533691
17.5904166666667,23.4298706054688
17.5970833333333,20.5392837524414
17.60375,18.0048942565918
17.6104166666667,15.8038139343262
17.6170833333333,13.9117240905762
17.62375,12.3014450073242
17.6304166666667,10.9481811523438
17.6370833333333,9.82761383056641
17.64375,8.91399383544922
17.6504166666667,8.18157196044922
17.6570833333333,7.60746002197266
17.66375,7.17067718505859
17.6704166666667,6.85262680053711
17.6770833333333,6.63375854492188
17.68375,6.49785995483398
17.6904166666667,6.43062591552734
17.6970833333333,6.41775131225586
17.70375,6.44731521606445
17.7104166666667,6.50787353515625
17.7170833333333,6.59084320068359
17.72375,6.68859481811523
17.7304166666667,6.79302215576172
17.7370833333333,6.89840316772461
17.74375,6.99949264526367
17.7504166666667,7.09342956542969
17.7570833333333,7.17496871948242
17.76375,7.24220275878906
17.7704166666667,7.29465484619141
17.7770833333333,7.33184814453125
17.78375,7.3552131652832
17.7904166666667,7.36570358276367
17.7970833333333,7.36570358276367
17.80375,7.35712051391602
17.8104166666667,7.34186172485352
17.8170833333333,7.32326507568359
17.82375,7.30562210083008
17.8304166666667,7.29274749755859
17.8370833333333,7.29036331176758
17.84375,7.30228424072266
17.8504166666667,7.33327865600586
17.8570833333333,7.38763809204102
17.86375,7.46774673461914
17.8704166666667,7.57789611816406
17.8770833333333,7.72237777709961
17.88375,7.90691375732422
17.8904166666667,8.13627243041992
17.8970833333333,8.41808319091797
17.90375,8.7590217590332
17.9104166666667,9.16671752929688
17.9170833333333,9.64975357055664
17.92375,10.2176666259766
17.9304166666667,10.8833312988281
17.9370833333333,11.6596221923828
17.94375,12.5617980957031
17.9504166666667,13.6055946350098
17.9570833333333,14.8091316223145
17.96375,16.1938667297363
17.9704166666667,17.7817344665527
17.9770833333333,19.5956230163574
17.98375,21.6588973999023
17.9904166666667,23.9977836608887
17.9970833333333,26.6389846801758
18.00375,29.6077728271484
18.0104166666667,32.9251289367676
18.0170833333333,36.6106033325195
18.02375,40.6827926635742
18.0304166666667,45.1555252075195
18.0370833333333,50.0373840332031
18.04375,55.328369140625
18.0504166666667,61.0208511352539
18.0570833333333,67.0976638793945
18.06375,73.5311508178711
18.0704166666667,80.2850723266602
18.0770833333333,87.3088836669922
18.08375,94.5415496826172
18.0904166666667,101.910591125488
18.0970833333333,109.335422515869
18.10375,116.724491119385
18.1104166666667,123.978137969971
18.1170833333333,130.987644195557
18.12375,137.64476776123
18.1304166666667,143.840312957764
18.1370833333333,149.467945098877
18.14375,154.427051544189
18.1504166666667,158.625602722168
18.1570833333333,161.982536315918
18.16375,164.430141448975
18.1704166666667,165.916919708252
18.1770833333333,166.409969329834
18.18375,165.896415710449
18.1904166666667,164.382457733154
18.1970833333333,161.89432144165
18.20375,158.4792137146
18.2104166666667,154.201984405518
18.2170833333333,149.14083480835
18.22375,143.387794494629
18.2304166666667,137.048244476318
18.2370833333333,130.234718322754
18.24375,123.061656951904
18.2504166666667,115.643978118896
18.2570833333333,108.097553253174
18.26375,100.533485412598
18.2704166666667,93.0557250976563
18.2770833333333,85.7563018798828
18.28375,78.7191390991211
18.2904166666667,72.0181465148926
18.2970833333333,65.7153129577637
18.30375,59.8592758178711
18.3104166666667,54.4838905334473
18.3170833333333,49.6158599853516
18.32375,45.2699661254883
18.3304166666667,41.4538383483887
18.3370833333333,38.1660461425781
18.34375,35.3970527648926
18.3504166666667,33.1330299377441
18.3570833333333,31.3568115234375
18.36375,30.0478935241699
18.3704166666667,29.1857719421387
18.3770833333333,28.7470817565918
18.38375,28.7103652954102
18.3904166666667,29.0560722351074
18.3970833333333,29.7651290893555
18.40375,30.8218002319336
18.4104166666667,32.2151184082031
18.4170833333333,33.9384078979492
18.42375,35.987377166748
18.4304166666667,38.3620262145996
18.4370833333333,41.0704612731934
18.44375,44.1255569458008
18.4504166666667,47.5459098815918
18.4570833333333,51.3529777526855
18.46375,55.5768013000488
18.4704166666667,60.2526664733887
18.4770833333333,65.422534942627
18.48375,71.1331367492676
18.4904166666667,77.4340629577637
18.4970833333333,84.3772888183594
18.50375,92.0157432556152
18.5104166666667,100.40283203125
18.5170833333333,109.591960906982
18.52375,119.631290435791
18.5304166666667,130.562305450439
18.5370833333333,142.415046691895
18.54375,155.207633972168
18.5504166666667,168.944835662842
18.5570833333333,183.614253997803
18.56375,199.179649353027
18.5704166666667,215.58141708374
18.5770833333333,232.735157012939
18.58375,250.533103942871
18.5904166666667,268.844604492188
18.5970833333333,287.510395050049
18.60375,306.344032287598
18.6104166666667,325.134754180908
18.6170833333333,343.65701675415
18.62375,361.670017242432
18.6304166666667,378.91960144043
18.6370833333333,395.143508911133
18.64375,410.079002380371
18.6504166666667,423.476219177246
18.6570833333333,435.097694396973
18.66375,444.725036621094
18.6704166666667,452.16703414917
18.6770833333333,457.264423370361
18.68375,459.901809692383
18.6904166666667,460.004329681396
18.6970833333333,457.54337310791
18.70375,452.535629272461
18.7104166666667,445.046424865723
18.7170833333333,435.18590927124
18.72375,423.10619354248
18.7304166666667,408.993721008301
18.7370833333333,393.069744110107
18.74375,375.585079193115
18.7504166666667,356.812000274658
18.7570833333333,337.031841278076
18.76375,316.526412963867
18.7704166666667,295.576095581055
18.7770833333333,274.451732635498
18.78375,253.41272354126
18.7904166666667,232.692241668701
18.7970833333333,212.496280670166
18.80375,193.005561828613
18.8104166666667,174.377918243408
18.8170833333333,156.740665435791
18.82375,140.18440246582
18.8304166666667,124.768257141113
18.8370833333333,110.527515411377
18.84375,97.477912902832
18.8504166666667,85.6122970581055
18.8570833333333,74.9025344848633
18.86375,65.3014183044434
18.8704166666667,56.7536354064941
18.8770833333333,49.1981506347656
18.88375,42.564868927002
18.8904166666667,36.7803573608398
18.8970833333333,31.7668914794922
18.90375,27.4500846862793
18.9104166666667,23.7584114074707
18.9170833333333,20.6222534179688
18.92375,17.9762840270996
18.9304166666667,15.7599449157715
18.9370833333333,13.9164924621582
18.94375,12.3953819274902
18.9504166666667,11.1532211303711
18.9570833333333,10.1518630981445
18.96375,9.35649871826172
18.9704166666667,8.73565673828125
18.9770833333333,8.26406478881836
18.98375,7.92026519775391
18.9904166666667,7.68518447875977
18.9970833333333,7.54117965698242
19.00375,7.47537612915039
19.0104166666667,7.4763298034668
19.0170833333333,7.53402709960938
19.02375,7.63845443725586
19.0304166666667,7.7824592590332
19.0370833333333,7.95936584472656
19.04375,8.16440582275391
19.0504166666667,8.39138031005859
19.0570833333333,8.63504409790039
19.06375,8.89062881469727
19.0704166666667,9.1557502746582
19.0770833333333,9.42659378051758
19.08375,9.69886779785156
19.0904166666667,9.97066497802734
19.0970833333333,10.2415084838867
19.10375,10.5099678039551
19.1104166666667,10.7741355895996
19.1170833333333,11.0325813293457
19.12375,11.2862586975098
19.1304166666667,11.5365982055664
19.1370833333333,11.7874145507813
19.14375,12.0420455932617
19.1504166666667,12.3052597045898
19.1570833333333,12.5823020935059
19.16375,12.8793716430664
19.1704166666667,13.2045745849609
19.1770833333333,13.5684013366699
19.18375,13.9808654785156
19.1904166666667,14.4524574279785
19.1970833333333,14.9955749511719
19.20375,15.6240463256836
19.2104166666667,16.3536071777344
19.2170833333333,17.2004699707031
19.22375,18.181324005127
19.2304166666667,19.3147659301758
19.2370833333333,20.6217765808105
19.24375,22.1242904663086
19.2504166666667,23.8475799560547
19.2570833333333,25.8169174194336
19.26375,28.0575752258301
19.2704166666667,30.6034088134766
19.2770833333333,33.4887504577637
19.28375,36.7550849914551
19.2904166666667,40.4415130615234
19.2970833333333,44.5938110351563
19.30375,49.2630004882813
19.3104166666667,54.5063018798828
19.3170833333333,60.3876113891602
19.32375,66.9751167297363
19.3304166666667,74.3422508239746
19.3370833333333,82.5681686401367
19.34375,91.7410850524902
19.3504166666667,101.956367492676
19.3570833333333,113.313674926758
19.36375,125.914096832275
19.3704166666667,139.859676361084
19.3770833333333,155.256271362305
19.38375,172.209739685059
19.3904166666667,190.825462341309
19.3970833333333,211.196422576904
19.40375,233.403205871582
19.4104166666667,257.51256942749
19.4170833333333,283.578872680664
19.42375,311.638832092285
19.4304166666667,341.693878173828
19.4370833333333,373.709678649902
19.44375,407.617092132568
19.4504166666667,443.312644958496
19.4570833333333,480.655193328857
19.46375,519.452571868896
19.4704166666667,559.463024139404
19.4770833333333,600.39758682251
19.48375,641.924858093262
19.4904166666667,683.681488037109
19.4970833333333,725.259304046631
19.50375,766.20626449585
19.5104166666667,806.044101715088
19.5170833333333,844.283580780029
19.52375,880.434036254883
19.5304166666667,913.994789123535
19.5370833333333,944.478988647461
19.54375,971.43030166626
19.5504166666667,994.426250457764
19.5570833333333,1013.08584213257
19.56375,1027.08053588867
19.5704166666667,1036.15379333496
19.5770833333333,1040.12203216553
19.58375,1038.87462615967
19.5904166666667,1032.38391876221
19.5970833333333,1020.70903778076
19.60375,1003.990650177
19.6104166666667,982.447147369385
19.6170833333333,956.373691558838
19.62375,926.136493682861
19.6304166666667,892.157077789307
19.6370833333333,854.906558990479
19.64375,814.903259277344
19.6504166666667,772.695064544678
19.6570833333333,728.840827941895
19.66375,683.885097503662
19.6704166666667,638.363361358643
19.6770833333333,592.800140380859
19.68375,547.685623168945
19.6904166666667,503.46040725708
19.6970833333333,460.501670837402
19.70375,419.142246246338
19.7104166666667,379.665374755859
19.7170833333333,342.29850769043
19.72375,307.205200195313
19.7304166666667,274.487018585205
19.7370833333333,244.199275970459
19.74375,216.358661651611
19.7504166666667,190.944671630859
19.7570833333333,167.898178100586
19.76375,147.127151489258
19.7704166666667,128.516674041748
19.7770833333333,111.938953399658
19.78375,97.2585678100586
19.7904166666667,84.3305587768555
19.7970833333333,73.0032920837402
19.80375,63.1237030029297
19.8104166666667,54.5458793640137
19.8170833333333,47.1339225769043
19.82375,40.7567024230957
19.8304166666667,35.2892875671387
19.8370833333333,30.6167602539063
19.84375,26.634693145752
19.8504166666667,23.2510566711426
19.8570833333333,20.383358001709
19.86375,17.9567337036133
19.8704166666667,15.9053802490234
19.8770833333333,14.1720771789551
19.88375,12.7081871032715
19.8904166666667,11.4731788635254
19.8970833333333,10.4312896728516
19.90375,9.5524787902832
19.9104166666667,8.81052017211914
19.9170833333333,8.18300247192383
19.92375,7.65323638916016
19.9304166666667,7.20548629760742
19.9370833333333,6.82592391967773
19.94375,6.50453567504883
19.9504166666667,6.23178482055664
19.9570833333333,6.00194931030273
19.96375,5.80835342407227
19.9704166666667,5.645751953125
19.9770833333333,5.51080703735352
19.98375,5.39970397949219
19.9904166666667,5.3105354309082
19.9970833333333,5.23996353149414
20.00375,5.18512725830078
20.0104166666667,5.14507293701172
20.0170833333333,5.11741638183594
20.02375,5.09977340698242
20.0304166666667,5.09119033813477
20.0370833333333,5.09119033813477
20.04375,5.09834289550781
20.0504166666667,5.1112174987793
20.0570833333333,5.12933731079102
20.06375,5.15127182006836
20.0704166666667,5.17797470092773
20.0770833333333,5.20896911621094
20.08375,5.24377822875977
20.0904166666667,5.28240203857422
20.0970833333333,5.32388687133789
20.10375,5.36823272705078
20.1104166666667,5.41353225708008
20.1170833333333,5.46073913574219
20.12375,5.5088996887207
20.1304166666667,5.55944442749023
20.1370833333333,5.61285018920898
20.14375,5.66864013671875
20.1504166666667,5.72681427001953
20.1570833333333,5.78641891479492
20.16375,5.84745407104492
20.1704166666667,5.90801239013672
20.1770833333333,5.96857070922852
20.18375,6.0276985168457
20.1904166666667,6.08587265014648
20.1970833333333,6.14356994628906
20.20375,6.20079040527344
20.2104166666667,6.2565803527832
20.2170833333333,6.30998611450195
20.22375,6.36005401611328
20.2304166666667,6.40630722045898
20.2370833333333,6.44683837890625
20.24375,6.48117065429688
20.2504166666667,6.50882720947266
20.2570833333333,6.52837753295898
20.26375,6.54077529907227
20.2704166666667,6.54411315917969
20.2770833333333,6.53743743896484
20.28375,6.52074813842773
20.2904166666667,6.49261474609375
20.2970833333333,6.45303726196289
20.30375,6.40296936035156
20.3104166666667,6.34241104125977
20.3170833333333,6.27279281616211
20.32375,6.19268417358398
20.3304166666667,6.1030387878418
20.3370833333333,6.00576400756836
20.34375,5.90085983276367
20.3504166666667,5.78832626342773
20.3570833333333,5.66816329956055
20.36375,5.54323196411133
20.3704166666667,5.41400909423828
20.3770833333333,5.28097152709961
20.38375,5.14602661132813
20.3904166666667,5.01060485839844
20.3970833333333,4.87518310546875
20.40375,4.74214553833008
20.4104166666667,4.61149215698242
20.4170833333333,4.48465347290039
20.42375,4.36210632324219
20.4304166666667,4.24480438232422
20.4370833333333,4.13370132446289
20.44375,4.0287971496582
20.4504166666667,3.93009185791016
20.4570833333333,3.83949279785156
20.46375,3.75652313232422
20.4704166666667,3.68165969848633
20.4770833333333,3.61442565917969
20.48375,3.5548210144043
20.4904166666667,3.50236892700195
20.4970833333333,3.45706939697266
20.50375,3.41939926147461
20.5104166666667,3.38935852050781
20.5170833333333,3.36837768554688
20.52375,3.35502624511719
20.5304166666667,3.35073471069336
20.5370833333333,3.35454940795898
20.54375,3.36694717407227
20.5504166666667,3.38602066040039
20.5570833333333,3.41033935546875
20.56375,3.43990325927734
20.5704166666667,3.47566604614258
20.5770833333333,3.51524353027344
20.58375,3.56006622314453
20.5904166666667,3.61061096191406
20.5970833333333,3.66735458374023
20.60375,3.73029708862305
20.6104166666667,3.79800796508789
20.6170833333333,3.87096405029297
20.62375,3.94964218139648
20.6304166666667,4.03165817260742
20.6370833333333,4.11701202392578
20.64375,4.20618057250977
20.6504166666667,4.29868698120117
20.6570833333333,4.3940544128418
20.66375,4.49037551879883
20.6704166666667,4.58812713623047
20.6770833333333,4.68587875366211
20.68375,4.78410720825195
20.6904166666667,4.8828125
20.6970833333333,4.98008728027344
20.70375,5.07545471191406
20.7104166666667,5.16843795776367
20.7170833333333,5.25951385498047
20.72375,5.34629821777344
20.7304166666667,5.42831420898438
20.7370833333333,5.50603866577148
20.74375,5.57994842529297
20.7504166666667,5.64908981323242
20.7570833333333,5.71298599243164
20.76375,5.77116012573242
20.7704166666667,5.82456588745117
20.7770833333333,5.87272644042969
20.78375,5.91421127319336
20.7904166666667,5.94902038574219
20.7970833333333,5.97715377807617
20.80375,5.99956512451172
20.8104166666667,6.01482391357422
20.8170833333333,6.02149963378906
20.82375,6.02054595947266
20.8304166666667,6.011962890625
20.8370833333333,5.9967041015625
20.84375,5.97429275512695
20.8504166666667,5.94615936279297
20.8570833333333,5.91087341308594
20.86375,5.86938858032227
20.8704166666667,5.82170486450195
20.8770833333333,5.767822265625
20.88375,5.70774078369141
20.8904166666667,5.64289093017578
20.8970833333333,5.57279586791992
20.90375,5.49840927124023
20.9104166666667,5.41973114013672
20.9170833333333,5.33628463745117
20.92375,5.24711608886719
20.9304166666667,5.15127182006836
20.9370833333333,5.04970550537109
20.94375,4.9443244934082
20.9504166666667,4.83512878417969
20.9570833333333,4.72354888916016
20.96375,4.61006164550781
20.9704166666667,4.49609756469727
20.9770833333333,4.38117980957031
20.98375,4.26578521728516
20.9904166666667,4.14943695068359
20.9970833333333,4.03308868408203
21.00375,3.91674041748047
21.0104166666667,3.80086898803711
21.0170833333333,3.68547439575195
21.02375,3.57151031494141
21.0304166666667,3.45897674560547
21.0370833333333,3.34882736206055
21.04375,3.24058532714844
21.0504166666667,3.13615798950195
21.0570833333333,3.03459167480469
21.06375,2.93684005737305
21.0704166666667,2.84242630004883
21.0770833333333,2.75087356567383
21.08375,2.66456604003906
21.0904166666667,2.58255004882813
21.0970833333333,2.50577926635742
21.10375,2.43377685546875
21.1104166666667,2.36606597900391
21.1170833333333,2.30121612548828
21.12375,2.23875045776367
21.1304166666667,2.17962265014648
21.1370833333333,2.12478637695313
21.14375,2.07424163818359
21.1504166666667,2.02751159667969
21.1570833333333,1.98554992675781
21.16375,1.94787979125977
21.1704166666667,1.91450119018555
21.1770833333333,1.88398361206055
21.18375,1.85680389404297
21.1904166666667,1.83296203613281
21.1970833333333,1.81341171264648
21.20375,1.79672241210938
21.2104166666667,1.78289413452148
21.2170833333333,1.77097320556641
21.22375,1.76095962524414
21.2304166666667,1.75380706787109
21.2370833333333,1.74903869628906
21.24375,1.74665451049805
21.2504166666667,1.74617767333984
21.2570833333333,1.74808502197266
21.26375,1.75189971923828
21.2704166666667,1.75762176513672
21.2770833333333,1.76572799682617
21.28375,1.77574157714844
21.2904166666667,1.78718566894531
21.2970833333333,1.8000602722168
21.30375,1.81436538696289
21.3104166666667,1.8315315246582
21.3170833333333,1.85060501098633
21.32375,1.87110900878906
21.3304166666667,1.8925666809082
21.3370833333333,1.91640853881836
21.34375,1.94120407104492
21.3504166666667,1.9683837890625
21.3570833333333,1.99747085571289
21.36375,2.02846527099609
21.3704166666667,2.06089019775391
21.3770833333333,2.09617614746094
21.38375,2.13336944580078
21.3904166666667,2.17199325561523
21.3970833333333,2.2125244140625
21.40375,2.25543975830078
21.4104166666667,2.30169296264648
21.4170833333333,2.35080718994141
21.42375,2.40182876586914
21.4304166666667,2.45571136474609
21.4370833333333,2.51197814941406
21.44375,2.57158279418945
21.4504166666667,2.63357162475586
21.4570833333333,2.69842147827148
21.46375,2.76613235473633
21.4704166666667,2.83622741699219
21.4770833333333,2.90822982788086
21.48375,2.98118591308594
21.4904166666667,3.05557250976563
21.4970833333333,3.13186645507813
21.50375,3.21006774902344
21.5104166666667,3.29017639160156
21.5170833333333,3.3717155456543
21.52375,3.45420837402344
21.5304166666667,3.53765487670898
21.5370833333333,3.62110137939453
21.54375,3.70407104492188
21.5504166666667,3.78561019897461
21.5570833333333,3.86667251586914
21.56375,3.94630432128906
21.5704166666667,4.02545928955078
21.5770833333333,4.10366058349609
21.58375,4.18186187744141
21.5904166666667,4.26197052001953
21.5970833333333,4.34398651123047
21.60375,4.42790985107422
21.6104166666667,4.51517105102539
21.6170833333333,4.60529327392578
21.62375,4.6992301940918
21.6304166666667,4.79841232299805
21.6370833333333,4.90427017211914
21.64375,5.01871109008789
21.6504166666667,5.14459609985352
21.6570833333333,5.28430938720703
21.66375,5.44166564941406
21.6704166666667,5.61761856079102
21.6770833333333,5.81550598144531
21.68375,6.03771209716797
21.6904166666667,6.28662109375
21.6970833333333,6.56700134277344
21.70375,6.88266754150391
21.7104166666667,7.23838806152344
21.7170833333333,7.63845443725586
21.72375,8.08858871459961
21.7304166666667,8.59451293945313
21.7370833333333,9.16242599487305
21.74375,9.79852676391602
21.7504166666667,10.5080604553223
21.7570833333333,11.2957954406738
21.76375,12.1679306030273
21.7704166666667,13.1316184997559
21.7770833333333,14.193058013916
21.78375,15.3594017028809
21.7904166666667,16.6373252868652
21.7970833333333,18.033504486084
21.80375,19.5531845092773
21.8104166666667,21.2011337280273
21.8170833333333,22.9825973510742
21.82375,24.899959564209
21.8304166666667,26.9551277160645
21.8370833333333,29.1500091552734
21.84375,31.4855575561523
21.8504166666667,33.9598655700684
21.8570833333333,36.5700721740723
21.86375,39.309024810791
21.8704166666667,42.1700477600098
21.8770833333333,45.1421737670898
21.88375,48.213005065918
21.8904166666667,51.3696670532227
21.8970833333333,54.5945167541504
21.90375,57.8689575195313
21.9104166666667,61.1724853515625
21.9170833333333,64.483642578125
21.92375,67.7785873413086
21.9304166666667,71.0301399230957
21.9370833333333,74.2101669311523
21.94375,77.2905349731445
21.9504166666667,80.2440643310547
21.9570833333333,83.0426216125488
21.96375,85.6590270996094
21.9704166666667,88.0661010742188
21.9770833333333,90.238094329834
21.98375,92.1530723571777
21.9904166666667,93.7905311584473
21.9970833333333,95.1328277587891
22.00375,96.163272857666
22.0104166666667,96.8708992004395
22.0170833333333,97.2495079040527
22.02375,97.2952842712402
22.0304166666667,97.0063209533691
22.0370833333333,96.3878631591797
22.04375,95.4475402832031
22.0504166666667,94.1967964172363
22.0570833333333,92.648983001709
22.06375,90.8217430114746
22.0704166666667,88.7351036071777
22.0770833333333,86.4124298095703
22.08375,83.8775634765625
22.0904166666667,81.1576843261719
22.0970833333333,78.2785415649414
22.10375,75.2663612365723
22.1104166666667,72.150707244873
22.1170833333333,68.9587593078613
22.12375,65.7167434692383
22.1304166666667,62.4485015869141
22.1370833333333,59.1788291931152
22.14375,55.931568145752
22.1504166666667,52.7267456054688
22.1570833333333,49.5810508728027
22.16375,46.5097427368164
22.1704166666667,43.5261726379395
22.1770833333333,40.6427383422852
22.18375,37.8694534301758
22.1904166666667,35.2139472961426
22.1970833333333,32.6824188232422
22.20375,30.2796363830566
22.2104166666667,28.010368347168
22.2170833333333,25.8746147155762
22.22375,23.8723754882813
22.2304166666667,22.000789642334
22.2370833333333,20.2574729919434
22.24375,18.639087677002
22.2504166666667,17.1413421630859
22.2570833333333,15.7589912414551
22.26375,14.4872665405273
22.2704166666667,13.3209228515625
22.2770833333333,12.2542381286621
22.28375,11.2814903259277
22.2904166666667,10.3983879089355
22.2970833333333,9.59920883178711
22.30375,8.87823104858398
22.3104166666667,8.23163986206055
22.3170833333333,7.65323638916016
22.32375,7.13872909545898
22.3304166666667,6.6828727722168
22.3370833333333,6.28328323364258
22.34375,5.93423843383789
22.3504166666667,5.63287734985352
22.3570833333333,5.37681579589844
22.36375,5.16462326049805
22.3704166666667,4.99343872070313
22.3770833333333,4.86135482788086
22.38375,4.76694107055664
22.3904166666667,4.71019744873047
22.3970833333333,4.68969345092773
22.40375,4.70542907714844
22.4104166666667,4.75788116455078
22.4170833333333,4.84704971313477
22.42375,4.9738883972168
22.4304166666667,5.14078140258789
22.4370833333333,5.34963607788086
22.44375,5.60283660888672
22.4504166666667,5.90276718139648
22.4570833333333,6.25324249267578
22.46375,6.65807723999023
22.4704166666667,7.12108612060547
22.4770833333333,7.64751434326172
22.48375,8.24260711669922
22.4904166666667,8.91304016113281
22.4970833333333,9.66501235961914
22.50375,10.5075836181641
22.5104166666667,11.4493370056152
22.5170833333333,12.4993324279785
22.52375,13.6661529541016
22.5304166666667,14.960765838623
22.5370833333333,16.3965225219727
22.54375,17.9862976074219
22.5504166666667,19.7443962097168
22.5570833333333,21.6870307922363
22.56375,23.8313674926758
22.5704166666667,26.1969566345215
22.5770833333333,28.803825378418
22.58375,31.672477722168
22.5904166666667,34.8248481750488
22.5970833333333,38.2828712463379
22.60375,42.0722961425781
22.6104166666667,46.2207794189453
22.6170833333333,50.7564544677734
22.62375,55.7065010070801
22.6304166666667,61.0990524291992
22.6370833333333,66.9631958007813
22.64375,73.3304023742676
22.6504166666667,80.2340507507324
22.6570833333333,87.7041816711426
22.66375,95.7670211791992
22.6704166666667,104.450702667236
22.6770833333333,113.781452178955
22.68375,123.782634735107
22.6904166666667,134.472370147705
22.6970833333333,145.862579345703
22.70375,157.963752746582
22.7104166666667,170.781135559082
22.7170833333333,184.316635131836
22.72375,198.562622070313
22.7304166666667,213.499546051025
22.7370833333333,229.098320007324
22.74375,245.321750640869
22.7504166666667,262.127876281738
22.7570833333333,279.463768005371
22.76375,297.259330749512
22.7704166666667,315.435409545898
22.7770833333333,333.902835845947
22.78375,352.567195892334
22.7904166666667,371.323108673096
22.7970833333333,390.051364898682
22.80375,408.626556396484
22.8104166666667,426.91707611084
22.8170833333333,444.78702545166
22.82375,462.099075317383
22.8304166666667,478.711128234863
22.8370833333333,494.479179382324
22.84375,509.259700775146
22.8504166666667,522.916316986084
22.8570833333333,535.321235656738
22.86375,546.350479125977
22.8704166666667,555.891513824463
22.8770833333333,563.844680786133
22.88375,570.129871368408
22.8904166666667,574.681282043457
22.8970833333333,577.44836807251
22.90375,578.400135040283
22.9104166666667,577.523231506348
22.9170833333333,574.822425842285
22.92375,570.319175720215
22.9304166666667,564.052104949951
22.9370833333333,556.08081817627
22.94375,546.477794647217
22.9504166666667,535.331249237061
22.9570833333333,522.739887237549
22.96375,508.81290435791
22.9704166666667,493.675708770752
22.9770833333333,477.462291717529
22.98375,460.313320159912
22.9904166666667,442.369937896729
22.9970833333333,423.775196075439
23.00375,404.675960540771
23.0104166666667,385.218620300293
23.0170833333333,365.545272827148
23.02375,345.790386199951
23.0304166666667,326.07889175415
23.0370833333333,306.532859802246
23.04375,287.270069122314
23.0504166666667,268.393993377686
23.0570833333333,249.997615814209
23.06375,232.160091400146
23.0704166666667,214.951515197754
23.0770833333333,198.433876037598
23.08375,182.654857635498
23.0904166666667,167.651176452637
23.0970833333333,153.447151184082
23.10375,140.058517456055
23.1104166666667,127.492904663086
23.1170833333333,115.752220153809
23.12375,104.828834533691
23.1304166666667,94.7060585021973
23.1370833333333,85.3610038757324
23.14375,76.7679214477539
23.1504166666667,68.8972473144531
23.1570833333333,61.7160797119141
23.16375,55.1862716674805
23.1704166666667,49.2677688598633
23.1770833333333,43.921947479248
23.18375,39.1120910644531
23.1904166666667,34.7981452941895
23.1970833333333,30.9410095214844
23.20375,27.5015830993652
23.2104166666667,24.4441032409668
23.2170833333333,21.7342376708984
23.22375,19.3381309509277
23.2304166666667,17.2252655029297
23.2370833333333,15.3656005859375
23.24375,13.7314796447754
23.2504166666667,12.298583984375
23.2570833333333,11.044979095459
23.26375,9.94873046875
23.2704166666667,8.99219512939453
23.2770833333333,8.15773010253906
23.28375,7.43007659912109
23.2904166666667,6.79683685302734
23.2970833333333,6.24513626098633
23.30375,5.76496124267578
23.3104166666667,5.34677505493164
23.3170833333333,4.98247146606445
23.32375,4.66442108154297
23.3304166666667,4.38690185546875
23.3370833333333,4.14276123046875
23.34375,3.92770767211914
23.3504166666667,3.7384033203125
23.3570833333333,3.570556640625
23.36375,3.42226028442383
23.3704166666667,3.29160690307617
23.3770833333333,3.17621231079102
23.38375,3.07464599609375
23.3904166666667,2.98500061035156
23.3970833333333,2.90775299072266
23.40375,2.84004211425781
23.4104166666667,2.78139114379883
23.4170833333333,2.7313232421875
23.42375,2.68888473510742
23.4304166666667,2.65359878540039
23.4370833333333,2.62260437011719
23.44375,2.59685516357422
23.4504166666667,2.57587432861328
23.4570833333333,2.56013870239258
23.46375,2.5486946105957
23.4704166666667,2.54058837890625
23.4770833333333,2.53725051879883
23.48375,2.53820419311523
23.4904166666667,2.54344940185547
23.4970833333333,2.55155563354492
23.50375,2.5629997253418
23.5104166666667,2.57778167724609
23.5170833333333,2.59685516357422
23.52375,2.61878967285156
23.5304166666667,2.64310836791992
23.5370833333333,2.67124176025391
23.54375,2.70175933837891
23.5504166666667,2.73418426513672
23.5570833333333,2.76708602905273
23.56375,2.80094146728516
23.5704166666667,2.83527374267578
23.5770833333333,2.86960601806641
23.58375,2.90489196777344
23.5904166666667,2.94017791748047
23.5970833333333,2.97641754150391
23.60375,3.01218032836914
23.6104166666667,3.04746627807617
23.6170833333333,3.08132171630859
23.62375,3.11374664306641
23.6304166666667,3.14521789550781
23.6370833333333,3.1743049621582
23.64375,3.20100784301758
23.6504166666667,3.22437286376953
23.6570833333333,3.24535369873047
23.66375,3.26347351074219
23.6704166666667,3.27873229980469
23.6770833333333,3.29160690307617
23.68375,3.30162048339844
23.6904166666667,3.30829620361328
23.6970833333333,3.31211090087891
23.70375,3.3111572265625
23.7104166666667,3.30638885498047
23.7170833333333,3.29685211181641
23.72375,3.28397750854492
23.7304166666667,3.26776504516602
23.7370833333333,3.24869155883789
23.74375,3.22580337524414
23.7504166666667,3.19910049438477
23.7570833333333,3.16905975341797
23.76375,3.13663482666016
23.7704166666667,3.10182571411133
23.7770833333333,3.06415557861328
23.78375,3.02410125732422
23.7904166666667,2.98166275024414
23.7970833333333,2.93731689453125
23.80375,2.89201736450195
23.8104166666667,2.84528732299805
23.8170833333333,2.79808044433594
23.82375,2.75230407714844
23.8304166666667,2.70748138427734
23.8370833333333,2.66265869140625
23.84375,2.61783599853516
23.8504166666667,2.57349014282227
23.8570833333333,2.52962112426758
23.86375,2.48527526855469
23.8704166666667,2.4409294128418
23.8770833333333,2.39706039428711
23.88375,2.35509872436523
23.8904166666667,2.31409072875977
23.8970833333333,2.27451324462891
23.90375,2.23779678344727
23.9104166666667,2.20489501953125
23.9170833333333,2.17342376708984
23.92375,2.14385986328125
23.9304166666667,2.11668014526367
23.9370833333333,2.09188461303711
23.94375,2.06851959228516
23.9504166666667,2.04563140869141
23.9570833333333,2.02560424804688
23.96375,2.00748443603516
23.9704166666667,1.99222564697266
23.9770833333333,1.97982788085938
23.98375,1.97029113769531
23.9904166666667,1.96313858032227
23.9970833333333,1.95789337158203
24.00375,1.95407867431641
24.0104166666667,1.95169448852539
24.0170833333333,1.95074081420898
24.02375,1.95217132568359
24.0304166666667,1.95646286010742
24.0370833333333,1.96266174316406
24.04375,1.97029113769531
24.0504166666667,1.97935104370117
24.0570833333333,1.98888778686523
24.06375,1.9984245300293
24.0704166666667,2.00843811035156
24.0770833333333,2.01988220214844
24.08375,2.03227996826172
24.0904166666667,2.04563140869141
24.0970833333333,2.0594596862793
24.10375,2.0747184753418
24.1104166666667,2.0899772644043
24.1170833333333,2.10475921630859
24.12375,2.11954116821289
24.1304166666667,2.13527679443359
24.1370833333333,2.1510124206543
24.14375,2.166748046875
24.1504166666667,2.18105316162109
24.1570833333333,2.19535827636719
24.16375,2.21109390258789
24.1704166666667,2.22587585449219
24.1770833333333,2.24065780639648
24.18375,2.25400924682617
24.1904166666667,2.26831436157227
24.1970833333333,2.28214263916016
24.20375,2.29597091674805
24.2104166666667,2.30979919433594
24.2170833333333,2.32458114624023
24.22375,2.33983993530273
24.2304166666667,2.35652923583984
24.2370833333333,2.37369537353516
24.24375,2.39181518554688
24.2504166666667,2.4104118347168
24.2570833333333,2.43043899536133
24.26375,2.45237350463867
24.2704166666667,2.47716903686523
24.2770833333333,2.50577926635742
24.28375,2.53915786743164
24.2904166666667,2.57682800292969
24.2970833333333,2.61688232421875
24.30375,2.66122817993164
24.3104166666667,2.71034240722656
24.3170833333333,2.76422500610352
24.32375,2.82382965087891
24.3304166666667,2.89011001586914
24.3370833333333,2.96449661254883
24.34375,3.04889678955078
24.3504166666667,3.1428337097168
24.3570833333333,3.24726104736328
24.36375,3.36265563964844
24.3704166666667,3.48949432373047
24.3770833333333,3.63016128540039
24.38375,3.78608703613281
24.3904166666667,3.95965576171875
24.3970833333333,4.1508674621582
24.40375,4.36067581176758
24.4104166666667,4.59098815917969
24.4170833333333,4.84323501586914
24.42375,5.11884689331055
24.4304166666667,5.41830062866211
24.4370833333333,5.74302673339844
24.44375,6.09397888183594
24.4504166666667,6.47115707397461
24.4570833333333,6.87456130981445
24.46375,7.30371475219727
24.4704166666667,7.75957107543945
24.4770833333333,8.24308395385742
24.48375,8.75377655029297
24.4904166666667,9.29021835327148
24.4970833333333,9.85240936279297
24.50375,10.4384422302246
24.5104166666667,11.0440254211426
24.5170833333333,11.6662979125977
24.52375,12.303352355957
24.5304166666667,12.9523277282715
24.5370833333333,13.6079788208008
24.54375,14.2645835876465
24.5504166666667,14.9188041687012
24.5570833333333,15.5649185180664
24.56375,16.1967277526855
24.5704166666667,16.8099403381348
24.5770833333333,17.4007415771484
24.58375,17.9648399353027
24.5904166666667,18.4955596923828
24.5970833333333,18.989086151123
24.60375,19.4406509399414
24.6104166666667,19.8459625244141
24.6170833333333,20.1992988586426
24.62375,20.4987525939941
24.6304166666667,20.7419395446777
24.6370833333333,20.927906036377
24.64375,21.0566520690918
24.6504166666667,21.1277008056641
24.6570833333333,21.1410522460938
24.66375,21.0981369018555
24.6704166666667,21.000862121582
24.6770833333333,20.8520889282227
24.68375,20.6546783447266
24.6904166666667,20.4129219055176
24.6970833333333,20.1325416564941
24.70375,19.8178291320801
24.7104166666667,19.4735527038574
24.7170833333333,19.1044807434082
24.72375,18.7139511108398
24.7304166666667,18.308162689209
24.7370833333333,17.8914070129395
24.74375,17.4670219421387
24.7504166666667,17.0378684997559
24.7570833333333,16.6077613830566
24.76375,16.1809921264648
24.7704166666667,15.7599449157715
24.7770833333333,15.347957611084
24.78375,14.946460723877
24.7904166666667,14.5583152770996
24.7970833333333,14.1849517822266
24.80375,13.8249397277832
24.8104166666667,13.4782791137695
24.8170833333333,13.1425857543945
24.82375,12.8192901611328
24.8304166666667,12.5064849853516
24.8370833333333,12.2032165527344
24.84375,11.909008026123
24.8504166666667,11.6233825683594
24.8570833333333,11.3444328308105
24.86375,11.0702514648438
24.8704166666667,10.7998847961426
24.8770833333333,10.5314254760742
24.88375,10.2639198303223
24.8904166666667,9.99641418457031
24.8970833333333,9.72938537597656
24.90375,9.46140289306641
24.9104166666667,9.19246673583984
24.9170833333333,8.92305374145508
24.92375,8.65268707275391
24.9304166666667,8.38279724121094
24.9370833333333,8.11243057250977
24.94375,7.8425407409668
24.9504166666667,7.57360458374023
24.9570833333333,7.30609893798828
24.96375,7.04002380371094
24.9704166666667,6.7753791809082
24.9770833333333,6.51216506958008
24.98375,6.25181198120117
24.9904166666667,5.99527359008789
24.9970833333333,5.74541091918945
25.00375,5.50270080566406
25.0104166666667,5.26857376098633
25.0170833333333,5.04350662231445
25.02375,4.82749938964844
25.0304166666667,4.62102890014648
25.0370833333333,4.42409515380859
25.04375,4.23622131347656
25.0504166666667,4.0583610534668
25.0570833333333,3.8914680480957
25.06375,3.73506546020508
25.0704166666667,3.58963012695313
25.0770833333333,3.45373153686523
25.08375,3.32784652709961
25.0904166666667,3.21149826049805
25.0970833333333,3.10373306274414
25.10375,3.00455093383789
25.1104166666667,2.9149055480957
25.1170833333333,2.83575057983398
25.12375,2.76565551757813
25.1304166666667,2.70414352416992
25.1370833333333,2.65073776245117
25.14375,2.60543823242188
25.1504166666667,2.56586074829102
25.1570833333333,2.53152847290039
25.16375,2.5029182434082
25.1704166666667,2.47907638549805
25.1770833333333,2.45952606201172
25.18375,2.44331359863281
25.1904166666667,2.43139266967773
25.1970833333333,2.42185592651367
25.20375,2.41470336914063
25.2104166666667,2.40993499755859
25.2170833333333,2.40850448608398
25.22375,2.40898132324219
25.2304166666667,2.40993499755859
25.2370833333333,2.410888671875
25.24375,2.41279602050781
25.2504166666667,2.41470336914063
25.2570833333333,2.41565704345703
25.26375,2.41613388061523
25.2704166666667,2.41613388061523
25.2770833333333,2.41613388061523
25.28375,2.41518020629883
25.2904166666667,2.41327285766602
25.2970833333333,2.410888671875
25.30375,2.40850448608398
25.3104166666667,2.40564346313477
25.3170833333333,2.40182876586914
25.32375,2.39753723144531
25.3304166666667,2.39276885986328
25.3370833333333,2.38752365112305
25.34375,2.38180160522461
25.3504166666667,2.37751007080078
25.3570833333333,2.37464904785156
25.36375,2.37321853637695
25.3704166666667,2.37321853637695
25.3770833333333,2.37464904785156
25.38375,2.37846374511719
25.3904166666667,2.38323211669922
25.3970833333333,2.38943099975586
25.40375,2.39801406860352
25.4104166666667,2.40898132324219
25.4170833333333,2.42376327514648
25.42375,2.4418830871582
25.4304166666667,2.46334075927734
25.4370833333333,2.48908996582031
25.44375,2.51865386962891
25.4504166666667,2.55107879638672
25.4570833333333,2.58588790893555
25.46375,2.6240348815918
25.4704166666667,2.66599655151367
25.4770833333333,2.71034240722656
25.48375,2.75754928588867
25.4904166666667,2.8076171875
25.4970833333333,2.86006927490234
25.50375,2.9139518737793
25.5104166666667,2.96926498413086
25.5170833333333,3.02648544311523
25.52375,3.08561325073242
25.5304166666667,3.14474105834961
25.5370833333333,3.20291519165039
25.54375,3.26108932495117
25.5504166666667,3.31926345825195
25.5570833333333,3.37457656860352
25.56375,3.42655181884766
25.5704166666667,3.47566604614258
25.5770833333333,3.52191925048828
25.58375,3.56435775756836
25.5904166666667,3.60202789306641
25.5970833333333,3.63588333129883
25.60375,3.66640090942383
25.6104166666667,3.69453430175781
25.6170833333333,3.71885299682617
25.62375,3.74078750610352
25.6304166666667,3.75938415527344
25.6370833333333,3.77464294433594
25.64375,3.78656387329102
25.6504166666667,3.79419326782227
25.6570833333333,3.7989616394043
25.66375,3.80086898803711
25.6704166666667,3.80039215087891
25.6770833333333,3.79753112792969
25.68375,3.79180908203125
25.6904166666667,3.7837028503418
25.6970833333333,3.77321243286133
25.70375,3.76081466674805
25.7104166666667,3.74603271484375
25.7170833333333,3.72934341430664
25.72375,3.71170043945313
25.7304166666667,3.69358062744141
25.7370833333333,3.67498397827148
25.74375,3.65543365478516
25.7504166666667,3.63397598266602
25.7570833333333,3.61156463623047
25.76375,3.58915328979492
25.7704166666667,3.56626510620117
25.7770833333333,3.54194641113281
25.78375,3.51667404174805
25.7904166666667,3.49140167236328
25.7970833333333,3.4642219543457
25.80375,3.43561172485352
25.8104166666667,3.40509414672852
25.8170833333333,3.37457656860352
25.82375,3.34262847900391
25.8304166666667,3.30924987792969
25.8370833333333,3.27539443969727
25.84375,3.24153900146484
25.8504166666667,3.20672988891602
25.8570833333333,3.17049026489258
25.86375,3.13234329223633
25.8704166666667,3.09371948242188
25.8770833333333,3.05461883544922
25.88375,3.01456451416016
25.8904166666667,2.97451019287109
25.8970833333333,2.93493270874023
25.90375,2.89583206176758
25.9104166666667,2.85625457763672
25.9170833333333,2.81667709350586
25.92375,2.7775764465332
25.9304166666667,2.73990631103516
25.9370833333333,2.70366668701172
25.94375,2.66742706298828
25.9504166666667,2.63261795043945
25.9570833333333,2.59971618652344
25.96375,2.56967544555664
25.9704166666667,2.54154205322266
25.9770833333333,2.51674652099609
25.98375,2.49624252319336
25.9904166666667,2.48146057128906
25.9970833333333,2.47097015380859
26.00375,2.46477127075195
26.0104166666667,2.46238708496094
26.0170833333333,2.46572494506836
26.02375,2.47573852539063
26.0304166666667,2.49195098876953
26.0370833333333,2.51436233520508
26.04375,2.54297256469727
26.0504166666667,2.5782585144043
26.0570833333333,2.62022018432617
26.06375,2.66933441162109
26.0704166666667,2.72464752197266
26.0770833333333,2.78711318969727
26.08375,2.85720825195313
26.0904166666667,2.93445587158203
26.0970833333333,3.01837921142578
26.10375,3.10850143432617
26.1104166666667,3.2048225402832
26.1170833333333,3.30638885498047
26.12375,3.41272354125977
26.1304166666667,3.52239608764648
26.1370833333333,3.63445281982422
26.14375,3.74841690063477
26.1504166666667,3.86285781860352
26.1570833333333,3.97777557373047
26.16375,4.09269332885742
26.1704166666667,4.20665740966797
26.1770833333333,4.3177604675293
26.18375,4.425048828125
26.1904166666667,4.52804565429688
26.1970833333333,4.62436676025391
26.20375,4.71401214599609
26.2104166666667,4.79507446289063
26.2170833333333,4.8670768737793
26.22375,4.9285888671875
26.2304166666667,4.98056411743164
26.2370833333333,5.02252578735352
26.24375,5.05447387695313
26.2504166666667,5.07688522338867
26.2570833333333,5.09023666381836
26.26375,5.09405136108398
26.2704166666667,5.08880615234375
26.2770833333333,5.07259368896484
26.28375,5.04541397094727
26.2904166666667,5.00822067260742
26.2970833333333,4.96292114257813
26.30375,4.90999221801758
26.3104166666667,4.84943389892578
26.3170833333333,4.78315353393555
26.32375,4.71305847167969
26.3304166666667,4.638671875
26.3370833333333,4.55999374389648
26.34375,4.47750091552734
26.3504166666667,4.39214706420898
26.3570833333333,4.30440902709961
26.36375,4.21428680419922
26.3704166666667,4.12321090698242
26.3770833333333,4.03118133544922
26.38375,3.94058227539063
26.3904166666667,3.85189056396484
26.3970833333333,3.76558303833008
26.40375,3.68213653564453
26.4104166666667,3.60202789306641
26.4170833333333,3.5252571105957
26.42375,3.45230102539063
26.4304166666667,3.38268280029297
26.4370833333333,3.31735610961914
26.44375,3.25679779052734
26.4504166666667,3.20243835449219
26.4570833333333,3.15332412719727
26.46375,3.11040878295898
26.4704166666667,3.07416915893555
26.4770833333333,3.04555892944336
26.48375,3.02457809448242
26.4904166666667,3.01122665405273
26.4970833333333,3.00455093383789
26.50375,3.00502777099609
26.5104166666667,3.01218032836914
26.5170833333333,3.02505493164063
26.52375,3.04365158081055
26.5304166666667,3.06797027587891
26.5370833333333,3.09848785400391
26.54375,3.13425064086914
26.5504166666667,3.1743049621582
26.5570833333333,3.21674346923828
26.56375,3.26108932495117
26.5704166666667,3.30638885498047
26.5770833333333,3.35073471069336
26.58375,3.39508056640625
26.5904166666667,3.43894958496094
26.5970833333333,3.48138809204102
26.60375,3.52191925048828
26.6104166666667,3.55911254882813
26.6170833333333,3.59392166137695
26.62375,3.62443923950195
26.6304166666667,3.65018844604492
26.6370833333333,3.67069244384766
26.64375,3.68595123291016
26.6504166666667,3.69596481323242
26.6570833333333,3.69930267333984
26.66375,3.69644165039063
26.6704166666667,3.68690490722656
26.6770833333333,3.67164611816406
26.68375,3.65066528320313
26.6904166666667,3.62443923950195
26.6970833333333,3.59344482421875
26.70375,3.56054306030273
26.7104166666667,3.5247802734375
26.7170833333333,3.48663330078125
26.72375,3.44610214233398
26.7304166666667,3.40414047241211
26.7370833333333,3.36170196533203
26.74375,3.31878662109375
26.7504166666667,3.27491760253906
26.7570833333333,3.23247909545898
26.76375,3.19290161132813
26.7704166666667,3.15570831298828
26.7770833333333,3.12137603759766
26.78375,3.08942794799805
26.7904166666667,3.06034088134766
26.7970833333333,3.03363800048828
26.80375,3.00931930541992
26.8104166666667,2.98690795898438
26.8170833333333,2.96688079833984
26.82375,2.95066833496094
26.8304166666667,2.93779373168945
26.8370833333333,2.92825698852539
26.84375,2.92301177978516
26.8504166666667,2.92062759399414
26.8570833333333,2.91919708251953
26.86375,2.91824340820313
26.8704166666667,2.91776657104492
26.8770833333333,2.91824340820313
26.88375,2.92062759399414
26.8904166666667,2.92491912841797
26.8970833333333,2.93159484863281
26.90375,2.94208526611328
26.9104166666667,2.95495986938477
26.9170833333333,2.96974182128906
26.92375,2.98690795898438
26.9304166666667,3.00693511962891
26.9370833333333,3.02982330322266
26.94375,3.05652618408203
26.9504166666667,3.08847427368164
26.9570833333333,3.12662124633789
26.96375,3.17049026489258
26.9704166666667,3.22055816650391
26.9770833333333,3.27730178833008
26.98375,3.34024429321289
26.9904166666667,3.40843200683594
26.9970833333333,3.48281860351563
27.00375,3.56388092041016
27.0104166666667,3.65304946899414
27.0170833333333,3.74889373779297
27.02375,3.85189056396484
27.0304166666667,3.96203994750977
27.0370833333333,4.07934188842773
27.04375,4.20236587524414
27.0504166666667,4.32777404785156
27.0570833333333,4.45556640625
27.06375,4.58526611328125
27.0704166666667,4.7154426574707
27.0770833333333,4.84466552734375
27.08375,4.97198104858398
27.0904166666667,5.09738922119141
27.0970833333333,5.218505859375
27.10375,5.33485412597656
27.1104166666667,5.44404983520508
27.1170833333333,5.54418563842773
27.12375,5.63430786132813
27.1304166666667,5.71346282958984
27.1370833333333,5.78117370605469
27.14375,5.83744049072266
27.1504166666667,5.88083267211914
27.1570833333333,5.91182708740234
27.16375,5.93042373657227
27.1704166666667,5.93709945678711
27.1770833333333,5.93090057373047
27.18375,5.91325759887695
27.1904166666667,5.88464736938477
27.1970833333333,5.84650039672852
27.20375,5.79929351806641
27.2104166666667,5.74350357055664
27.2170833333333,5.68056106567383
27.22375,5.61141967773438
27.2304166666667,5.53750991821289
27.2370833333333,5.46121597290039
27.24375,5.38301467895508
27.2504166666667,5.30290603637695
27.2570833333333,5.22184371948242
27.26375,5.14125823974609
27.2704166666667,5.06162643432617
27.2770833333333,4.98390197753906
27.28375,4.90999221801758
27.2904166666667,4.83989715576172
27.2970833333333,4.7755241394043
27.30375,4.7154426574707
27.3104166666667,4.66012954711914
27.3170833333333,4.61053848266602
27.32375,4.56666946411133
27.3304166666667,4.52947616577148
27.3370833333333,4.49895858764648
27.34375,4.47559356689453
27.3504166666667,4.45985794067383
27.3570833333333,4.45079803466797
27.36375,4.44746017456055
27.3704166666667,4.44936752319336
27.3770833333333,4.45556640625
27.38375,4.46653366088867
27.3904166666667,4.48036193847656
27.3970833333333,4.49657440185547
27.40375,4.51421737670898
27.4104166666667,4.53329086303711
27.4170833333333,4.55284118652344
27.42375,4.57191467285156
27.4304166666667,4.59146499633789
27.4370833333333,4.60958480834961
27.44375,4.62579727172852
27.4504166666667,4.64057922363281
27.4570833333333,4.65250015258789
27.46375,4.66156005859375
27.4704166666667,4.66728210449219
27.4770833333333,4.66823577880859
27.48375,4.66537475585938
27.4904166666667,4.65917587280273
27.4970833333333,4.65106964111328
27.50375,4.63962554931641
27.5104166666667,4.62675094604492
27.5170833333333,4.61244583129883
27.52375,4.59909439086914
27.5304166666667,4.58669662475586
27.5370833333333,4.57572937011719
27.54375,4.56666946411133
27.5504166666667,4.56047058105469
27.5570833333333,4.55856323242188
27.56375,4.56047058105469
27.5704166666667,4.56619262695313
27.5770833333333,4.57572937011719
27.58375,4.59003448486328
27.5904166666667,4.6076774597168
27.5970833333333,4.63008880615234
27.60375,4.65631484985352
27.6104166666667,4.68540191650391
27.6170833333333,4.71878051757813
27.62375,4.75645065307617
27.6304166666667,4.79888916015625
27.6370833333333,4.84609603881836
27.64375,4.89616394042969
27.6504166666667,4.94909286499023
27.6570833333333,5.0048828125
27.66375,5.06258010864258
27.6704166666667,5.12218475341797
27.6770833333333,5.18226623535156
27.68375,5.24234771728516
27.6904166666667,5.30338287353516
27.6970833333333,5.36346435546875
27.70375,5.42306900024414
27.7104166666667,5.48124313354492
27.7170833333333,5.5384635925293
27.72375,5.59473037719727
27.7304166666667,5.64861297607422
27.7370833333333,5.70106506347656
27.74375,5.75017929077148
27.7504166666667,5.79595565795898
27.7570833333333,5.83839416503906
27.76375,5.87654113769531
27.7704166666667,5.91230392456055
27.7770833333333,5.94329833984375
27.78375,5.97047805786133
27.7904166666667,5.99384307861328
27.7970833333333,6.01387023925781
27.80375,6.03103637695313
27.8104166666667,6.04534149169922
27.8170833333333,6.0572624206543
27.82375,6.06679916381836
27.8304166666667,6.072998046875
27.8370833333333,6.07538223266602
27.84375,6.07490539550781
27.8504166666667,6.07204437255859
27.8570833333333,6.06679916381836
27.86375,6.05869293212891
27.8704166666667,6.04915618896484
27.8770833333333,6.03914260864258
27.88375,6.02817535400391
27.8904166666667,6.01673126220703
27.8970833333333,6.00624084472656
27.90375,5.9967041015625
27.9104166666667,5.98859786987305
27.9170833333333,5.9819221496582
27.92375,5.97810745239258
27.9304166666667,5.97667694091797
27.9370833333333,5.97763061523438
27.94375,5.98239898681641
27.9504166666667,5.99241256713867
27.9570833333333,6.00814819335938
27.96375,6.03103637695313
27.9704166666667,6.06107711791992
27.9770833333333,6.10017776489258
27.98375,6.14786148071289
27.9904166666667,6.20460510253906
27.9970833333333,6.27040863037109
28.00375,6.34574890136719
28.0104166666667,6.42919540405273
28.0170833333333,6.52122497558594
28.02375,6.62136077880859
28.0304166666667,6.7286491394043
28.0370833333333,6.84165954589844
28.04375,6.95991516113281
28.0504166666667,7.08293914794922
28.0570833333333,7.21025466918945
28.06375,7.3399543762207
28.0704166666667,7.47156143188477
28.0770833333333,7.60412216186523
28.08375,7.7362060546875
28.0904166666667,7.86685943603516
28.0970833333333,7.99465179443359
28.10375,8.1171989440918
28.1104166666667,8.23450088500977
28.1170833333333,8.34512710571289
28.12375,8.45050811767578
28.1304166666667,8.54921340942383
28.1370833333333,8.64171981811523
28.14375,8.7285041809082
28.1504166666667,8.80861282348633
28.1570833333333,8.88252258300781
28.16375,8.94880294799805
28.1704166666667,9.00745391845703
28.1770833333333,9.05942916870117
28.18375,9.10520553588867
28.1904166666667,9.14382934570313
28.1970833333333,9.17530059814453
28.20375,9.19961929321289
28.2104166666667,9.21773910522461
28.2170833333333,9.22918319702148
28.22375,9.23299789428711
28.2304166666667,9.22966003417969
28.2370833333333,9.22012329101563
28.24375,9.20486450195313
28.2504166666667,9.18340682983398
28.2570833333333,9.15431976318359
28.26375,9.11951065063477
28.2704166666667,9.08041000366211
28.2770833333333,9.03940200805664
28.28375,8.99648666381836
28.2904166666667,8.95214080810547
28.2970833333333,8.90922546386719
28.30375,8.87060165405273
28.3104166666667,8.83674621582031
28.3170833333333,8.80956649780273
28.32375,8.79192352294922
28.3304166666667,8.78715515136719
28.3370833333333,8.79859924316406
28.34375,8.82816314697266
28.3504166666667,8.87727737426758
28.3570833333333,8.94784927368164
28.36375,9.04178619384766
28.3704166666667,9.16004180908203
28.3770833333333,9.30261611938477
28.38375,9.47093963623047
28.3904166666667,9.66644287109375
28.3970833333333,9.8881721496582
28.40375,10.1370811462402
28.4104166666667,10.4126930236816
28.4170833333333,10.7135772705078
28.42375,11.0397338867188
28.4304166666667,11.3887786865234
28.4370833333333,11.7583274841309
28.44375,12.1474266052246
28.4504166666667,12.5517845153809
28.4570833333333,12.9685401916504
28.46375,13.3905410766602
28.4704166666667,13.8120651245117
28.4770833333333,14.2264366149902
28.48375,14.6274566650391
28.4904166666667,15.0065422058105
28.4970833333333,15.3560638427734
28.50375,15.6688690185547
28.5104166666667,15.9378051757813
28.5170833333333,16.1552429199219
28.52375,16.3140296936035
28.5304166666667,16.4108276367188
28.5370833333333,16.4427757263184
28.54375,16.4079666137695
28.5504166666667,16.3068771362305
28.5570833333333,16.141414642334
28.56375,15.9163475036621
28.5704166666667,15.6373977661133
28.5770833333333,15.3088569641113
28.58375,14.9397850036621
28.5904166666667,14.5406723022461
28.5970833333333,14.1210556030273
28.60375,13.6895179748535
28.6104166666667,13.2546424865723
28.6170833333333,12.8264427185059
28.62375,12.4106407165527
28.6304166666667,12.0139122009277
28.6370833333333,11.6381645202637
28.64375,11.2886428833008
28.6504166666667,10.9672546386719
28.6570833333333,10.6768608093262
28.66375,10.4174613952637
28.6704166666667,10.1885795593262
28.6770833333333,9.99116897583008
28.68375,9.82141494750977
28.6904166666667,9.67788696289063
28.6970833333333,9.55581665039063
28.70375,9.45425033569336
28.7104166666667,9.368896484375
28.7170833333333,9.29832458496094
28.72375,9.24015045166016
28.7304166666667,9.19246673583984
28.7370833333333,9.1547966003418
28.74375,9.12570953369141
28.7504166666667,9.10377502441406
28.7570833333333,9.08803939819336
28.76375,9.07754898071289
28.7704166666667,9.07087326049805
28.7770833333333,9.06753540039063
28.78375,9.06705856323242
28.7904166666667,9.06991958618164
28.7970833333333,9.07564163208008
28.80375,9.08517837524414
28.8104166666667,9.09900665283203
28.8170833333333,9.11712646484375
28.82375,9.1400146484375
28.8304166666667,9.16862487792969
28.8370833333333,9.20248031616211
28.84375,9.24158096313477
28.8504166666667,9.28640365600586
28.8570833333333,9.33694839477539
28.86375,9.39512252807617
28.8704166666667,9.4599723815918
28.8770833333333,9.53245162963867
28.88375,9.61112976074219
28.8904166666667,9.69409942626953
28.8970833333333,9.7808837890625
28.90375,9.86909866333008
28.9104166666667,9.95635986328125
28.9170833333333,10.0417137145996
28.92375,10.1237297058105
28.9304166666667,10.2005004882813
28.9370833333333,10.2710723876953
28.94375,10.3340148925781
28.9504166666667,10.3864669799805
28.9570833333333,10.4274749755859
28.96375,10.4565620422363
28.9704166666667,10.4737281799316
28.9770833333333,10.4789733886719
28.98375,10.4718208312988
28.9904166666667,10.4527473449707
28.9970833333333,10.4236602783203
29.00375,10.3845596313477
29.0104166666667,10.3368759155273
29.0170833333333,10.2815628051758
29.02375,10.221004486084
29.0304166666667,10.1561546325684
29.0370833333333,10.0893974304199
29.04375,10.0212097167969
29.0504166666667,9.95254516601563
29.0570833333333,9.88340377807617
29.06375,9.81569290161133
29.0704166666667,9.74798202514648
29.0770833333333,9.68074798583984
29.08375,9.61399078369141
29.0904166666667,9.54914093017578
29.0970833333333,9.48429107666016
29.10375,9.41944122314453
29.1104166666667,9.3541145324707
29.1170833333333,9.28783416748047
29.12375,9.21964645385742
29.1304166666667,9.14764404296875
29.1370833333333,9.07230377197266
29.14375,8.99410247802734
29.1504166666667,8.91256332397461
29.1570833333333,8.82863998413086
29.16375,8.7428092956543
29.1704166666667,8.65411758422852
29.1770833333333,8.56161117553711
29.18375,8.46576690673828
29.1904166666667,8.36658477783203
29.1970833333333,8.26358795166016
29.20375,8.15677642822266
29.2104166666667,8.04758071899414
29.2170833333333,7.93790817260742
29.22375,7.8282356262207
29.2304166666667,7.71808624267578
29.2370833333333,7.60889053344727
29.24375,7.50255584716797
29.2504166666667,7.39812850952148
29.2570833333333,7.29656219482422
29.26375,7.19642639160156
29.2704166666667,7.09867477416992
29.2770833333333,7.0042610168457
29.28375,6.91413879394531
29.2904166666667,6.83164596557617
29.2970833333333,6.75773620605469
29.30375,6.69240951538086
29.3104166666667,6.6375732421875
29.3170833333333,6.59561157226563
29.32375,6.56604766845703
29.3304166666667,6.54888153076172
29.3370833333333,6.54363632202148
29.34375,6.55317306518555
29.3504166666667,6.57796859741211
29.3570833333333,6.61802291870117
29.36375,6.67285919189453
29.3704166666667,6.74343109130859
29.3770833333333,6.83069229125977
29.38375,6.93368911743164
29.3904166666667,7.05099105834961
29.3970833333333,7.18069076538086
29.40375,7.32088088989258
29.4104166666667,7.46917724609375
29.4170833333333,7.62319564819336
29.42375,7.77959823608398
29.4304166666667,7.93647766113281
29.4370833333333,8.09192657470703
29.44375,8.24356079101563
29.4504166666667,8.38851928710938
29.4570833333333,8.52584838867188
29.46375,8.65459442138672
29.4704166666667,8.7733268737793
29.4770833333333,8.8810920715332
29.48375,8.97932052612305
29.4904166666667,9.06896591186523
29.4970833333333,9.15336608886719
29.50375,9.23490524291992
29.5104166666667,9.31787490844727
29.5170833333333,9.40704345703125
29.52375,9.50717926025391
29.5304166666667,9.62638854980469
29.5370833333333,9.77230072021484
29.54375,9.95254516601563
29.5504166666667,10.1747512817383
29.5570833333333,10.4494094848633
29.56375,10.7884407043457
29.5704166666667,11.2009048461914
29.5770833333333,11.6963386535645
29.58375,12.2857093811035
29.5904166666667,12.9828453063965
29.5970833333333,13.7996673583984
29.60375,14.747142791748
29.6104166666667,15.8343315124512
29.6170833333333,17.0726776123047
29.62375,18.4721946716309
29.6304166666667,20.0419425964355
29.6370833333333,21.787166595459
29.64375,23.7135887145996
29.6504166666667,25.825023651123
29.6570833333333,28.1238555908203
29.66375,30.6077003479004
29.6704166666667,33.2703590393066
29.6770833333333,36.1032485961914
29.68375,39.0925407409668
29.6904166666667,42.2239303588867
29.6970833333333,45.478343963623
29.70375,48.8324165344238
29.7104166666667,52.2570610046387
29.7170833333333,55.7188987731934
29.72375,59.1816902160645
29.7304166666667,62.6068115234375
29.7370833333333,65.948486328125
29.74375,69.1637992858887
29.7504166666667,72.2088813781738
29.7570833333333,75.0417709350586
29.76375,77.6190757751465
29.7704166666667,79.8978805541992
29.7770833333333,81.840991973877
29.78375,83.4140777587891
29.7904166666667,84.5890045166016
29.7970833333333,85.3438377380371
29.80375,85.6623649597168
29.8104166666667,85.5369567871094
29.8170833333333,84.9671363830566
29.82375,83.9605331420898
29.8304166666667,82.5300216674805
29.8370833333333,80.6951522827148
29.84375,78.4845352172852
29.8504166666667,75.9334564208984
29.8570833333333,73.0814933776855
29.86375,69.9715614318848
29.8704166666667,66.650390625
29.8770833333333,63.166618347168
29.88375,59.5712661743164
29.8904166666667,55.9120178222656
29.8970833333333,52.2360801696777
29.90375,48.5868453979492
29.9104166666667,45.006275177002
29.9170833333333,41.5334701538086
29.92375,38.203239440918
29.9304166666667,35.0451469421387
29.9370833333333,32.0825576782227
29.94375,29.3350219726563
29.9504166666667,26.8163681030273
29.9570833333333,24.5370864868164
29.96375,22.5009918212891
29.9704166666667,20.7085609436035
29.9770833333333,19.1569328308105
29.98375,17.8399085998535
29.9904166666667,16.7489051818848
29.9970833333333,15.8705711364746
30.00375,15.1915550231934
30.0104166666667,14.6965980529785
30.0170833333333,14.3704414367676
30.02375,14.1963958740234
30.0304166666667,14.157772064209
30.0370833333333,14.2364501953125
30.04375,14.4143104553223
30.0504166666667,14.6732330322266
30.0570833333333,14.9960517883301
30.06375,15.3660774230957
30.0704166666667,15.7651901245117
30.0770833333333,16.176700592041
30.08375,16.5867805480957
30.0904166666667,16.9787406921387
30.0970833333333,17.3392295837402
30.10375,17.6568031311035
30.1104166666667,17.9200172424316
30.1170833333333,18.120288848877
30.12375,18.251895904541
30.1304166666667,18.310546875
30.1370833333333,18.2929039001465
30.14375,18.1965827941895
30.1504166666667,18.0244445800781
30.1570833333333,17.7807807922363
30.16375,17.4698829650879
30.1704166666667,17.0989036560059
30.1770833333333,16.6773796081543
30.18375,16.2153244018555
30.1904166666667,15.723705291748
30.1970833333333,15.2125358581543
30.20375,14.6937370300293
30.2104166666667,14.1797065734863
30.2170833333333,13.6818885803223
30.22375,13.2112503051758
30.2304166666667,12.7768516540527
30.2370833333333,12.387752532959
30.24375,12.052059173584
30.2504166666667,11.7759704589844
30.2570833333333,11.5633010864258
30.26375,11.4169120788574
30.2704166666667,11.3391876220703
30.2770833333333,11.3296508789063
30.28375,11.3883018493652
30.2904166666667,11.5103721618652
30.2970833333333,11.6939544677734
30.30375,11.934757232666
30.3104166666667,12.2265815734863
30.3170833333333,12.5617980957031
30.32375,12.9327774047852
30.3304166666667,13.3328437805176
30.3370833333333,13.7515068054199
30.34375,14.1787528991699
30.3504166666667,14.6050453186035
30.3570833333333,15.0203704833984
30.36375,15.4142379760742
30.3704166666667,15.7756805419922
30.3770833333333,16.0970687866211
30.38375,16.3693428039551
30.3904166666667,16.5848731994629
30.3970833333333,16.7365074157715
30.40375,16.8190002441406
30.4104166666667,16.8290138244629
30.4170833333333,16.7641639709473
30.42375,16.6239738464355
30.4304166666667,16.4127349853516
30.4370833333333,16.1352157592773
30.44375,15.7966613769531
30.4504166666667,15.4037475585938
30.4570833333333,14.9660110473633
30.46375,14.4920349121094
30.4704166666667,13.9904022216797
30.4770833333333,13.4720802307129
30.48375,12.9475593566895
30.4904166666667,12.4282836914063
30.4970833333333,11.9233131408691
30.50375,11.4426612854004
30.5104166666667,10.9953880310059
30.5170833333333,10.5900764465332
30.52375,10.2343559265137
30.5304166666667,9.93490219116211
30.5370833333333,9.69982147216797
30.54375,9.5362663269043
30.5504166666667,9.45234298706055
30.5570833333333,9.45568084716797
30.56375,9.55438613891602
30.5704166666667,9.75799560546875
30.5770833333333,10.073184967041
30.58375,10.5075836181641
30.5904166666667,11.0702514648438
30.5970833333333,11.7688179016113
30.60375,12.6118659973145
30.6104166666667,13.6065483093262
30.6170833333333,14.7628784179688
30.62375,16.089916229248
30.6304166666667,17.5967216491699
30.6370833333333,19.2914009094238
30.64375,21.1820602416992
30.6504166666667,23.2748985290527
30.6570833333333,25.5789756774902
30.66375,28.1028747558594
30.6704166666667,30.8551788330078
30.6770833333333,33.8444709777832
30.68375,37.0779037475586
30.6904166666667,40.5640602111816
30.6970833333333,44.3120002746582
30.70375,48.3293533325195
30.7104166666667,52.6204109191895
30.7170833333333,57.1885108947754
30.72375,62.0341300964355
30.7304166666667,67.1548843383789
30.7370833333333,72.5407600402832
30.74375,78.1755447387695
30.7504166666667,84.0349197387695
30.7570833333333,90.0850296020508
30.76375,96.2848663330078
30.7704166666667,102.583408355713
30.7770833333333,108.920097351074
30.78375,115.222930908203
30.7904166666667,121.413707733154
30.7970833333333,127.407073974609
30.80375,133.113861083984
30.8104166666667,138.442993164063
30.8170833333333,143.301486968994
30.82375,147.600173950195
30.8304166666667,151.255130767822
30.8370833333333,154.190063476563
30.84375,156.3401222229
30.8504166666667,157.651901245117
30.8570833333333,158.089637756348
30.86375,157.634258270264
30.8704166666667,156.283378601074
30.8770833333333,154.053688049316
30.88375,150.976181030273
30.8904166666667,147.100925445557
30.8970833333333,142.490386962891
30.90375,137.221813201904
30.9104166666667,131.381034851074
30.9170833333333,125.061511993408
30.92375,118.36576461792
30.9304166666667,111.398696899414
30.9370833333333,104.262828826904
30.94375,97.0582962036133
30.9504166666667,89.8771286010742
30.9570833333333,82.8070640563965
30.96375,75.9258270263672
30.9704166666667,69.3016052246094
30.9770833333333,62.9868507385254
30.98375,57.0230484008789
30.9904166666667,51.4440536499023
30.9970833333333,46.271800994873
31.00375,41.5172576904297
31.0104166666667,37.1785163879395
31.0170833333333,33.2498550415039
31.02375,29.719352722168
31.0304166666667,26.5717506408691
31.0370833333333,23.7841606140137
31.04375,21.3322639465332
31.0504166666667,19.1888809204102
31.0570833333333,17.3282623291016
31.06375,15.7222747802734
31.0704166666667,14.345645904541
31.0770833333333,13.1721496582031
31.08375,12.1793746948242
31.0904166666667,11.3449096679688
31.0970833333333,10.6511116027832
31.10375,10.0798606872559
31.1104166666667,9.61732864379883
31.1170833333333,9.25016403198242
31.12375,8.96644592285156
31.1304166666667,8.75711441040039
31.1370833333333,8.61310958862305
31.14375,8.52680206298828
31.1504166666667,8.49008560180664
31.1570833333333,8.49819183349609
31.16375,8.54396820068359
31.1704166666667,8.6216926574707
31.1770833333333,8.72564315795898
31.18375,8.84914398193359
31.1904166666667,8.98361206054688
31.1970833333333,9.12141799926758
31.20375,9.25445556640625
31.2104166666667,9.37747955322266
31.2170833333333,9.48476791381836
31.22375,9.57202911376953
31.2304166666667,9.63735580444336
31.2370833333333,9.68027114868164
31.24375,9.69982147216797
31.2504166666667,9.69791412353516
31.2570833333333,9.67788696289063
31.26375,9.64498519897461
31.2704166666667,9.60350036621094
31.2770833333333,9.55915451049805
31.28375,9.51528549194336
31.2904166666667,9.4757080078125
31.2970833333333,9.44423675537109
31.30375,9.42277908325195
31.3104166666667,9.41228866577148
31.3170833333333,9.41228866577148
31.32375,9.42373275756836
31.3304166666667,9.44328308105469
31.3370833333333,9.46807861328125
31.34375,9.49287414550781
31.3504166666667,9.51576232910156
31.3570833333333,9.53292846679688
31.36375,9.54151153564453
31.3704166666667,9.53912734985352
31.3770833333333,9.52339172363281
31.38375,9.4914436340332
31.3904166666667,9.44137573242188
31.3970833333333,9.37366485595703
31.40375,9.28688049316406
31.4104166666667,9.18149948120117
31.4170833333333,9.05847549438477
31.42375,8.91971588134766
31.4304166666667,8.76712799072266
31.4370833333333,8.60404968261719
31.44375,8.43381881713867
31.4504166666667,8.26120376586914
31.4570833333333,8.09097290039063
31.46375,7.92741775512695
31.4704166666667,7.77626037597656
31.4770833333333,7.64322280883789
31.48375,7.53402709960938
31.4904166666667,7.45296478271484
31.4970833333333,7.40575790405273
31.50375,7.39860534667969
31.5104166666667,7.43627548217773
31.5170833333333,7.5225830078125
31.52375,7.66277313232422
31.5304166666667,7.86161422729492
31.5370833333333,8.12387466430664
31.54375,8.45432281494141
31.5504166666667,8.85581970214844
31.5570833333333,9.32931900024414
31.56375,9.87625122070313
31.5704166666667,10.4970932006836
31.5770833333333,11.1918449401855
31.58375,11.9585990905762
31.5904166666667,12.7944946289063
31.5970833333333,13.695240020752
31.60375,14.6570205688477
31.6104166666667,15.6750679016113
31.6170833333333,16.7427062988281
31.62375,17.8546905517578
31.6304166666667,19.0081596374512
31.6370833333333,20.2021598815918
31.64375,21.4381217956543
31.6504166666667,22.7208137512207
31.6570833333333,24.0592956542969
31.66375,25.4664421081543
31.6704166666667,26.9589424133301
31.6770833333333,28.557300567627
31.68375,30.2863121032715
31.6904166666667,32.1717262268066
31.6970833333333,34.2416763305664
31.70375,36.5238189697266
31.7104166666667,39.0462875366211
31.7170833333333,41.8329238891602
31.72375,44.9008941650391
31.7304166666667,48.2578277587891
31.7370833333333,51.9051551818848
31.74375,55.8314323425293
31.7504166666667,60.0113868713379
31.7570833333333,64.4040107727051
31.76375,68.9530372619629
31.7704166666667,73.5874176025391
31.7770833333333,78.2217979431152
31.78375,82.7608108520508
31.7904166666667,87.0976448059082
31.7970833333333,91.1226272583008
31.80375,94.7256088256836
31.8104166666667,97.8031158447266
31.8170833333333,100.261688232422
31.82375,102.023601531982
31.8304166666667,103.028297424316
31.8370833333333,103.238105773926
31.84375,102.639675140381
31.8504166666667,101.243495941162
31.8570833333333,99.0829467773438
31.86375,96.2123870849609
31.8704166666667,92.7047729492188
31.8770833333333,88.6483192443848
31.88375,84.1436386108398
31.8904166666667,79.2970657348633
31.8970833333333,74.2177963256836
31.90375,69.0135955810547
31.9104166666667,63.7860298156738
31.9170833333333,58.626651763916
31.92375,53.617000579834
31.9304166666667,48.8247871398926
31.9370833333333,44.3034172058105
31.94375,40.0924682617188
31.9504166666667,36.2162590026855
31.9570833333333,32.689094543457
31.96375,29.5109748840332
31.9704166666667,26.6733169555664
31.9770833333333,24.1594314575195
31.98375,21.9459533691406
31.9904166666667,20.0057029724121
31.9970833333333,18.3115005493164
32.00375,16.8342590332031
32.0104166666667,15.5463218688965
32.0170833333333,14.4205093383789
32.02375,13.4339332580566
32.0304166666667,12.5656127929688
32.0370833333333,11.7979049682617
32.04375,11.1150741577148
32.0504166666667,10.5037689208984
32.0570833333333,9.95349884033203
32.06375,9.45615768432617
32.0704166666667,9.00602340698242
32.0770833333333,8.59928131103516
32.08375,8.23259353637695
32.0904166666667,7.904052734375
32.0970833333333,7.61175155639648
32.10375,7.35378265380859
32.1104166666667,7.12823867797852
32.1170833333333,6.93321228027344
32.12375,6.76727294921875
32.1304166666667,6.62851333618164
32.1370833333333,6.5150260925293
32.14375,6.42538070678711
32.1504166666667,6.35623931884766
32.1570833333333,6.30569458007813
32.16375,6.2718391418457
32.1704166666667,6.25181198120117
32.1770833333333,6.24370574951172
32.18375,6.24370574951172
32.1904166666667,6.25038146972656
32.1970833333333,6.26087188720703
32.20375,6.27326965332031
32.2104166666667,6.28423690795898
32.2170833333333,6.29234313964844
32.22375,6.29758834838867
32.2304166666667,6.29854202270508
32.2370833333333,6.29234313964844
32.24375,6.27803802490234
32.2504166666667,6.2556266784668
32.2570833333333,6.2251091003418
32.26375,6.18600845336914
32.2704166666667,6.13927841186523
32.2770833333333,6.08634948730469
32.28375,6.02912902832031
32.2904166666667,5.96952438354492
32.2970833333333,5.90944290161133
32.30375,5.85126876831055
32.3104166666667,5.79738616943359
32.3170833333333,5.74922561645508
32.32375,5.7072639465332
32.3304166666667,5.67197799682617
32.3370833333333,5.64336776733398
32.34375,5.62238693237305
32.3504166666667,5.60808181762695
32.3570833333333,5.60140609741211
32.36375,5.60235977172852
32.3704166666667,5.61141967773438
32.3770833333333,5.62763214111328
32.38375,5.64861297607422
32.3904166666667,5.67388534545898
32.3970833333333,5.70201873779297
32.40375,5.73015213012695
32.4104166666667,5.75780868530273
32.4170833333333,5.78498840332031
32.42375,5.81264495849609
32.4304166666667,5.83982467651367
32.4370833333333,5.86509704589844
32.44375,5.88798522949219
32.4504166666667,5.90991973876953
32.4570833333333,5.92899322509766
32.46375,5.94615936279297
32.4704166666667,5.96237182617188
32.4770833333333,5.98049163818359
32.48375,6.00242614746094
32.4904166666667,6.03008270263672
32.4970833333333,6.06632232666016
32.50375,6.11257553100586
32.5104166666667,6.17218017578125
32.5170833333333,6.24799728393555
32.52375,6.34098052978516
32.5304166666667,6.4539909362793
32.5370833333333,6.58750534057617
32.54375,6.74295425415039
32.5504166666667,6.92176818847656
32.5570833333333,7.1263313293457
32.56375,7.35759735107422
32.5704166666667,7.61747360229492
32.5770833333333,7.90691375732422
32.58375,8.22877883911133
32.5904166666667,8.58449935913086
32.5970833333333,8.97693634033203
32.60375,9.41085815429688
32.6104166666667,9.89151000976563
32.6170833333333,10.4250907897949
32.62375,11.0182762145996
32.6304166666667,11.6782188415527
32.6370833333333,12.4125480651855
32.64375,13.2288932800293
32.6504166666667,14.1372680664063
32.6570833333333,15.1462554931641
32.66375,16.2615776062012
32.6704166666667,17.488956451416
32.6770833333333,18.831729888916
32.68375,20.2898979187012
32.6904166666667,21.8582153320313
32.6970833333333,23.5276222229004
32.70375,25.2852439880371
32.7104166666667,27.1148681640625
32.7170833333333,28.994083404541
32.72375,30.8966636657715
32.7304166666667,32.7911376953125
32.7370833333333,34.6431732177734
32.74375,36.4174842834473
32.7504166666667,38.0759239196777
32.7570833333333,39.581298828125
32.76375,40.8978462219238
32.7704166666667,41.9926643371582
32.7770833333333,42.8371429443359
32.78375,43.4098243713379
32.7904166666667,43.694019317627
32.7970833333333,43.6806678771973
32.80375,43.3692932128906
32.8104166666667,42.7670478820801
32.8170833333333,41.8887138366699
32.82375,40.7562255859375
32.8304166666667,39.3972396850586
32.8370833333333,37.8446578979492
32.84375,36.1366271972656
32.8504166666667,34.3108177185059
32.8570833333333,32.407283782959
32.86375,30.4632186889648
32.8704166666667,28.5153388977051
32.8770833333333,26.5951156616211
32.88375,24.7311592102051
32.8904166666667,22.9463577270508
32.8970833333333,21.2593078613281
32.90375,19.6843147277832
32.9104166666667,18.2313919067383
32.9170833333333,16.9057846069336
32.92375,15.7084465026855
32.9304166666667,14.6379470825195
32.9370833333333,13.6909484863281
32.94375,12.8622055053711
32.9504166666667,12.1440887451172
32.9570833333333,11.5299224853516
32.96375,11.0125541687012
32.9704166666667,10.584831237793
32.9770833333333,10.2400779724121
32.98375,9.97209548950195
32.9904166666667,9.77468490600586
32.9970833333333,9.63973999023438
33.00375,9.56010818481445
33.0104166666667,9.52816009521484
33.0170833333333,9.5367431640625
33.02375,9.57870483398438
33.0304166666667,9.64498519897461
33.0370833333333,9.72843170166016
33.04375,9.82236862182617
33.0504166666667,9.92250442504883
33.0570833333333,10.0231170654297
33.06375,10.1199150085449
33.0704166666667,10.2100372314453
33.0770833333333,10.2934837341309
33.08375,10.3716850280762
33.0904166666667,10.4436874389648
33.0970833333333,10.5109214782715
33.10375,10.5752944946289
33.1104166666667,10.6368064880371
33.1170833333333,10.6945037841797
33.12375,10.7474327087402
33.1304166666667,10.7941627502441
33.1370833333333,10.8308792114258
33.14375,10.8542442321777
33.1504166666667,10.861873626709
33.1570833333333,10.8494758605957
33.16375,10.8151435852051
33.1704166666667,10.7569694519043
33.1770833333333,10.6754302978516
33.18375,10.5743408203125
33.1904166666667,10.4575157165527
33.1970833333333,10.3306770324707
33.20375,10.200023651123
33.2104166666667,10.073184967041
33.2170833333333,9.95588302612305
33.22375,9.85527038574219
33.2304166666667,9.77659225463867
33.2370833333333,9.72461700439453
33.24375,9.70220565795898
33.2504166666667,9.70935821533203
33.2570833333333,9.74512100219727
33.26375,9.80758666992188
33.2704166666667,9.89246368408203
33.2770833333333,9.99307632446289
33.28375,10.1022720336914
33.2904166666667,10.2128982543945
33.2970833333333,10.3192329406738
33.30375,10.4150772094727
33.3104166666667,10.4951858520508
33.3170833333333,10.5557441711426
33.32375,10.596752166748
33.3304166666667,10.6191635131836
33.3370833333333,10.6253623962402
33.34375,10.617733001709
33.3504166666667,10.6029510498047
33.3570833333333,10.5881690979004
33.36375,10.5800628662109
33.3704166666667,10.5838775634766
33.3770833333333,10.6048583984375
33.38375,10.6468200683594
33.3904166666667,10.7121467590332
33.3970833333333,10.7989311218262
33.40375,10.9062194824219
33.4104166666667,11.0297203063965
33.4170833333333,11.1637115478516
33.42375,11.3024711608887
33.4304166666667,11.4383697509766
33.4370833333333,11.5633010864258
33.44375,11.6724967956543
33.4504166666667,11.7616653442383
33.4570833333333,11.8293762207031
33.46375,11.8746757507324
33.4704166666667,11.8975639343262
33.4770833333333,11.9013786315918
33.48375,11.8899345397949
33.4904166666667,11.8660926818848
33.4970833333333,11.8346214294434
33.50375,11.8017196655273
33.5104166666667,11.7745399475098
33.5170833333333,11.7588043212891
33.52375,11.7583274841309
33.5304166666667,11.7769241333008
33.5370833333333,11.8184089660645
33.54375,11.8823051452637
33.5504166666667,11.9686126708984
33.5570833333333,12.0744705200195
33.56375,12.1951103210449
33.5704166666667,12.3252868652344
33.5770833333333,12.4568939208984
33.58375,12.5813484191895
33.5904166666667,12.6876831054688
33.5970833333333,12.7663612365723
33.60375,12.8083229064941
33.6104166666667,12.8064155578613
33.6170833333333,12.7549171447754
33.62375,12.6509666442871
33.6304166666667,12.4950408935547
33.6370833333333,12.2890472412109
33.64375,12.0358467102051
33.6504166666667,11.7430686950684
33.6570833333333,11.4202499389648
33.66375,11.077880859375
33.6704166666667,10.7259750366211
33.6770833333333,10.3769302368164
33.68375,10.0421905517578
33.6904166666667,9.73129272460938
33.6970833333333,9.44995880126953
33.70375,9.20391082763672
33.7104166666667,8.99505615234375
33.7170833333333,8.82530212402344
33.72375,8.69560241699219
33.7304166666667,8.60357284545898
33.7370833333333,8.54730606079102
33.74375,8.52251052856445
33.7504166666667,8.52584838867188
33.7570833333333,8.55207443237305
33.76375,8.59737396240234
33.7704166666667,8.65507125854492
33.7770833333333,8.72135162353516
33.78375,8.79383087158203
33.7904166666667,8.87012481689453
33.7970833333333,8.94641876220703
33.80375,9.02080535888672
33.8104166666667,9.09280776977539
33.8170833333333,9.16242599487305
33.82375,9.22822952270508
33.8304166666667,9.28974151611328
33.8370833333333,9.34600830078125
33.84375,9.39702987670898
33.8504166666667,9.44280624389648
33.8570833333333,9.48143005371094
33.86375,9.51194763183594
33.8704166666667,9.53483581542969
33.8770833333333,9.55009460449219
33.88375,9.55724716186523
33.8904166666667,9.55629348754883
33.8970833333333,9.54723358154297
33.90375,9.52959060668945
33.9104166666667,9.50241088867188
33.9170833333333,9.46569442749023
33.92375,9.42039489746094
33.9304166666667,9.36746597290039
33.9370833333333,9.30690765380859
33.94375,9.23871994018555
33.9504166666667,9.16481018066406
33.9570833333333,9.08708572387695
33.96375,9.00650024414063
33.9704166666667,8.92400741577148
33.9770833333333,8.84056091308594
33.98375,8.7590217590332
33.9904166666667,8.68034362792969
33.9970833333333,8.6064338684082
34.00375,8.53729248046875
34.0104166666667,8.47482681274414
34.0170833333333,8.42046737670898
34.02375,8.37564468383789
34.0304166666667,8.34035873413086
34.0370833333333,8.31508636474609
34.04375,8.29982757568359
34.0504166666667,8.29410552978516
34.0570833333333,8.29648971557617
34.06375,8.30650329589844
34.0704166666667,8.32271575927734
34.0770833333333,8.34417343139648
34.08375,8.36896896362305
34.0904166666667,8.39567184448242
34.0970833333333,8.4223747253418
34.10375,8.44621658325195
34.1104166666667,8.46576690673828
34.1170833333333,8.47959518432617
34.12375,8.48674774169922
34.1304166666667,8.48531723022461
34.1370833333333,8.47482681274414
34.14375,8.45575332641602
34.1504166666667,8.42857360839844
34.1570833333333,8.39376449584961
34.16375,8.35180282592773
34.1704166666667,8.30411911010742
34.1770833333333,8.25166702270508
34.18375,8.19730758666992
34.1904166666667,8.14151763916016
34.1970833333333,8.08572769165039
34.20375,8.03136825561523
34.2104166666667,7.9808235168457
34.2170833333333,7.93600082397461
34.22375,7.89785385131836
34.2304166666667,7.86685943603516
34.2370833333333,7.8434944152832
34.24375,7.8272819519043
34.2504166666667,7.81679153442383
34.2570833333333,7.81106948852539
34.26375,7.80963897705078
34.2704166666667,7.81154632568359
34.2770833333333,7.81536102294922
34.28375,7.82203674316406
34.2904166666667,7.83348083496094
34.2970833333333,7.85017013549805
34.30375,7.8730583190918
34.3104166666667,7.90262222290039
34.3170833333333,7.94267654418945
34.32375,7.9960823059082
34.3304166666667,8.06570053100586
34.3370833333333,8.15582275390625
34.34375,8.2707405090332
34.3504166666667,8.41331481933594
34.3570833333333,8.58688354492188
34.36375,8.79144668579102
34.3704166666667,9.02748107910156
34.3770833333333,9.29403305053711
34.38375,9.58824157714844
34.3904166666667,9.90676879882813
34.3970833333333,10.2453231811523
34.40375,10.5986595153809
34.4104166666667,10.9591484069824
34.4170833333333,11.319637298584
34.42375,11.6734504699707
34.4304166666667,12.0110511779785
34.4370833333333,12.3248100280762
34.44375,12.6066207885742
34.4504166666667,12.8512382507324
34.4570833333333,13.0538940429688
34.46375,13.2126808166504
34.4704166666667,13.3275985717773
34.4770833333333,13.4029388427734
34.48375,13.4444236755371
34.4904166666667,13.4596824645996
34.4970833333333,13.4592056274414
34.50375,13.4563446044922
34.5104166666667,13.4673118591309
34.5170833333333,13.5083198547363
34.52375,13.5979652404785
34.5304166666667,13.7553215026855
34.5370833333333,14.0023231506348
34.54375,14.3604278564453
34.5504166666667,14.8534774780273
34.5570833333333,15.5067443847656
34.56375,16.3493156433105
34.5704166666667,17.4121856689453
34.5770833333333,18.7311172485352
34.58375,20.3456878662109
34.5904166666667,22.2988128662109
34.5970833333333,24.6367454528809
34.60375,27.4090766906738
34.6104166666667,30.6663513183594
34.6170833333333,34.4586372375488
34.62375,38.8350486755371
34.6304166666667,43.8375473022461
34.6370833333333,49.497127532959
34.64375,55.8276176452637
34.6504166666667,62.8237724304199
34.6570833333333,70.4588890075684
34.66375,78.6752700805664
34.6704166666667,87.3823165893555
34.6770833333333,96.4536666870117
34.68375,105.734348297119
34.6904166666667,115.039825439453
34.6970833333333,124.159812927246
34.70375,132.863521575928
34.7104166666667,140.912055969238
34.7170833333333,148.070812225342
34.72375,154.118537902832
34.7304166666667,158.855438232422
34.7370833333333,162.116527557373
34.74375,163.784027099609
34.7504166666667,163.79451751709
34.7570833333333,162.141799926758
34.76375,158.873558044434
34.7704166666667,154.09517288208
34.7770833333333,147.963523864746
34.78375,140.678405761719
34.7904166666667,132.467269897461
34.7970833333333,123.57234954834
34.80375,114.245414733887
34.8104166666667,104.737281799316
34.8170833333333,95.2835083007813
34.82375,86.0929489135742
34.8304166666667,77.3463249206543
34.8370833333333,69.1909790039063
34.84375,61.7408752441406
34.8504166666667,55.0713539123535
34.8570833333333,49.2229461669922
34.86375,44.2042350769043
34.8704166666667,39.9985313415527
34.8770833333333,36.5719795227051
34.88375,33.8716506958008
34.8904166666667,31.8312644958496
34.8970833333333,30.3740501403809
34.90375,29.4208526611328
34.9104166666667,28.8920402526855
34.9170833333333,28.7060737609863
34.92375,28.7833213806152
34.9304166666667,29.0493965148926
34.9370833333333,29.4370651245117
34.94375,29.8848152160645
34.9504166666667,30.3382873535156
34.9570833333333,30.7531356811523
34.96375,31.095027923584
34.9704166666667,31.3358306884766
34.9770833333333,31.4593315124512
34.98375,31.458854675293
34.9904166666667,31.339168548584
34.9970833333333,31.1126708984375
35.00375,30.8012962341309
35.0104166666667,30.4336547851563
35.0170833333333,30.0426483154297
35.02375,29.665470123291
35.0304166666667,29.3397903442383
35.0370833333333,29.1032791137695
35.04375,28.9902687072754
35.0504166666667,29.0312767028809
35.0570833333333,29.2510986328125
35.06375,29.6659469604492
35.0704166666667,30.2820205688477
35.0770833333333,31.0940742492676
35.08375,32.0878028869629
35.0904166666667,33.2393646240234
35.0970833333333,34.5125198364258
35.10375,35.8638763427734
35.1104166666667,37.2438430786133
35.1170833333333,38.599967956543
35.12375,39.8774147033691
35.1304166666667,41.0223007202148
35.1370833333333,41.9859886169434
35.14375,42.7265167236328
35.1504166666667,43.2095527648926
35.1570833333333,43.4103012084961
35.16375,43.3158874511719
35.1704166666667,42.9258346557617
35.1770833333333,42.2501564025879
35.18375,41.3074493408203
35.1904166666667,40.128231048584
35.1970833333333,38.7477874755859
35.20375,37.2071266174316
35.2104166666667,35.5467796325684
35.2170833333333,33.8091850280762
35.22375,32.0353507995605
35.2304166666667,30.2629470825195
35.2370833333333,28.5243988037109
35.24375,26.8454551696777
35.2504166666667,25.2485275268555
35.2570833333333,23.7483978271484
35.26375,22.3565101623535
35.2704166666667,21.0771560668945
35.2770833333333,19.9117660522461
35.28375,18.8593864440918
35.2904166666667,17.9176330566406
35.2970833333333,17.0817375183105
35.30375,16.3445472717285
35.3104166666667,15.6993865966797
35.3170833333333,15.1381492614746
35.32375,14.6541595458984
35.3304166666667,14.2407417297363
35.3370833333333,13.8893127441406
35.34375,13.5931968688965
35.3504166666667,13.3452415466309
35.3570833333333,13.1392478942871
35.36375,12.9680633544922
35.3704166666667,12.8240585327148
35.3770833333333,12.7015113830566
35.38375,12.5942230224609
35.3904166666667,12.4959945678711
35.3970833333333,12.4001502990723
35.40375,12.3028755187988
35.4104166666667,12.2013092041016
35.4170833333333,12.0930671691895
35.42375,11.9757652282715
35.4304166666667,11.8489265441895
35.4370833333333,11.713981628418
35.44375,11.5718841552734
35.4504166666667,11.4235877990723
35.4570833333333,11.2709999084473
35.46375,11.1179351806641
35.4704166666667,10.9691619873047
35.4770833333333,10.826587677002
35.48375,10.6945037841797
35.4904166666667,10.5757713317871
35.4970833333333,10.4742050170898
35.50375,10.3936195373535
35.5104166666667,10.3373527526855
35.5170833333333,10.3073120117188
35.52375,10.3054046630859
35.5304166666667,10.3330612182617
35.5370833333333,10.3907585144043
35.54375,10.4775428771973
35.5504166666667,10.591983795166
35.5570833333333,10.7316970825195
35.56375,10.8933448791504
35.5704166666667,11.0735893249512
35.5770833333333,11.2695693969727
35.58375,11.476993560791
35.5904166666667,11.6934776306152
35.5970833333333,11.9152069091797
35.60375,12.1397972106934
35.6104166666667,12.3639106750488
35.6170833333333,12.5832557678223
35.62375,12.7935409545898
35.6304166666667,12.9923820495605
35.6370833333333,13.1778717041016
35.64375,13.3481025695801
35.6504166666667,13.5021209716797
35.6570833333333,13.6394500732422
35.66375,13.761043548584
35.6704166666667,13.8678550720215
35.6770833333333,13.9603614807129
35.68375,14.0380859375
35.6904166666667,14.1019821166992
35.6970833333333,14.1525268554688
35.70375,14.1887664794922
35.7104166666667,14.2107009887695
35.7170833333333,14.2183303833008
35.72375,14.2130851745605
35.7304166666667,14.1949653625488
35.7370833333333,14.1639709472656
35.74375,14.1196250915527
35.7504166666667,14.0609741210938
35.7570833333333,13.9861106872559
35.76375,13.8931274414063
35.7704166666667,13.7791633605957
35.7770833333333,13.6442184448242
35.78375,13.4873390197754
35.7904166666667,13.3070945739746
35.7970833333333,13.1030082702637
35.80375,12.876033782959
35.8104166666667,12.627124786377
35.8170833333333,12.357234954834
35.82375,12.0673179626465
35.8304166666667,11.7597579956055
35.8370833333333,11.4378929138184
35.84375,11.1031532287598
35.8504166666667,10.7598304748535
35.8570833333333,10.411262512207
35.86375,10.0626945495605
35.8704166666667,9.71603393554688
35.8770833333333,9.37604904174805
35.88375,9.04512405395508
35.8904166666667,8.72707366943359
35.8970833333333,8.42475891113281
35.90375,8.14056396484375
35.9104166666667,7.87639617919922
35.9170833333333,7.63416290283203
35.92375,7.41434097290039
35.9304166666667,7.21836090087891
35.9370833333333,7.04574584960938
35.94375,6.8964958190918
35.9504166666667,6.76965713500977
35.9570833333333,6.66522979736328
35.96375,6.58178329467773
35.9704166666667,6.51788711547852
35.9770833333333,6.47068023681641
35.98375,6.439208984375
35.9904166666667,6.42108917236328
35.9970833333333,6.41584396362305
36.00375,6.42061233520508
36.0104166666667,6.43396377563477
36.0170833333333,6.4549446105957
36.02375,6.48164749145508
36.0304166666667,6.51407241821289
36.0370833333333,6.54935836791992
36.04375,6.58607482910156
36.0504166666667,6.62326812744141
36.0570833333333,6.66093826293945
36.06375,6.6990852355957
36.0704166666667,6.73532485961914
36.0770833333333,6.76822662353516
36.08375,6.79874420166016
36.0904166666667,6.82592391967773
36.0970833333333,6.84833526611328
36.10375,6.86407089233398
36.1104166666667,6.87408447265625
36.1170833333333,6.87885284423828
36.12375,6.88028335571289
36.1304166666667,6.87885284423828
36.1370833333333,6.87551498413086
36.14375,6.87170028686523
36.1504166666667,6.86931610107422
36.1570833333333,6.86931610107422
36.16375,6.87170028686523
36.1704166666667,6.87742233276367
36.1770833333333,6.88838958740234
36.18375,6.90603256225586
36.1904166666667,6.93273544311523
36.1970833333333,6.97040557861328
36.20375,7.02047348022461
36.2104166666667,7.08341598510742
36.2170833333333,7.16018676757813
36.22375,7.25126266479492
36.2304166666667,7.35664367675781
36.2370833333333,7.47585296630859
36.24375,7.60889053344727
36.2504166666667,7.75671005249023
36.2570833333333,7.9188346862793
36.26375,8.09431076049805
36.2704166666667,8.28123092651367
36.2770833333333,8.47911834716797
36.28375,8.68606567382813
36.2904166666667,8.90064239501953
36.2970833333333,9.11951065063477
36.30375,9.34314727783203
36.3104166666667,9.56964492797852
36.3170833333333,9.796142578125
36.32375,10.0212097167969
36.3304166666667,10.2419853210449
36.3370833333333,10.4570388793945
36.34375,10.6630325317383
36.3504166666667,10.8585357666016
36.3570833333333,11.042594909668
36.36375,11.2128257751465
36.3704166666667,11.3682746887207
36.3770833333333,11.5065574645996
36.38375,11.6276741027832
36.3904166666667,11.7297172546387
36.3970833333333,11.812686920166
36.40375,11.8746757507324
36.4104166666667,11.9175910949707
36.4170833333333,11.9409561157227
36.42375,11.9462013244629
36.4304166666667,11.9338035583496
36.4370833333333,11.9056701660156
36.44375,11.864185333252
36.4504166666667,11.8122100830078
36.4570833333333,11.751651763916
36.46375,11.683464050293
36.4704166666667,11.6100311279297
36.4770833333333,11.5342140197754
36.48375,11.4579200744629
36.4904166666667,11.383056640625
36.4970833333333,11.3124847412109
36.50375,11.2485885620117
36.5104166666667,11.192798614502
36.5170833333333,11.1455917358398
36.52375,11.1074447631836
36.5304166666667,11.0769271850586
36.5370833333333,11.0516548156738
36.54375,11.0306739807129
36.5504166666667,11.0135078430176
36.5570833333333,10.9982490539551
36.56375,10.983943939209
36.5704166666667,10.9682083129883
36.5770833333333,10.9496116638184
36.58375,10.9291076660156
36.5904166666667,10.9038352966309
36.5970833333333,10.8728408813477
36.60375,10.8351707458496
36.6104166666667,10.7913017272949
36.6170833333333,10.7421875
36.62375,10.6868743896484
36.6304166666667,10.6258392333984
36.6370833333333,10.5605125427246
36.64375,10.4923248291016
36.6504166666667,10.4231834411621
36.6570833333333,10.3535652160645
36.66375,10.284423828125
36.6704166666667,10.2181434631348
36.6770833333333,10.1561546325684
36.68375,10.1003646850586
36.6904166666667,10.0502967834473
36.6970833333333,10.0059509277344
36.70375,9.96685028076172
36.7104166666667,9.93490219116211
36.7170833333333,9.90915298461914
36.72375,9.89055633544922
36.7304166666667,9.87911224365234
36.7370833333333,9.87672805786133
36.74375,9.88245010375977
36.7504166666667,9.89627838134766
36.7570833333333,9.9177360534668
36.76375,9.94586944580078
36.7704166666667,9.98115539550781
36.7770833333333,10.0245475769043
36.78375,10.077953338623
36.7904166666667,10.1413726806641
36.7970833333333,10.2152824401855
36.80375,10.3001594543457
36.8104166666667,10.3969573974609
36.8170833333333,10.5066299438477
36.82375,10.6291770935059
36.8304166666667,10.7665061950684
36.8370833333333,10.9200477600098
36.84375,11.0917091369629
36.8504166666667,11.2824440002441
36.8570833333333,11.4946365356445
36.86375,11.7292404174805
36.8704166666667,11.9881629943848
36.8770833333333,12.2723579406738
36.88375,12.5851631164551
36.8904166666667,12.9275321960449
36.8970833333333,13.2999420166016
36.90375,13.7028694152832
36.9104166666667,14.1382217407227
36.9170833333333,14.6050453186035
36.92375,15.1009559631348
36.9304166666667,15.625
36.9370833333333,16.1738395690918
36.94375,16.7436599731445
36.9504166666667,17.3296928405762
36.9570833333333,17.9252624511719
36.96375,18.5251235961914
36.9704166666667,19.1216468811035
36.9770833333333,19.7067260742188
36.98375,20.2741622924805
36.9904166666667,20.8168029785156
36.9970833333333,21.3284492492676
37.00375,21.8052864074707
37.0104166666667,22.2439765930176
37.0170833333333,22.6411819458008
37.02375,22.9954719543457
37.0304166666667,23.3058929443359
37.0370833333333,23.5757827758789
37.04375,23.8089561462402
37.0504166666667,24.0111351013184
37.0570833333333,24.1918563842773
37.06375,24.3616104125977
37.0704166666667,24.533748626709
37.0770833333333,24.7201919555664
37.08375,24.9342918395996
37.0904166666667,25.1913070678711
37.0970833333333,25.5074501037598
37.10375,25.8975028991699
37.1104166666667,26.3762474060059
37.1170833333333,26.9608497619629
37.12375,27.6670455932617
37.1304166666667,28.5096168518066
37.1370833333333,29.5028686523438
37.14375,30.6606292724609
37.1504166666667,31.9972038269043
37.1570833333333,33.5264205932617
37.16375,35.2592468261719
37.1704166666667,37.2061729431152
37.1770833333333,39.3772125244141
37.18375,41.7828559875488
37.1904166666667,44.4350242614746
37.1970833333333,47.3451614379883
37.20375,50.5237579345703
37.2104166666667,53.9822578430176
37.2170833333333,57.732105255127
37.22375,61.7852210998535
37.2304166666667,66.1525726318359
37.2370833333333,70.8436965942383
37.24375,75.8686065673828
37.2504166666667,81.2368392944336
37.2570833333333,86.9579315185547
37.26375,93.0385589599609
37.2704166666667,99.4796752929688
37.2770833333333,106.277942657471
37.28375,113.426208496094
37.2904166666667,120.911598205566
37.2970833333333,128.718852996826
37.30375,136.823177337646
37.3104166666667,145.193576812744
37.3170833333333,153.789043426514
37.32375,162.564277648926
37.3304166666667,171.463489532471
37.3370833333333,180.423259735107
37.34375,189.369678497314
37.3504166666667,198.220729827881
37.3570833333333,206.889629364014
37.36375,215.284824371338
37.3704166666667,223.309516906738
37.3770833333333,230.860233306885
37.38375,237.833023071289
37.3904166666667,244.128227233887
37.3970833333333,249.650478363037
37.40375,254.308700561523
37.4104166666667,258.01944732666
37.4170833333333,260.7102394104
37.42375,262.321472167969
37.4304166666667,262.807369232178
37.4370833333333,262.136459350586
37.44375,260.297775268555
37.4504166666667,257.297992706299
37.4570833333333,253.164291381836
37.46375,247.940540313721
37.4704166666667,241.689205169678
37.4770833333333,234.48657989502
37.48375,226.425170898438
37.4904166666667,217.607975006104
37.4970833333333,208.148002624512
37.50375,198.163032531738
37.5104166666667,187.775135040283
37.5170833333333,177.108764648438
37.52375,166.287899017334
37.5304166666667,155.429363250732
37.5370833333333,144.642353057861
37.54375,134.030342102051
37.5504166666667,123.68631362915
37.5570833333333,113.694190979004
37.56375,104.123592376709
37.5704166666667,95.0298309326172
37.5770833333333,86.456298828125
37.58375,78.4378051757813
37.5904166666667,70.9943771362305
37.5970833333333,64.1360282897949
37.60375,57.8603744506836
37.6104166666667,52.159309387207
37.6170833333333,47.0175743103027
37.62375,42.4137115478516
37.6304166666667,38.3195877075195
37.6370833333333,34.7037315368652
37.64375,31.531810760498
37.6504166666667,28.7690162658691
37.6570833333333,26.3805389404297
37.66375,24.3315696716309
37.6704166666667,22.5872993469238
37.6770833333333,21.1143493652344
37.68375,19.8793411254883
37.6904166666667,18.8522338867188
37.6970833333333,18.00537109375
37.70375,17.310619354248
37.7104166666667,16.7441368103027
37.7170833333333,16.2849426269531
37.72375,15.9144401550293
37.7304166666667,15.6168937683105
37.7370833333333,15.3765678405762
37.74375,15.1815414428711
37.7504166666667,15.0227546691895
37.7570833333333,14.8921012878418
37.76375,14.7824287414551
37.7704166666667,14.6884918212891
37.7770833333333,14.6079063415527
37.78375,14.5401954650879
37.7904166666667,14.4858360290527
37.7970833333333,14.4453048706055
37.80375,14.4205093383789
37.8104166666667,14.4147872924805
37.8170833333333,14.4305229187012
37.82375,14.470100402832
37.8304166666667,14.5359039306641
37.8370833333333,14.6331787109375
37.84375,14.7671699523926
37.8504166666667,14.9412155151367
37.8570833333333,15.1586532592773
37.86375,15.4218673706055
37.8704166666667,15.7322883605957
37.8770833333333,16.0903930664063
37.88375,16.4947509765625
37.8904166666667,16.9429779052734
37.8970833333333,17.4322128295898
37.90375,17.9595947265625
37.9104166666667,18.5208320617676
37.9170833333333,19.1092491149902
37.92375,19.716739654541
37.9304166666667,20.3351974487305
37.9370833333333,20.9560394287109
37.94375,21.5697288513184
37.9504166666667,22.1652984619141
37.9570833333333,22.7327346801758
37.96375,23.2620239257813
37.9704166666667,23.7441062927246
37.9770833333333,24.169921875
37.98375,24.5308876037598
37.9904166666667,24.8193740844727
37.9970833333333,25.0287055969238
38.00375,25.1545906066895
38.0104166666667,25.1932144165039
38.0170833333333,25.1426696777344
38.02375,25.001049041748
38.0304166666667,24.7702598571777
38.0370833333333,24.4522094726563
38.04375,24.0511894226074
38.0504166666667,23.5733985900879
38.0570833333333,23.0240821838379
38.06375,22.4113464355469
38.0704166666667,21.7432975769043
38.0770833333333,21.0280418395996
38.08375,20.2751159667969
38.0904166666667,19.4916725158691
38.0970833333333,18.6882019042969
38.10375,17.8737640380859
38.1104166666667,17.056941986084
38.1170833333333,16.2463188171387
38.12375,15.449047088623
38.1304166666667,14.671802520752
38.1370833333333,13.9212608337402
38.14375,13.2026672363281
38.1504166666667,12.519359588623
38.1570833333333,11.8746757507324
38.16375,11.2705230712891
38.1704166666667,10.706901550293
38.1770833333333,10.185718536377
38.18375,9.70649719238281
38.1904166666667,9.27019119262695
38.1970833333333,8.87632369995117
38.20375,8.52394104003906
38.2104166666667,8.21208953857422
38.2170833333333,7.93743133544922
38.22375,7.69758224487305
38.2304166666667,7.48968124389648
38.2370833333333,7.31182098388672
38.24375,7.16257095336914
38.2504166666667,7.04097747802734
38.2570833333333,6.94370269775391
38.26375,6.86883926391602
38.2704166666667,6.81352615356445
38.2770833333333,6.77633285522461
38.28375,6.75439834594727
38.2904166666667,6.74581527709961
38.2970833333333,6.75106048583984
38.30375,6.76918029785156
38.3104166666667,6.79826736450195
38.3170833333333,6.8364143371582
38.32375,6.8812370300293
38.3304166666667,6.93130493164063
38.3370833333333,6.98518753051758
38.34375,7.04193115234375
38.3504166666667,7.09962844848633
38.3570833333333,7.15732574462891
38.36375,7.21549987792969
38.3704166666667,7.27367401123047
38.3770833333333,7.32851028442383
38.38375,7.37953186035156
38.3904166666667,7.42530822753906
38.3970833333333,7.46440887451172
38.40375,7.49588012695313
38.4104166666667,7.51829147338867
38.4170833333333,7.53211975097656
38.42375,7.5373649597168
38.4304166666667,7.53259658813477
38.4370833333333,7.51733779907227
38.44375,7.49111175537109
38.4504166666667,7.45296478271484
38.4570833333333,7.40194320678711
38.46375,7.3390007019043
38.4704166666667,7.26652145385742
38.4770833333333,7.18402862548828
38.48375,7.09342956542969
38.4904166666667,6.99472427368164
38.4970833333333,6.88886642456055
38.50375,6.77728652954102
38.5104166666667,6.66046142578125
38.5170833333333,6.53982162475586
38.52375,6.41584396362305
38.5304166666667,6.29138946533203
38.5370833333333,6.16693496704102
38.54375,6.0420036315918
38.5504166666667,5.91754913330078
38.5570833333333,5.79500198364258
38.56375,5.67626953125
38.5704166666667,5.56135177612305
38.5770833333333,5.45072555541992
38.58375,5.34582138061523
38.5904166666667,5.24711608886719
38.5970833333333,5.15365600585938
38.60375,5.0654411315918
38.6104166666667,4.98342514038086
38.6170833333333,4.90713119506836
38.62375,4.83608245849609
38.6304166666667,4.77027893066406
38.6370833333333,4.70924377441406
38.64375,4.65250015258789
38.6504166666667,4.59957122802734
38.6570833333333,4.55188751220703
38.66375,4.50992584228516
38.6704166666667,4.47225570678711
38.6770833333333,4.4398307800293
38.68375,4.41217422485352
38.6904166666667,4.38880920410156
38.6970833333333,4.36925888061523
38.70375,4.35209274291992
38.7104166666667,4.33826446533203
38.7170833333333,4.32777404785156
38.72375,4.32062149047852
38.7304166666667,4.31728363037109
38.7370833333333,4.31728363037109
38.74375,4.32062149047852
38.7504166666667,4.32777404785156
38.7570833333333,4.33874130249023
38.76375,4.35352325439453
38.7704166666667,4.36925888061523
38.7770833333333,4.38737869262695
38.78375,4.40740585327148
38.7904166666667,4.43029403686523
38.7970833333333,4.4550895690918
38.80375,4.48226928710938
38.8104166666667,4.51231002807617
38.8170833333333,4.54521179199219
38.82375,4.58145141601563
38.8304166666667,4.61912155151367
38.8370833333333,4.65822219848633
38.84375,4.6992301940918
38.8504166666667,4.74214553833008
38.8570833333333,4.78696823120117
38.86375,4.83417510986328
38.8704166666667,4.8832893371582
38.8770833333333,4.93526458740234
38.88375,4.9896240234375
38.8904166666667,5.04541397094727
38.8970833333333,5.10120391845703
38.90375,5.15651702880859
38.9104166666667,5.21087646484375
38.9170833333333,5.26571273803711
38.92375,5.32197952270508
38.9304166666667,5.37824630737305
38.9370833333333,5.43403625488281
38.94375,5.49030303955078
38.9504166666667,5.54609298706055
38.9570833333333,5.60092926025391
38.96375,5.65290451049805
38.9704166666667,5.70297241210938
38.9770833333333,5.7525634765625
38.98375,5.80120086669922
38.9904166666667,5.84936141967773
38.9970833333333,5.89609146118164
39.00375,5.94282150268555
39.0104166666667,5.99002838134766
39.0170833333333,6.03866577148438
39.02375,6.08730316162109
39.0304166666667,6.13784790039063
39.0370833333333,6.19173049926758
39.04375,6.24895095825195
39.0504166666667,6.31093978881836
39.0570833333333,6.37722015380859
39.06375,6.45017623901367
39.0704166666667,6.52980804443359
39.0770833333333,6.61802291870117
39.08375,6.71529769897461
39.0904166666667,6.82258605957031
39.0970833333333,6.93988800048828
39.10375,7.06768035888672
39.1104166666667,7.20548629760742
39.1170833333333,7.35378265380859
39.12375,7.51304626464844
39.1304166666667,7.68327713012695
39.1370833333333,7.86447525024414
39.14375,8.0571174621582
39.1504166666667,8.26120376586914
39.1570833333333,8.47291946411133
39.16375,8.69131088256836
39.1704166666667,8.91399383544922
39.1770833333333,9.1395378112793
39.18375,9.36508178710938
39.1904166666667,9.58871841430664
39.1970833333333,9.81044769287109
39.20375,10.0274085998535
39.2104166666667,10.2367401123047
39.2170833333333,10.4365348815918
39.22375,10.6234550476074
39.2304166666667,10.7951164245605
39.2370833333333,10.9496116638184
39.24375,11.0855102539063
39.2504166666667,11.2004280090332
39.2570833333333,11.2934112548828
39.26375,11.3635063171387
39.2704166666667,11.408805847168
39.2770833333333,11.4288330078125
39.28375,11.4221572875977
39.2904166666667,11.3892555236816
39.2970833333333,11.3320350646973
39.30375,11.2504959106445
39.3104166666667,11.1455917358398
39.3170833333333,11.0177993774414
39.32375,10.8695030212402
39.3304166666667,10.7002258300781
39.3370833333333,10.5128288269043
39.34375,10.310173034668
39.3504166666667,10.0946426391602
39.3570833333333,9.86957550048828
39.36375,9.63544845581055
39.3704166666667,9.39464569091797
39.3770833333333,9.14955139160156
39.38375,8.90064239501953
39.3904166666667,8.64934921264648
39.3970833333333,8.39757919311523
39.40375,8.1477165222168
39.4104166666667,7.90262222290039
39.4170833333333,7.66277313232422
39.42375,7.42959976196289
39.4304166666667,7.2026252746582
39.4370833333333,6.98328018188477
39.44375,6.77251815795898
39.4504166666667,6.57033920288086
39.4570833333333,6.378173828125
39.46375,6.1955451965332
39.4704166666667,6.02197647094727
39.4770833333333,5.85699081420898
39.48375,5.70058822631836
39.4904166666667,5.55181503295898
39.4970833333333,5.41019439697266
39.50375,5.27572631835938
39.5104166666667,5.14936447143555
39.5170833333333,5.03206253051758
39.52375,4.92286682128906
39.5304166666667,4.81939315795898
39.5370833333333,4.72211837768555
39.54375,4.63104248046875
39.5504166666667,4.54473495483398
39.5570833333333,4.46224212646484
39.56375,4.38404083251953
39.5704166666667,4.31060791015625
39.5770833333333,4.2414665222168
39.58375,4.17613983154297
39.5904166666667,4.11415100097656
39.5970833333333,4.05645370483398
39.60375,4.00304794311523
39.6104166666667,3.9520263671875
39.6170833333333,3.90338897705078
39.62375,3.85761260986328
39.6304166666667,3.8151741027832
39.6370833333333,3.77559661865234
39.64375,3.73983383178711
39.6504166666667,3.70883941650391
39.6570833333333,3.68213653564453
39.66375,3.65829467773438
39.6704166666667,3.63636016845703
39.6770833333333,3.6163330078125
39.68375,3.59869003295898
39.6904166666667,3.58247756958008
39.6970833333333,3.56864929199219
39.70375,3.55768203735352
39.7104166666667,3.54909896850586
39.7170833333333,3.54099273681641
39.72375,3.53336334228516
39.7304166666667,3.52621078491211
39.7370833333333,3.52048873901367
39.74375,3.51667404174805
39.7504166666667,3.51476669311523
39.7570833333333,3.51381301879883
39.76375,3.51428985595703
39.7704166666667,3.51572036743164
39.7770833333333,3.51762771606445
39.78375,3.51905822753906
39.7904166666667,3.51953506469727
39.7970833333333,3.51858139038086
39.80375,3.51715087890625
39.8104166666667,3.51524353027344
39.8170833333333,3.51381301879883
39.82375,3.51190567016602
39.8304166666667,3.509521484375
39.8370833333333,3.50761413574219
39.84375,3.50475311279297
39.8504166666667,3.50141525268555
39.8570833333333,3.49664688110352
39.86375,3.49092483520508
39.8704166666667,3.48520278930664
39.8770833333333,3.47995758056641
39.88375,3.47423553466797
39.8904166666667,3.46803665161133
39.8970833333333,3.46231460571289
39.90375,3.45659255981445
39.9104166666667,3.45087051391602
39.9170833333333,3.44610214233398
39.92375,3.44181060791016
39.9304166666667,3.43799591064453
39.9370833333333,3.43418121337891
39.94375,3.43036651611328
39.9504166666667,3.42702865600586
39.9570833333333,3.42464447021484
39.96375,3.42321395874023
39.9704166666667,3.42273712158203
39.9770833333333,3.42416763305664
39.98375,3.42750549316406
39.9904166666667,3.43179702758789
39.9970833333333,3.43704223632813
40.00375,3.44324111938477
40.0104166666667,3.45134735107422
40.0170833333333,3.45993041992188
40.02375,3.46946716308594
40.0304166666667,3.47995758056641
40.0370833333333,3.49283218383789
40.04375,3.50713729858398
40.0504166666667,3.52334976196289
40.0570833333333,3.54242324829102
40.06375,3.56483459472656
40.0704166666667,3.58963012695313
40.0770833333333,3.6158561706543
40.08375,3.64446640014648
40.0904166666667,3.67641448974609
40.0970833333333,3.71026992797852
40.10375,3.74650955200195
40.1104166666667,3.78513336181641
40.1170833333333,3.82757186889648
40.12375,3.87382507324219
40.1304166666667,3.92293930053711
40.1370833333333,3.97634506225586
40.14375,4.03213500976563
40.1504166666667,4.09030914306641
40.1570833333333,4.15182113647461
40.16375,4.21714782714844
40.1704166666667,4.28676605224609
40.1770833333333,4.36162948608398
40.18375,4.44221496582031
40.1904166666667,4.52947616577148
40.1970833333333,4.6229362487793
40.20375,4.72354888916016
40.2104166666667,4.83131408691406
40.2170833333333,4.94813919067383
40.22375,5.07450103759766
40.2304166666667,5.21230697631836
40.2370833333333,5.36203384399414
40.24375,5.52463531494141
40.2504166666667,5.70154190063477
40.2570833333333,5.89227676391602
40.26375,6.09922409057617
40.2704166666667,6.32333755493164
40.2770833333333,6.56652450561523
40.28375,6.83021545410156
40.2904166666667,7.11679458618164
40.2970833333333,7.42769241333008
40.30375,7.76433944702148
40.3104166666667,8.12864303588867
40.3170833333333,8.52251052856445
40.32375,8.94594192504883
40.3304166666667,9.3994140625
40.3370833333333,9.88245010375977
40.34375,10.3960037231445
40.3504166666667,10.9400749206543
40.3570833333333,11.5137100219727
40.36375,12.1164321899414
40.3704166666667,12.7468109130859
40.3770833333333,13.4029388427734
40.38375,14.0824317932129
40.3904166666667,14.7814750671387
40.3970833333333,15.4967308044434
40.40375,16.2234306335449
40.4104166666667,16.9568061828613
40.4170833333333,17.6911354064941
40.42375,18.4211730957031
40.4304166666667,19.1397666931152
40.4370833333333,19.841194152832
40.44375,20.5183029174805
40.4504166666667,21.1644172668457
40.4570833333333,21.7747688293457
40.46375,22.3426818847656
40.4704166666667,22.8633880615234
40.4770833333333,23.3302116394043
40.48375,23.7398147583008
40.4904166666667,24.0879058837891
40.4970833333333,24.3687629699707
40.50375,24.5804786682129
40.5104166666667,24.7220993041992
40.5170833333333,24.7931480407715
40.52375,24.7936248779297
40.5304166666667,24.7244834899902
40.5370833333333,24.5885848999023
40.54375,24.3892669677734
40.5504166666667,24.1298675537109
40.5570833333333,23.8146781921387
40.56375,23.4489440917969
40.5704166666667,23.040771484375
40.5770833333333,22.5958824157715
40.58375,22.1199989318848
40.5904166666667,21.6202735900879
40.5970833333333,21.1043357849121
40.60375,20.5812454223633
40.6104166666667,20.0581550598145
40.6170833333333,19.5417404174805
40.62375,19.0391540527344
40.6304166666667,18.5575485229492
40.6370833333333,18.1021690368652
40.64375,17.6782608032227
40.6504166666667,17.2891616821289
40.6570833333333,16.9401168823242
40.66375,16.6354179382324
40.6704166666667,16.3755416870117
40.6770833333333,16.1623954772949
40.68375,15.9978866577148
40.6904166666667,15.8834457397461
40.6970833333333,15.8171653747559
40.70375,15.7961845397949
40.7104166666667,15.8200263977051
40.7170833333333,15.8867835998535
40.72375,15.9921646118164
40.7304166666667,16.1314010620117
40.7370833333333,16.3002014160156
40.74375,16.4957046508789
40.7504166666667,16.7126655578613
40.7570833333333,16.9453620910645
40.76375,17.1890258789063
40.7704166666667,17.4388885498047
40.7770833333333,17.6897048950195
40.78375,17.9367065429688
40.7904166666667,18.1736946105957
40.7970833333333,18.3954238891602
40.80375,18.5980796813965
40.8104166666667,18.7778472900391
40.8170833333333,18.9313888549805
40.82375,19.0548896789551
40.8304166666667,19.1473960876465
40.8370833333333,19.2084312438965
40.84375,19.2360877990723
40.8504166666667,19.228458404541
40.8570833333333,19.1860198974609
40.86375,19.1078186035156
40.8704166666667,18.9957618713379
40.8770833333333,18.8493728637695
40.88375,18.6700820922852
40.8904166666667,18.4597969055176
40.8970833333333,18.2218551635742
40.90375,17.9581642150879
40.9104166666667,17.6730155944824
40.9170833333333,17.369270324707
40.92375,17.0497894287109
40.9304166666667,16.7193412780762
40.9370833333333,16.3803100585938
40.94375,16.0365104675293
40.9504166666667,15.6898498535156
40.9570833333333,15.3436660766602
40.96375,15.0027275085449
40.9704166666667,14.6679878234863
40.9770833333333,14.3413543701172
40.98375,14.0256881713867
40.9904166666667,13.7224197387695
40.9970833333333,13.4334564208984
41.00375,13.1592750549316
41.0104166666667,12.8993988037109
41.0170833333333,12.6557350158691
41.02375,12.4297142028809
41.0304166666667,12.2218132019043
41.0370833333333,12.031078338623
41.04375,11.8575096130371
41.0504166666667,11.7015838623047
41.0570833333333,11.5609169006348
41.06375,11.4345550537109
41.0704166666667,11.3210678100586
41.0770833333333,11.2199783325195
41.08375,11.1298561096191
41.0904166666667,11.049747467041
41.0970833333333,10.9796524047852
41.10375,10.9186172485352
41.1104166666667,10.8652114868164
41.1170833333333,10.8180046081543
41.12375,10.7769966125488
41.1304166666667,10.7421875
41.1370833333333,10.711669921875
41.14375,10.6844902038574
41.1504166666667,10.6596946716309
41.1570833333333,10.6363296508789
41.16375,10.6148719787598
41.1704166666667,10.594367980957
41.1770833333333,10.5752944946289
41.18375,10.5576515197754
41.1904166666667,10.5404853820801
41.1970833333333,10.5247497558594
41.20375,10.5085372924805
41.2104166666667,10.493278503418
41.2170833333333,10.4775428771973
41.22375,10.4622840881348
41.2304166666667,10.4475021362305
41.2370833333333,10.4341506958008
41.24375,10.4217529296875
41.2504166666667,10.411262512207
41.2570833333333,10.404109954834
41.26375,10.4002952575684
41.2704166666667,10.3988647460938
41.2770833333333,10.401725769043
41.28375,10.4093551635742
41.2904166666667,10.4227066040039
41.2970833333333,10.441780090332
41.30375,10.4670524597168
41.3104166666667,10.5013847351074
41.3170833333333,10.5447769165039
41.32375,10.5972290039063
41.3304166666667,10.6592178344727
41.3370833333333,10.7331275939941
41.34375,10.8194351196289
41.3504166666667,10.918140411377
41.3570833333333,11.0297203063965
41.36375,11.1546516418457
41.3704166666667,11.2929344177246
41.3770833333333,11.4445686340332
41.38375,11.6095542907715
41.3904166666667,11.7878913879395
41.3970833333333,11.9800567626953
41.40375,12.1846199035645
41.4104166666667,12.4006271362305
41.4170833333333,12.627124786377
41.42375,12.8626823425293
41.4304166666667,13.1063461303711
41.4370833333333,13.3566856384277
41.44375,13.6113166809082
41.4504166666667,13.8697624206543
41.4570833333333,14.1305923461914
41.46375,14.3895149230957
41.4704166666667,14.6450996398926
41.4770833333333,14.8940086364746
41.48375,15.1338577270508
41.4904166666667,15.3608322143555
41.4970833333333,15.5720710754395
41.50375,15.7670974731445
41.5104166666667,15.9449577331543
41.5170833333333,16.1037445068359
41.52375,16.240119934082
41.5304166666667,16.3540840148926
41.5370833333333,16.4437294006348
41.54375,16.5081024169922
41.5504166666667,16.5443420410156
41.5570833333333,16.5524482727051
41.56375,16.5324211120605
41.5704166666667,16.4847373962402
41.5770833333333,16.4093971252441
41.58375,16.3073539733887
41.5904166666667,16.1795616149902
41.5970833333333,16.0293579101563
41.60375,15.8581733703613
41.6104166666667,15.6674385070801
41.6170833333333,15.4600143432617
41.62375,15.2368545532227
41.6304166666667,15.0008201599121
41.6370833333333,14.7542953491211
41.64375,14.4991874694824
41.6504166666667,14.2393112182617
41.6570833333333,13.97705078125
41.66375,13.7157440185547
41.6704166666667,13.4577751159668
41.6770833333333,13.2055282592773
41.68375,12.9599571228027
41.6904166666667,12.7224922180176
41.6970833333333,12.4950408935547
41.70375,12.2785568237305
41.7104166666667,12.0730400085449
41.7170833333333,11.8799209594727
41.72375,11.6991996765137
41.7304166666667,11.5318298339844
41.7370833333333,11.3763809204102
41.74375,11.2323760986328
41.7504166666667,11.0983848571777
41.7570833333333,10.9739303588867
41.76375,10.857105255127
41.7704166666667,10.7464790344238
41.7770833333333,10.6401443481445
41.78375,10.5366706848145
41.7904166666667,10.434627532959
41.7970833333333,10.3330612182617
41.80375,10.2291107177734
41.8104166666667,10.1227760314941
41.8170833333333,10.0126266479492
41.82375,9.89723205566406
41.8304166666667,9.77611541748047
41.8370833333333,9.64736938476563
41.84375,9.51147079467773
41.8504166666667,9.36794281005859
41.8570833333333,9.21630859375
41.86375,9.05704498291016
41.8704166666667,8.88967514038086
41.8770833333333,8.71419906616211
41.88375,8.53252410888672
41.8904166666667,8.34560394287109
41.8970833333333,8.15391540527344
41.90375,7.95888900756836
41.9104166666667,7.76100158691406
41.9170833333333,7.56216049194336
41.92375,7.36236572265625
41.9304166666667,7.16209411621094
41.9370833333333,6.96277618408203
41.94375,6.76727294921875
41.9504166666667,6.57558441162109
41.9570833333333,6.38866424560547
41.96375,6.20794296264648
41.9704166666667,6.03389739990234
41.9770833333333,5.86605072021484
41.98375,5.70487976074219
41.9904166666667,5.55086135864258
41.9970833333333,5.40590286254883
42.00375,5.27048110961914
42.0104166666667,5.14507293701172
42.0170833333333,5.02967834472656
42.02375,4.92429733276367
42.0304166666667,4.82845306396484
42.0370833333333,4.74119186401367
42.04375,4.66203689575195
42.0504166666667,4.59003448486328
42.0570833333333,4.52566146850586
42.06375,4.46844100952148
42.0704166666667,4.41837310791016
42.0770833333333,4.37593460083008
42.08375,4.34160232543945
42.0904166666667,4.31442260742188
42.0970833333333,4.29391860961914
42.10375,4.28009033203125
42.1104166666667,4.2719841003418
42.1170833333333,4.26816940307617
42.12375,4.26912307739258
42.1304166666667,4.27532196044922
42.1370833333333,4.28581237792969
42.14375,4.29916381835938
42.1504166666667,4.31537628173828
42.1570833333333,4.33540344238281
42.16375,4.35781478881836
42.1704166666667,4.38261032104492
42.1770833333333,4.40835952758789
42.18375,4.43506240844727
42.1904166666667,4.46414947509766
42.1970833333333,4.49562072753906
42.20375,4.52756881713867
42.2104166666667,4.56094741821289
42.2170833333333,4.59527969360352
42.22375,4.63104248046875
42.2304166666667,4.66632843017578
42.2370833333333,4.70161437988281
42.24375,4.73737716674805
42.2504166666667,4.77457046508789
42.2570833333333,4.81033325195313
42.26375,4.84466552734375
42.2704166666667,4.87709045410156
42.2770833333333,4.90808486938477
42.28375,4.93669509887695
42.2904166666667,4.96339797973633
42.2970833333333,4.9896240234375
42.30375,5.01441955566406
42.3104166666667,5.03730773925781
42.3170833333333,5.05733489990234
42.32375,5.07402420043945
42.3304166666667,5.08689880371094
42.3370833333333,5.0959587097168
42.34375,5.10168075561523
42.3504166666667,5.10311126708984
42.3570833333333,5.10215759277344
42.36375,5.09881973266602
42.3704166666667,5.09214401245117
42.3770833333333,5.0816535949707
42.38375,5.06782531738281
42.3904166666667,5.05161285400391
42.3970833333333,5.03110885620117
42.40375,5.00631332397461
42.4104166666667,4.97722625732422
42.4170833333333,4.94527816772461
42.42375,4.90951538085938
42.4304166666667,4.87089157104492
42.4370833333333,4.83036041259766
42.44375,4.78935241699219
42.4504166666667,4.74643707275391
42.4570833333333,4.70113754272461
42.46375,4.6544075012207
42.4704166666667,4.60672378540039
42.4770833333333,4.55808639526367
42.48375,4.50801849365234
42.4904166666667,4.45795059204102
42.4970833333333,4.40788269042969
42.50375,4.35924530029297
42.5104166666667,4.31108474731445
42.5170833333333,4.26340103149414
42.52375,4.21667098999023
42.5304166666667,4.17137145996094
42.5370833333333,4.12845611572266
42.54375,4.08697128295898
42.5504166666667,4.04787063598633
42.5570833333333,4.01115417480469
42.56375,3.97729873657227
42.5704166666667,3.94678115844727
42.5770833333333,3.91817092895508
42.58375,3.89194488525391
42.5904166666667,3.86762619018555
42.5970833333333,3.84521484375
42.60375,3.82423400878906
42.6104166666667,3.80373001098633
42.6170833333333,3.7846565246582
42.62375,3.76749038696289
42.6304166666667,3.75223159790039
42.6370833333333,3.73935699462891
42.64375,3.72648239135742
42.6504166666667,3.71456146240234
42.6570833333333,3.70264053344727
42.66375,3.692626953125
42.6704166666667,3.68356704711914
42.6770833333333,3.67546081542969
42.68375,3.66830825805664
42.6904166666667,3.6616325378418
42.6970833333333,3.65543365478516
42.70375,3.64828109741211
42.7104166666667,3.64065170288086
42.7170833333333,3.63397598266602
42.72375,3.62682342529297
42.7304166666667,3.61919403076172
42.7370833333333,3.61251831054688
42.74375,3.60774993896484
42.7504166666667,3.60393524169922
42.7570833333333,3.59964370727539
42.76375,3.59535217285156
42.7704166666667,3.59296798706055
42.7770833333333,3.59058380126953
42.78375,3.58724594116211
42.7904166666667,3.58295440673828
42.7970833333333,3.57961654663086
42.80375,3.57723236083984
42.8104166666667,3.57580184936523
42.8170833333333,3.57532501220703
42.82375,3.57723236083984
42.8304166666667,3.58200073242188
42.8370833333333,3.58819961547852
42.84375,3.59535217285156
42.8504166666667,3.60488891601563
42.8570833333333,3.6168098449707
42.86375,3.631591796875
42.8704166666667,3.64780426025391
42.8770833333333,3.66497039794922
42.88375,3.68547439575195
42.8904166666667,3.7078857421875
42.8970833333333,3.73268127441406
42.90375,3.75890731811523
42.9104166666667,3.78704071044922
42.9170833333333,3.81851196289063
42.92375,3.85332107543945
42.9304166666667,3.8909912109375
42.9370833333333,3.93152236938477
42.94375,3.97491455078125
42.9504166666667,4.02116775512695
42.9570833333333,4.07171249389648
42.96375,4.12464141845703
42.9704166666667,4.17947769165039
42.9770833333333,4.23717498779297
42.98375,4.29821014404297
42.9904166666667,4.36305999755859
42.9970833333333,4.42934036254883
43.00375,4.49800491333008
43.0104166666667,4.56905364990234
43.0170833333333,4.64296340942383
43.02375,4.71878051757813
43.0304166666667,4.79507446289063
43.0370833333333,4.87327575683594
43.04375,4.95338439941406
43.0504166666667,5.03444671630859
43.0570833333333,5.11550903320313
43.06375,5.19752502441406
43.0704166666667,5.28049468994141
43.0770833333333,5.36346435546875
43.08375,5.4469108581543
43.0904166666667,5.52892684936523
43.0970833333333,5.61046600341797
43.10375,5.6910514831543
43.1104166666667,5.77020645141602
43.1170833333333,5.84650039672852
43.12375,5.91945648193359
43.1304166666667,5.99050521850586
43.1370833333333,6.05964660644531
43.14375,6.12592697143555
43.1504166666667,6.18886947631836
43.1570833333333,6.24942779541016
43.16375,6.30617141723633
43.1704166666667,6.35862350463867
43.1770833333333,6.40583038330078
43.18375,6.44874572753906
43.1904166666667,6.48593902587891
43.1970833333333,6.51884078979492
43.20375,6.54745101928711
43.2104166666667,6.57176971435547
43.2170833333333,6.591796875
43.22375,6.6070556640625
43.2304166666667,6.61754608154297
43.2370833333333,6.62326812744141
43.24375,6.62374496459961
43.2504166666667,6.62040710449219
43.2570833333333,6.61325454711914
43.26375,6.60181045532227
43.2704166666667,6.58893585205078
43.2770833333333,6.57367706298828
43.28375,6.55746459960938
43.2904166666667,6.53982162475586
43.2970833333333,6.52027130126953
43.30375,6.49929046630859
43.3104166666667,6.47497177124023
43.3170833333333,6.44874572753906
43.32375,6.42204284667969
43.3304166666667,6.39486312866211
43.3370833333333,6.36816024780273
43.34375,6.34193420410156
43.3504166666667,6.31570816040039
43.3570833333333,6.29091262817383
43.36375,6.26707077026367
43.3704166666667,6.24370574951172
43.3770833333333,6.22129440307617
43.38375,6.20079040527344
43.3904166666667,6.18171691894531
43.3970833333333,6.16359710693359
43.40375,6.14643096923828
43.4104166666667,6.12926483154297
43.4170833333333,6.11257553100586
43.42375,6.09636306762695
43.4304166666667,6.08158111572266
43.4370833333333,6.06775283813477
43.44375,6.05487823486328
43.4504166666667,6.04248046875
43.4570833333333,6.03055953979492
43.46375,6.01911544799805
43.4704166666667,6.00719451904297
43.4770833333333,5.99575042724609
43.48375,5.98335266113281
43.4904166666667,5.97047805786133
43.4970833333333,5.95760345458984
43.50375,5.94520568847656
43.5104166666667,5.93328475952148
43.5170833333333,5.92136383056641
43.52375,5.90944290161133
43.5304166666667,5.89752197265625
43.5370833333333,5.88560104370117
43.54375,5.87368011474609
43.5504166666667,5.86128234863281
43.5570833333333,5.84936141967773
43.56375,5.83791732788086
43.5704166666667,5.82695007324219
43.5770833333333,5.81884384155273
43.58375,5.81264495849609
43.5904166666667,5.80835342407227
43.5970833333333,5.80692291259766
43.60375,5.80692291259766
43.6104166666667,5.80883026123047
43.6170833333333,5.81169128417969
43.62375,5.81693649291992
43.6304166666667,5.82408905029297
43.6370833333333,5.83362579345703
43.64375,5.8445930480957
43.6504166666667,5.859375
43.6570833333333,5.87701797485352
43.66375,5.89656829833984
43.6704166666667,5.91611862182617
43.6770833333333,5.93757629394531
43.68375,5.96189498901367
43.6904166666667,5.98812103271484
43.6970833333333,6.01530075073242
43.70375,6.0429573059082
43.7104166666667,6.07204437255859
43.7170833333333,6.10256195068359
43.72375,6.134033203125
43.7304166666667,6.16598129272461
43.7370833333333,6.19935989379883
43.74375,6.23464584350586
43.7504166666667,6.27279281616211
43.7570833333333,6.31284713745117
43.76375,6.35433197021484
43.7704166666667,6.39677047729492
43.7770833333333,6.44159317016602
43.78375,6.48832321166992
43.7904166666667,6.53696060180664
43.7970833333333,6.58750534057617
43.80375,6.63995742797852
43.8104166666667,6.69670104980469
43.8170833333333,6.75725936889648
43.82375,6.82210922241211
43.8304166666667,6.89125061035156
43.8370833333333,6.96468353271484
43.84375,7.04240798950195
43.8504166666667,7.12442398071289
43.8570833333333,7.21120834350586
43.86375,7.30323791503906
43.8704166666667,7.4009895324707
43.8770833333333,7.50589370727539
43.88375,7.61747360229492
43.8904166666667,7.73525238037109
43.8970833333333,7.85970687866211
43.90375,7.99036026000977
43.9104166666667,8.12673568725586
43.9170833333333,8.26835632324219
43.92375,8.41522216796875
43.9304166666667,8.56637954711914
43.9370833333333,8.72087478637695
43.94375,8.87775421142578
43.9504166666667,9.03558731079102
43.9570833333333,9.19294357299805
43.96375,9.34934616088867
43.9704166666667,9.50384140014648
43.9770833333333,9.65595245361328
43.98375,9.80377197265625
43.9904166666667,9.94729995727539
43.9970833333333,10.0851058959961
44.00375,10.2152824401855
44.0104166666667,10.3359222412109
44.0170833333333,10.4455947875977
44.02375,10.5433464050293
44.0304166666667,10.627269744873
44.0370833333333,10.6978416442871
44.04375,10.7536315917969
44.0504166666667,10.7941627502441
44.0570833333333,10.8189582824707
44.06375,10.826587677002
44.0704166666667,10.8170509338379
44.0770833333333,10.7903480529785
44.08375,10.7460021972656
44.0904166666667,10.6844902038574
44.0970833333333,10.6058120727539
44.10375,10.5104446411133
44.1104166666667,10.3979110717773
44.1170833333333,10.2677345275879
44.12375,10.1218223571777
44.1304166666667,9.96065139770508
44.1370833333333,9.78612899780273
44.14375,9.59873199462891
44.1504166666667,9.40227508544922
44.1570833333333,9.19723510742188
44.16375,8.98456573486328
44.1704166666667,8.76569747924805
44.1770833333333,8.54206085205078
44.18375,8.31460952758789
44.1904166666667,8.08382034301758
44.1970833333333,7.85112380981445
44.20375,7.61747360229492
44.2104166666667,7.38382339477539
44.2170833333333,7.15160369873047
44.22375,6.92176818847656
44.2304166666667,6.69574737548828
44.2370833333333,6.47497177124023
44.24375,6.26039505004883
44.2504166666667,6.05392456054688
44.2570833333333,5.85556030273438
44.26375,5.66577911376953
44.2704166666667,5.48410415649414
44.2770833333333,5.3105354309082
44.28375,5.14554977416992
44.2904166666667,4.9896240234375
44.2970833333333,4.84132766723633
44.30375,4.70256805419922
44.3104166666667,4.57239151000977
44.3170833333333,4.45222854614258
44.32375,4.34064865112305
44.3304166666667,4.23717498779297
44.3370833333333,4.14180755615234
44.34375,4.05406951904297
44.3504166666667,3.97348403930664
44.3570833333333,3.90005111694336
44.36375,3.83377075195313
44.3704166666667,3.77416610717773
44.3770833333333,3.72076034545898
44.38375,3.67307662963867
44.3904166666667,3.63063812255859
44.3970833333333,3.59249114990234
44.40375,3.55720520019531
44.4104166666667,3.5252571105957
44.4170833333333,3.49712371826172
44.42375,3.47280502319336
44.4304166666667,3.45230102539063
44.4370833333333,3.43561172485352
44.44375,3.42273712158203
44.4504166666667,3.41272354125977
44.4570833333333,3.40509414672852
44.46375,3.39937210083008
44.4704166666667,3.39508056640625
44.4770833333333,3.39174270629883
44.48375,3.39078903198242
44.4904166666667,3.39174270629883
44.4970833333333,3.39460372924805
44.50375,3.39794158935547
44.5104166666667,3.4027099609375
44.5170833333333,3.40843200683594
44.52375,3.41558456420898
44.5304166666667,3.42369079589844
44.5370833333333,3.4327507019043
44.54375,3.44371795654297
44.5504166666667,3.45516204833984
44.5570833333333,3.46755981445313
44.56375,3.48043441772461
44.5704166666667,3.49521636962891
44.5770833333333,3.51095199584961
44.58375,3.52764129638672
44.5904166666667,3.54576110839844
44.5970833333333,3.56531143188477
44.60375,3.58676910400391
44.6104166666667,3.60822677612305
44.6170833333333,3.62968444824219
44.62375,3.65304946899414
44.6304166666667,3.6768913269043
44.6370833333333,3.70216369628906
44.64375,3.72982025146484
44.6504166666667,3.76081466674805
44.6570833333333,3.79467010498047
44.66375,3.83186340332031
44.6704166666667,3.87191772460938
44.6770833333333,3.91435623168945
44.68375,3.95822525024414
44.6904166666667,4.00447845458984
44.6970833333333,4.05406951904297
44.70375,4.10842895507813
44.7104166666667,4.16660308837891
44.7170833333333,4.23049926757813
44.72375,4.30059432983398
44.7304166666667,4.37736511230469
44.7370833333333,4.45985794067383
44.74375,4.5475959777832
44.7504166666667,4.64248657226563
44.7570833333333,4.74405288696289
44.76375,4.85372543334961
44.7704166666667,4.97150421142578
44.7770833333333,5.09834289550781
44.78375,5.2342414855957
44.7904166666667,5.37872314453125
44.7970833333333,5.53226470947266
44.80375,5.69438934326172
44.8104166666667,5.86557388305664
44.8170833333333,6.04629516601563
44.82375,6.23750686645508
44.8304166666667,6.43825531005859
44.8370833333333,6.64901733398438
44.84375,6.86883926391602
44.8504166666667,7.09724426269531
44.8570833333333,7.33232498168945
44.86375,7.57408142089844
44.8704166666667,7.82346725463867
44.8770833333333,8.07857513427734
44.88375,8.33988189697266
44.8904166666667,8.60500335693359
44.8970833333333,8.87203216552734
44.90375,9.13906097412109
44.9104166666667,9.40608978271484
44.9170833333333,9.67216491699219
44.92375,9.93633270263672
44.9304166666667,10.197639465332
44.9370833333333,10.4556083679199
44.94375,10.7088088989258
44.9504166666667,10.9543800354004
44.9570833333333,11.1885070800781
44.96375,11.408805847168
44.9704166666667,11.6152763366699
44.9770833333333,11.8064880371094
44.98375,11.9814872741699
44.9904166666667,12.1393203735352
44.9970833333333,12.2795104980469
45.00375,12.4015808105469
45.0104166666667,12.5036239624023
45.0170833333333,12.5846862792969
45.02375,12.6452445983887
45.0304166666667,12.6852989196777
45.0370833333333,12.7048492431641
45.04375,12.7034187316895
45.0504166666667,12.6814842224121
45.0570833333333,12.639045715332
45.06375,12.5751495361328
45.0704166666667,12.4893188476563
45.0770833333333,12.3834609985352
45.08375,12.2594833374023
45.0904166666667,12.117862701416
45.0970833333333,11.9600296020508
45.10375,11.786937713623
45.1104166666667,11.6009712219238
45.1170833333333,11.4030838012695
45.12375,11.1942291259766
45.1304166666667,10.9763145446777
45.1370833333333,10.7507705688477
45.14375,10.5195045471191
45.1504166666667,10.284423828125
45.1570833333333,10.0464820861816
45.16375,9.80710983276367
45.1704166666667,9.5672607421875
45.1770833333333,9.32836532592773
45.18375,9.09137725830078
45.1904166666667,8.85772705078125
45.1970833333333,8.62884521484375
45.20375,8.40520858764648
45.2104166666667,8.18824768066406
45.2170833333333,7.97796249389648
45.22375,7.77530670166016
45.2304166666667,7.57980346679688
45.2370833333333,7.39192962646484
45.24375,7.21120834350586
45.2504166666667,7.03859329223633
45.2570833333333,6.87456130981445
45.26375,6.71958923339844
45.2704166666667,6.57367706298828
45.2770833333333,6.43777847290039
45.28375,6.31141662597656
45.2904166666667,6.19411468505859
45.2970833333333,6.08396530151367
45.30375,5.9809684753418
45.3104166666667,5.88512420654297
45.3170833333333,5.79595565795898
45.32375,5.71346282958984
45.3304166666667,5.63764572143555
45.3370833333333,5.5689811706543
45.34375,5.50699234008789
45.3504166666667,5.45120239257813
45.3570833333333,5.401611328125
45.36375,5.35726547241211
45.3704166666667,5.31816482543945
45.3770833333333,5.28430938720703
45.38375,5.25617599487305
45.3904166666667,5.2332878112793
45.3970833333333,5.21516799926758
45.40375,5.20086288452148
45.4104166666667,5.19180297851563
45.4170833333333,5.18655776977539
45.42375,5.18655776977539
45.4304166666667,5.18989562988281
45.4370833333333,5.19704818725586
45.44375,5.20992279052734
45.4504166666667,5.22661209106445
45.4570833333333,5.24759292602539
45.46375,5.27334213256836
45.4704166666667,5.30481338500977
45.4770833333333,5.34200668334961
45.48375,5.3858757019043
45.4904166666667,5.43594360351563
45.4970833333333,5.4926872253418
45.50375,5.55610656738281
45.5104166666667,5.62620162963867
45.5170833333333,5.70297241210938
45.52375,5.78689575195313
45.5304166666667,5.87749481201172
45.5370833333333,5.97476959228516
45.54375,6.08062744140625
45.5504166666667,6.195068359375
45.5570833333333,6.31856918334961
45.56375,6.45017623901367
45.5704166666667,6.5922737121582
45.5770833333333,6.744384765625
45.58375,6.90555572509766
45.5904166666667,7.07530975341797
45.5970833333333,7.25507736206055
45.60375,7.4458122253418
45.6104166666667,7.64656066894531
45.6170833333333,7.8577995300293
45.62375,8.07952880859375
45.6304166666667,8.31079483032227
45.6370833333333,8.55064392089844
45.64375,8.79859924316406
45.6504166666667,9.05418395996094
45.6570833333333,9.31739807128906
45.66375,9.58681106567383
45.6704166666667,9.86146926879883
45.6770833333333,10.1418495178223
45.68375,10.4260444641113
45.6904166666667,10.7131004333496
45.6970833333333,11.0015869140625
45.70375,11.2910270690918
45.7104166666667,11.5804672241211
45.7170833333333,11.8670463562012
45.72375,12.1502876281738
45.7304166666667,12.4297142028809
45.7370833333333,12.7034187316895
45.74375,12.9694938659668
45.7504166666667,13.2260322570801
45.7570833333333,13.4716033935547
45.76375,13.7038230895996
45.7704166666667,13.9212608337402
45.7770833333333,14.122486114502
45.78375,14.3065452575684
45.7904166666667,14.4715309143066
45.7970833333333,14.6169662475586
45.80375,14.7404670715332
45.8104166666667,14.8415565490723
45.8170833333333,14.9192810058594
45.82375,14.9745941162109
45.8304166666667,15.0065422058105
45.8370833333333,15.0151252746582
45.84375,14.9998664855957
45.8504166666667,14.9602890014648
45.8570833333333,14.8963928222656
45.86375,14.808177947998
45.8704166666667,14.6956443786621
45.8770833333333,14.5611763000488
45.88375,14.4057273864746
45.8904166666667,14.2292976379395
45.8970833333333,14.0328407287598
45.90375,13.8163566589355
45.9104166666667,13.5822296142578
45.9170833333333,13.3318901062012
45.92375,13.0672454833984
45.9304166666667,12.789249420166
45.9370833333333,12.4993324279785
45.94375,12.2003555297852
45.9504166666667,11.8927955627441
45.9570833333333,11.5785598754883
45.96375,11.2595558166504
45.9704166666667,10.9376907348633
45.9770833333333,10.6148719787598
45.98375,10.2930068969727
45.9904166666667,9.97304916381836
45.9970833333333,9.65595245361328
46.00375,9.34219360351563
46.0104166666667,9.0336799621582
46.0170833333333,8.73041152954102
46.02375,8.43429565429688
46.0304166666667,8.14485549926758
46.0370833333333,7.86399841308594
46.04375,7.59172439575195
46.0504166666667,7.32707977294922
46.0570833333333,7.07101821899414
46.06375,6.82449340820313
46.0704166666667,6.58750534057617
46.0770833333333,6.36005401611328
46.08375,6.14261627197266
46.0904166666667,5.93471527099609
46.0970833333333,5.7368278503418
46.10375,5.54847717285156
46.1104166666667,5.36918640136719
46.1170833333333,5.19847869873047
46.12375,5.035400390625
46.1304166666667,4.88042831420898
46.1370833333333,4.73260879516602
46.14375,4.59051132202148
46.1504166666667,4.45318222045898
46.1570833333333,4.32205200195313
46.16375,4.19712066650391
46.1704166666667,4.07791137695313
46.1770833333333,3.96442413330078
46.18375,3.85570526123047
46.1904166666667,3.75127792358398
46.1970833333333,3.65066528320313
46.20375,3.55195999145508
46.2104166666667,3.45611572265625
46.2170833333333,3.36217880249023
46.22375,3.27062606811523
46.2304166666667,3.18098068237305
46.2370833333333,3.09419631958008
46.24375,3.01027297973633
46.2504166666667,2.9292106628418
46.2570833333333,2.85100936889648
46.26375,2.77519226074219
46.2704166666667,2.7008056640625
46.2770833333333,2.62784957885742
46.28375,2.55632400512695
46.2904166666667,2.48622894287109
46.2970833333333,2.41756439208984
46.30375,2.349853515625
46.3104166666667,2.28357315063477
46.3170833333333,2.21824645996094
46.32375,2.15482711791992
46.3304166666667,2.09236145019531
46.3370833333333,2.03037261962891
46.34375,1.97076797485352
46.3504166666667,1.91354751586914
46.3570833333333,1.85680389404297
46.36375,1.8000602722168
46.3704166666667,1.74427032470703
46.3770833333333,1.69086456298828
46.38375,1.63841247558594
46.3904166666667,1.58596038818359
46.3970833333333,1.53446197509766
46.40375,1.48487091064453
46.4104166666667,1.43766403198242
46.4170833333333,1.39284133911133
46.42375,1.34944915771484
46.4304166666667,1.30748748779297
46.4370833333333,1.2669563293457
46.44375,1.22642517089844
46.4504166666667,1.18684768676758
46.4570833333333,1.14679336547852
46.46375,1.10721588134766
46.4704166666667,1.068115234375
46.4770833333333,1.03044509887695
46.48375,0.994205474853516
46.4904166666667,0.958919525146484
46.4970833333333,0.923633575439453
46.50375,0.889301300048828
46.5104166666667,0.855922698974609
46.5170833333333,0.824928283691406
46.52375,0.795841217041016
46.5304166666667,0.768661499023438
46.5370833333333,0.743865966796875
46.54375,0.720024108886719
46.5504166666667,0.695705413818359
46.5570833333333,0.670909881591797
46.56375,0.644683837890625
46.5704166666667,0.618457794189453
46.5770833333333,0.593185424804688
46.58375,0.569343566894531
46.5904166666667,0.547409057617188
46.5970833333333,0.525951385498047
46.60375,0.504970550537109
46.6104166666667,0.484466552734375
46.6170833333333,0.464916229248047
46.62375,0.445842742919922
46.6304166666667,0.42724609375
46.6370833333333,0.409126281738281
46.64375,0.391960144042969
46.6504166666667,0.374317169189453
46.6570833333333,0.357151031494141
46.66375,0.339031219482422
46.6704166666667,0.321865081787109
46.6770833333333,0.306606292724609
46.68375,0.292778015136719
46.6904166666667,0.278949737548828
46.6970833333333,0.263690948486328
46.70375,0.248908996582031
46.7104166666667,0.234603881835938
46.7170833333333,0.220775604248047
46.72375,0.207424163818359
46.7304166666667,0.195026397705078
46.7370833333333,0.18310546875
46.74375,0.172615051269531
46.7504166666667,0.162601470947266
46.7570833333333,0.152587890625
46.76375,0.141620635986328
46.7704166666667,0.130653381347656
46.7770833333333,0.121116638183594
46.78375,0.111579895019531
46.7904166666667,0.102043151855469
46.7970833333333,0.0920295715332031
46.80375,0.08392333984375
46.8104166666667,0.0782012939453125
46.8170833333333,0.0739097595214844
46.82375,0.0696182250976563
46.8304166666667,0.064849853515625
46.8370833333333,0.0596046447753906
46.84375,0.0543594360351563
46.8504166666667,0.049591064453125
46.8570833333333,0.0438690185546875
46.86375,0.0376701354980469
46.8704166666667,0.0329017639160156
46.8770833333333,0.0290870666503906
46.88375,0.0247955322265625
46.8904166666667,0.0200271606445313
46.8970833333333,0.0157356262207031
46.90375,0.0128746032714844
46.9104166666667,0.0100135803222656
46.9170833333333,0.00715255737304688
46.92375,0.00476837158203125
46.9304166666667,0.00238418579101563
46.9370833333333,0.00095367431640625
46.94375,-0.000476837158203125
46.9504166666667,-0.00143051147460938
46.9570833333333,-0.0019073486328125
46.96375,-0.00286102294921875
46.9704166666667,-0.003814697265625
46.9770833333333,-0.00476837158203125
46.98375,-0.00619888305664063
46.9904166666667,-0.00762939453125
46.9970833333333,-0.00810623168945313
47.00375,-0.00762939453125
47.0104166666667,-0.00667572021484375
47.0170833333333,-0.00667572021484375
47.02375,-0.00667572021484375
47.0304166666667,-0.00619888305664063
47.0370833333333,-0.00524520874023438
47.04375,-0.00429153442382813
47.0504166666667,-0.00333786010742188
47.0570833333333,-0.00238418579101563
47.06375,-0.00143051147460938
47.0704166666667,-0.000476837158203125
47.0770833333333,0
47.08375,0.00095367431640625
47.0904166666667,0.00143051147460938
47.0970833333333,0.00286102294921875
47.10375,0.00476837158203125
47.1104166666667,0.00667572021484375
47.1170833333333,0.00810623168945313
47.12375,0.00905990600585938
47.1304166666667,0.0100135803222656
47.1370833333333,0.0119209289550781
47.14375,0.0147819519042969
47.1504166666667,0.0166893005371094
47.1570833333333,0.019073486328125
47.16375,0.0209808349609375
47.1704166666667,0.0219345092773438
47.1770833333333,0.0219345092773438
47.18375,0.0209808349609375
47.1904166666667,0.0195503234863281
47.1970833333333,0.0195503234863281
47.20375,0.0205039978027344
47.2104166666667,0.0233650207519531
47.2170833333333,0.0257492065429688
47.22375,0.0281333923339844
47.2304166666667,0.0300407409667969
47.2370833333333,0.0319480895996094
47.24375,0.0333786010742188
47.2504166666667,0.0338554382324219
47.2570833333333,0.034332275390625
47.26375,0.0357627868652344
47.2704166666667,0.0376701354980469
47.2770833333333,0.0386238098144531
47.28375,0.0391006469726563
47.2904166666667,0.0400543212890625
47.2970833333333,0.0414848327636719
47.30375,0.0429153442382813
47.3104166666667,0.0438690185546875
47.3170833333333,0.0448226928710938
47.32375,0.0457763671875
47.3304166666667,0.0452995300292969
47.3370833333333,0.0443458557128906
47.34375,0.0438690185546875
47.3504166666667,0.0443458557128906
47.3570833333333,0.0448226928710938
47.36375,0.0448226928710938
47.3704166666667,0.0443458557128906
47.3770833333333,0.0443458557128906
47.38375,0.0448226928710938
47.3904166666667,0.0448226928710938
47.3970833333333,0.0448226928710938
47.40375,0.0467300415039063
47.4104166666667,0.0491142272949219
47.4170833333333,0.0519752502441406
47.42375,0.0538825988769531
47.4304166666667,0.0557899475097656
47.4370833333333,0.0581741333007813
47.44375,0.0596046447753906
47.4504166666667,0.0605583190917969
47.4570833333333,0.0615119934082031
47.46375,0.0624656677246094
47.4704166666667,0.0619888305664063
47.4770833333333,0.06103515625
47.48375,0.0596046447753906
47.4904166666667,0.0591278076171875
47.4970833333333,0.0586509704589844
47.50375,0.0586509704589844
47.5104166666667,0.0591278076171875
47.5170833333333,0.0600814819335938
47.52375,0.0600814819335938
47.5304166666667,0.0605583190917969
47.5370833333333,0.06103515625
47.54375,0.0619888305664063
47.5504166666667,0.0629425048828125
47.5570833333333,0.064849853515625
47.56375,0.0667572021484375
47.5704166666667,0.0681877136230469
47.5770833333333,0.06866455078125
47.58375,0.0672340393066406
47.5904166666667,0.0653266906738281
47.5970833333333,0.0638961791992188
47.60375,0.0619888305664063
47.6104166666667,0.06103515625
47.6170833333333,0.0605583190917969
47.62375,0.06103515625
47.6304166666667,0.0624656677246094
47.6370833333333,0.0634193420410156
47.64375,0.0643730163574219
47.6504166666667,0.0653266906738281
47.6570833333333,0.0658035278320313
47.66375,0.0653266906738281
47.6704166666667,0.0653266906738281
47.6770833333333,0.064849853515625
47.68375,0.0643730163574219
47.6904166666667,0.0638961791992188
47.6970833333333,0.0638961791992188
47.70375,0.064849853515625
47.7104166666667,0.064849853515625
47.7170833333333,0.0643730163574219
47.72375,0.0634193420410156
47.7304166666667,0.0634193420410156
47.7370833333333,0.0629425048828125
47.74375,0.0624656677246094
47.7504166666667,0.0629425048828125
47.7570833333333,0.0638961791992188
47.76375,0.0653266906738281
47.7704166666667,0.0653266906738281
47.7770833333333,0.0643730163574219
47.78375,0.0638961791992188
47.7904166666667,0.0634193420410156
47.7970833333333,0.0634193420410156
47.80375,0.0634193420410156
47.8104166666667,0.0643730163574219
47.8170833333333,0.0658035278320313
47.82375,0.0667572021484375
47.8304166666667,0.0672340393066406
47.8370833333333,0.0677108764648438
47.84375,0.0681877136230469
47.8504166666667,0.0681877136230469
47.8570833333333,0.0681877136230469
47.86375,0.06866455078125
47.8704166666667,0.0691413879394531
47.8770833333333,0.0691413879394531
47.88375,0.06866455078125
47.8904166666667,0.06866455078125
47.8970833333333,0.0691413879394531
47.90375,0.0696182250976563
47.9104166666667,0.0700950622558594
47.9170833333333,0.0700950622558594
47.92375,0.0705718994140625
47.9304166666667,0.0710487365722656
47.9370833333333,0.0715255737304688
47.94375,0.0705718994140625
47.9504166666667,0.0700950622558594
47.9570833333333,0.0696182250976563
47.96375,0.0691413879394531
47.9704166666667,0.0681877136230469
47.9770833333333,0.0677108764648438
47.98375,0.0677108764648438
47.9904166666667,0.06866455078125
47.9970833333333,0.0696182250976563
48.00375,0.0710487365722656
48.0104166666667,0.0720024108886719
48.0170833333333,0.0720024108886719
48.02375,0.0720024108886719
48.0304166666667,0.0720024108886719
48.0370833333333,0.0715255737304688
48.04375,0.0710487365722656
48.0504166666667,0.0700950622558594
48.0570833333333,0.0696182250976563
48.06375,0.0696182250976563
48.0704166666667,0.0691413879394531
48.0770833333333,0.06866455078125
48.08375,0.0672340393066406
48.0904166666667,0.0662803649902344
48.0970833333333,0.0653266906738281
48.10375,0.0638961791992188
48.1104166666667,0.0629425048828125
48.1170833333333,0.0619888305664063
48.12375,0.0624656677246094
48.1304166666667,0.0634193420410156
48.1370833333333,0.0643730163574219
48.14375,0.0662803649902344
48.1504166666667,0.06866455078125
48.1570833333333,0.0700950622558594
48.16375,0.0710487365722656
48.1704166666667,0.0720024108886719
48.1770833333333,0.0729560852050781
48.18375,0.0739097595214844
48.1904166666667,0.0743865966796875
48.1970833333333,0.0753402709960938
48.20375,0.0767707824707031
48.2104166666667,0.0772476196289063
48.2170833333333,0.0772476196289063
48.22375,0.0762939453125
48.2304166666667,0.0753402709960938
48.2370833333333,0.0743865966796875
48.24375,0.0743865966796875
48.2504166666667,0.0758171081542969
48.2570833333333,0.0777244567871094
48.26375,0.0791549682617188
48.2704166666667,0.0810623168945313
48.2770833333333,0.0824928283691406
48.28375,0.0824928283691406
48.2904166666667,0.0815391540527344
48.2970833333333,0.0805854797363281
48.30375,0.0810623168945313
48.3104166666667,0.0810623168945313
48.3170833333333,0.0810623168945313
48.32375,0.0815391540527344
48.3304166666667,0.0824928283691406
48.3370833333333,0.0834465026855469
48.34375,0.0834465026855469
48.3504166666667,0.0834465026855469
48.3570833333333,0.0834465026855469
48.36375,0.0834465026855469
48.3704166666667,0.0820159912109375
48.3770833333333,0.0805854797363281
48.38375,0.080108642578125
48.3904166666667,0.0796318054199219
48.3970833333333,0.0786781311035156
48.40375,0.0791549682617188
48.4104166666667,0.0796318054199219
48.4170833333333,0.080108642578125
48.42375,0.0796318054199219
48.4304166666667,0.0796318054199219
48.4370833333333,0.0796318054199219
48.44375,0.0796318054199219
48.4504166666667,0.080108642578125
48.4570833333333,0.0810623168945313
48.46375,0.0810623168945313
48.4704166666667,0.0805854797363281
48.4770833333333,0.0796318054199219
48.48375,0.0796318054199219
48.4904166666667,0.0796318054199219
48.4970833333333,0.080108642578125
48.50375,0.0805854797363281
48.5104166666667,0.0820159912109375
48.5170833333333,0.08392333984375
48.52375,0.0844001770019531
48.5304166666667,0.0829696655273438
48.5370833333333,0.0815391540527344
48.54375,0.0810623168945313
48.5504166666667,0.0815391540527344
48.5570833333333,0.0824928283691406
48.56375,0.0834465026855469
48.5704166666667,0.0853538513183594
48.5770833333333,0.087738037109375
48.58375,0.0891685485839844
48.5904166666667,0.0891685485839844
48.5970833333333,0.0891685485839844
48.60375,0.0891685485839844
48.6104166666667,0.0891685485839844
48.6170833333333,0.0896453857421875
48.62375,0.0901222229003906
48.6304166666667,0.0905990600585938
48.6370833333333,0.0905990600585938
48.64375,0.0901222229003906
48.6504166666667,0.0886917114257813
48.6570833333333,0.087738037109375
48.66375,0.0863075256347656
48.6704166666667,0.0853538513183594
48.6770833333333,0.0848770141601563
48.68375,0.0848770141601563
48.6904166666667,0.0858306884765625
48.6970833333333,0.0867843627929688
48.70375,0.087738037109375
48.7104166666667,0.0891685485839844
48.7170833333333,0.0896453857421875
48.72375,0.0901222229003906
48.7304166666667,0.0901222229003906
48.7370833333333,0.0901222229003906
48.74375,0.0901222229003906
48.7504166666667,0.0896453857421875
48.7570833333333,0.0891685485839844
48.76375,0.0886917114257813
48.7704166666667,0.0886917114257813
48.7770833333333,0.0882148742675781
48.78375,0.0882148742675781
48.7904166666667,0.0886917114257813
48.7970833333333,0.0886917114257813
48.80375,0.0891685485839844
48.8104166666667,0.0891685485839844
48.8170833333333,0.0896453857421875
48.82375,0.0901222229003906
48.8304166666667,0.0901222229003906
48.8370833333333,0.0905990600585938
48.84375,0.091552734375
48.8504166666667,0.0929832458496094
48.8570833333333,0.0939369201660156
48.86375,0.0944137573242188
48.8704166666667,0.0948905944824219
48.8770833333333,0.0963211059570313
48.88375,0.0967979431152344
48.8904166666667,0.0967979431152344
48.8970833333333,0.0963211059570313
48.90375,0.0958442687988281
48.9104166666667,0.095367431640625
48.9170833333333,0.0939369201660156
48.92375,0.0929832458496094
48.9304166666667,0.0929832458496094
48.9370833333333,0.0934600830078125
48.94375,0.0934600830078125
48.9504166666667,0.0934600830078125
48.9570833333333,0.0944137573242188
48.96375,0.095367431640625
48.9704166666667,0.095367431640625
48.9770833333333,0.0944137573242188
48.98375,0.0934600830078125
48.9904166666667,0.0939369201660156
48.9970833333333,0.0939369201660156
49.00375,0.0944137573242188
49.0104166666667,0.095367431640625
49.0170833333333,0.0972747802734375
49.02375,0.0982284545898438
49.0304166666667,0.0987052917480469
49.0370833333333,0.0982284545898438
49.04375,0.0972747802734375
49.0504166666667,0.0963211059570313
49.0570833333333,0.095367431640625
49.06375,0.0948905944824219
49.0704166666667,0.0944137573242188
49.0770833333333,0.0939369201660156
49.08375,0.0929832458496094
49.0904166666667,0.0929832458496094
49.0970833333333,0.0939369201660156
49.10375,0.095367431640625
49.1104166666667,0.0972747802734375
49.1170833333333,0.0987052917480469
49.12375,0.100612640380859
49.1304166666667,0.101566314697266
49.1370833333333,0.101566314697266
49.14375,0.101089477539063
49.1504166666667,0.0996589660644531
49.1570833333333,0.0987052917480469
49.16375,0.0977516174316406
49.1704166666667,0.0967979431152344
49.1770833333333,0.0967979431152344
49.18375,0.0967979431152344
49.1904166666667,0.0972747802734375
49.1970833333333,0.0982284545898438
49.20375,0.0996589660644531
49.2104166666667,0.100612640380859
49.2170833333333,0.101089477539063
49.22375,0.101089477539063
49.2304166666667,0.101089477539063
49.2370833333333,0.101089477539063
49.24375,0.101089477539063
49.2504166666667,0.100612640380859
49.2570833333333,0.100612640380859
49.26375,0.101089477539063
49.2704166666667,0.101566314697266
49.2770833333333,0.102043151855469
49.28375,0.102519989013672
49.2904166666667,0.102519989013672
49.2970833333333,0.102043151855469
49.30375,0.102043151855469
49.3104166666667,0.102043151855469
49.3170833333333,0.101566314697266
49.32375,0.101566314697266
49.3304166666667,0.101566314697266
49.3370833333333,0.102519989013672
49.34375,0.103473663330078
49.3504166666667,0.103473663330078
49.3570833333333,0.102996826171875
49.36375,0.102043151855469
49.3704166666667,0.101089477539063
49.3770833333333,0.0996589660644531
49.38375,0.0982284545898438
49.3904166666667,0.0972747802734375
49.3970833333333,0.0972747802734375
49.40375,0.0982284545898438
49.4104166666667,0.0996589660644531
49.4170833333333,0.101089477539063
49.42375,0.102519989013672
49.4304166666667,0.103950500488281
49.4370833333333,0.104904174804688
49.44375,0.104904174804688
49.4504166666667,0.105381011962891
49.4570833333333,0.105857849121094
49.46375,0.1068115234375
49.4704166666667,0.107765197753906
49.4770833333333,0.108718872070313
49.48375,0.109672546386719
49.4904166666667,0.109672546386719
49.4970833333333,0.109195709228516
49.50375,0.107765197753906
49.5104166666667,0.106334686279297
49.5170833333333,0.104427337646484
49.52375,0.102519989013672
49.5304166666667,0.101566314697266
49.5370833333333,0.102043151855469
49.54375,0.102519989013672
49.5504166666667,0.102996826171875
49.5570833333333,0.103950500488281
49.56375,0.105857849121094
49.5704166666667,0.107765197753906
49.5770833333333,0.109672546386719
49.58375,0.110626220703125
49.5904166666667,0.111103057861328
49.5970833333333,0.111103057861328
49.60375,0.110626220703125
49.6104166666667,0.109195709228516
49.6170833333333,0.108242034912109
49.62375,0.108242034912109
49.6304166666667,0.108718872070313
49.6370833333333,0.109195709228516
49.64375,0.109195709228516
49.6504166666667,0.109672546386719
49.6570833333333,0.110149383544922
49.66375,0.109672546386719
49.6704166666667,0.109672546386719
49.6770833333333,0.109672546386719
49.68375,0.110149383544922
49.6904166666667,0.110626220703125
49.6970833333333,0.110149383544922
49.70375,0.110149383544922
49.7104166666667,0.111103057861328
49.7170833333333,0.111579895019531
49.72375,0.111103057861328
49.7304166666667,0.110626220703125
49.7370833333333,0.110149383544922
49.74375,0.108718872070313
49.7504166666667,0.105857849121094
49.7570833333333,0.102996826171875
49.76375,0.101089477539063
49.7704166666667,0.100612640380859
49.7770833333333,0.100612640380859
49.78375,0.100612640380859
49.7904166666667,0.101566314697266
49.7970833333333,0.102996826171875
49.80375,0.103950500488281
49.8104166666667,0.103473663330078
49.8170833333333,0.102519989013672
49.82375,0.101089477539063
49.8304166666667,0.100612640380859
49.8370833333333,0.100612640380859
49.84375,0.100612640380859
49.8504166666667,0.101566314697266
49.8570833333333,0.102996826171875
49.86375,0.104427337646484
49.8704166666667,0.104904174804688
49.8770833333333,0.104427337646484
49.88375,0.104427337646484
49.8904166666667,0.104904174804688
49.8970833333333,0.104904174804688
49.90375,0.104427337646484
49.9104166666667,0.103473663330078
49.9170833333333,0.102996826171875
49.92375,0.102519989013672
49.9304166666667,0.102043151855469
49.9370833333333,0.101089477539063
49.94375,0.100612640380859
49.9504166666667,0.100135803222656
49.9570833333333,0.100135803222656
49.96375,0.09918212890625
49.9704166666667,0.09918212890625
49.9770833333333,0.09918212890625
49.98375,0.100135803222656
49.9904166666667,0.100612640380859
49.9970833333333,0.100612640380859
